Type,Hash,Occurrences,Sources,Categories,FilePaths
EXACT_MD5,336f2740cc7c60ac7544ad47e34dc602,2,TrashNet_Raw; TrashNet_Processed_Train,TrashNet_Processed_Train::cardboard; TrashNet_Raw::cardboard,data\raw\TrashNet\cardboard\cardboard1.jpg; data\processed\train\cardboard\cardboard1.jpg
EXACT_MD5,b37669c0dcf8eb3939bb35c7be9796fb,2,TrashNet_Raw; TrashNet_Processed_Train,TrashNet_Processed_Train::cardboard; TrashNet_Raw::cardboard,data\raw\TrashNet\cardboard\cardboard10.jpg; data\processed\train\cardboard\cardboard10.jpg
EXACT_MD5,fb79c3308ad68dbac1cf23c244fc0fa5,2,TrashNet_Raw; TrashNet_Processed_Train,TrashNet_Processed_Train::cardboard; TrashNet_Raw::cardboard,data\raw\TrashNet\cardboard\cardboard100.jpg; data\processed\train\cardboard\cardboard100.jpg
EXACT_MD5,733b19b0875874a4804dc2b3bf7a2c08,2,TrashNet_Raw; TrashNet_Processed_Test,TrashNet_Processed_Test::cardboard; TrashNet_Raw::cardboard,data\raw\TrashNet\cardboard\cardboard101.jpg; data\processed\test\cardboard\cardboard101.jpg
EXACT_MD5,eded15aa90832e6144fccb292448ef43,2,TrashNet_Raw; TrashNet_Processed_Train,TrashNet_Processed_Train::cardboard; TrashNet_Raw::cardboard,data\raw\TrashNet\cardboard\cardboard102.jpg; data\processed\train\cardboard\cardboard102.jpg
EXACT_MD5,dfb4acb4d8704428533a949006c39bfb,2,TrashNet_Raw; TrashNet_Processed_Train,TrashNet_Processed_Train::cardboard; TrashNet_Raw::cardboard,data\raw\TrashNet\cardboard\cardboard103.jpg; data\processed\train\cardboard\cardboard103.jpg
EXACT_MD5,045736ee2468f576d3cd9e6d2adbae12,2,TrashNet_Raw; TrashNet_Processed_Train,TrashNet_Processed_Train::cardboard; TrashNet_Raw::cardboard,data\raw\TrashNet\cardboard\cardboard104.jpg; data\processed\train\cardboard\cardboard104.jpg
EXACT_MD5,7b8f7a2073f2ac3119a8c425e438d154,2,TrashNet_Raw; TrashNet_Processed_Train,TrashNet_Processed_Train::cardboard; TrashNet_Raw::cardboard,data\raw\TrashNet\cardboard\cardboard105.jpg; data\processed\train\cardboard\cardboard105.jpg
EXACT_MD5,8d63158d36b866e3608bb62649aec481,2,TrashNet_Raw; TrashNet_Processed_Train,TrashNet_Processed_Train::cardboard; TrashNet_Raw::cardboard,data\raw\TrashNet\cardboard\cardboard106.jpg; data\processed\train\cardboard\cardboard106.jpg
EXACT_MD5,b2331c877123128a6a2d10be25e8d6a8,2,TrashNet_Raw; TrashNet_Processed_Train,TrashNet_Processed_Train::cardboard; TrashNet_Raw::cardboard,data\raw\TrashNet\cardboard\cardboard107.jpg; data\processed\train\cardboard\cardboard107.jpg
EXACT_MD5,32739f4b7256d946cda2c888b1bccca0,2,TrashNet_Raw; TrashNet_Processed_Train,TrashNet_Processed_Train::cardboard; TrashNet_Raw::cardboard,data\raw\TrashNet\cardboard\cardboard108.jpg; data\processed\train\cardboard\cardboard108.jpg
EXACT_MD5,e7265425eabb80d32ee5e8cb25f45f55,2,TrashNet_Raw; TrashNet_Processed_Train,TrashNet_Processed_Train::cardboard; TrashNet_Raw::cardboard,data\raw\TrashNet\cardboard\cardboard109.jpg; data\processed\train\cardboard\cardboard109.jpg
EXACT_MD5,bc616bf94126b0a9927fe7886fd80c9d,2,TrashNet_Raw; TrashNet_Processed_Test,TrashNet_Processed_Test::cardboard; TrashNet_Raw::cardboard,data\raw\TrashNet\cardboard\cardboard11.jpg; data\processed\test\cardboard\cardboard11.jpg
EXACT_MD5,7802540d45cd30118297df1b2ea6d86a,2,TrashNet_Raw; TrashNet_Processed_Test,TrashNet_Processed_Test::cardboard; TrashNet_Raw::cardboard,data\raw\TrashNet\cardboard\cardboard110.jpg; data\processed\test\cardboard\cardboard110.jpg
EXACT_MD5,bb1ecef1698de6c393b53b14966c5317,2,TrashNet_Raw; TrashNet_Processed_Train,TrashNet_Processed_Train::cardboard; TrashNet_Raw::cardboard,data\raw\TrashNet\cardboard\cardboard111.jpg; data\processed\train\cardboard\cardboard111.jpg
EXACT_MD5,968d117073132a43c6594436f3349eef,2,TrashNet_Raw; TrashNet_Processed_Test,TrashNet_Processed_Test::cardboard; TrashNet_Raw::cardboard,data\raw\TrashNet\cardboard\cardboard112.jpg; data\processed\test\cardboard\cardboard112.jpg
EXACT_MD5,c6d9d74a2cec233470e6087a3048f6bb,2,TrashNet_Raw; TrashNet_Processed_Test,TrashNet_Processed_Test::cardboard; TrashNet_Raw::cardboard,data\raw\TrashNet\cardboard\cardboard113.jpg; data\processed\test\cardboard\cardboard113.jpg
EXACT_MD5,e179bedd7f0c3b4dfb0af3b39661f5e5,2,TrashNet_Raw; TrashNet_Processed_Train,TrashNet_Processed_Train::cardboard; TrashNet_Raw::cardboard,data\raw\TrashNet\cardboard\cardboard114.jpg; data\processed\train\cardboard\cardboard114.jpg
EXACT_MD5,49f5474198b7d160f000228cbcea6f73,2,TrashNet_Raw; TrashNet_Processed_Train,TrashNet_Processed_Train::cardboard; TrashNet_Raw::cardboard,data\raw\TrashNet\cardboard\cardboard115.jpg; data\processed\train\cardboard\cardboard115.jpg
EXACT_MD5,bfd40e4ddfe59baba7fb8cc37af2e3fb,2,TrashNet_Raw; TrashNet_Processed_Train,TrashNet_Processed_Train::cardboard; TrashNet_Raw::cardboard,data\raw\TrashNet\cardboard\cardboard116.jpg; data\processed\train\cardboard\cardboard116.jpg
EXACT_MD5,a21cbbeb7ac2f2850b5fca303fc4faba,2,TrashNet_Raw; TrashNet_Processed_Train,TrashNet_Processed_Train::cardboard; TrashNet_Raw::cardboard,data\raw\TrashNet\cardboard\cardboard117.jpg; data\processed\train\cardboard\cardboard117.jpg
EXACT_MD5,87dc7cef2da3a1e26d997fe6aa32eda4,2,TrashNet_Raw; TrashNet_Processed_Train,TrashNet_Processed_Train::cardboard; TrashNet_Raw::cardboard,data\raw\TrashNet\cardboard\cardboard118.jpg; data\processed\train\cardboard\cardboard118.jpg
EXACT_MD5,a17c1939a427dfd5e4b6135049901bdc,2,TrashNet_Raw; TrashNet_Processed_Test,TrashNet_Processed_Test::cardboard; TrashNet_Raw::cardboard,data\raw\TrashNet\cardboard\cardboard119.jpg; data\processed\test\cardboard\cardboard119.jpg
EXACT_MD5,3756fa391aa9a5ce1098311271a78af4,2,TrashNet_Raw; TrashNet_Processed_Val,TrashNet_Raw::cardboard; TrashNet_Processed_Val::cardboard,data\raw\TrashNet\cardboard\cardboard12.jpg; data\processed\val\cardboard\cardboard12.jpg
EXACT_MD5,72327614ff6d4519e809168327e1303b,2,TrashNet_Raw; TrashNet_Processed_Train,TrashNet_Processed_Train::cardboard; TrashNet_Raw::cardboard,data\raw\TrashNet\cardboard\cardboard120.jpg; data\processed\train\cardboard\cardboard120.jpg
EXACT_MD5,965f1b3e57efa63c3b3391607e486c22,2,TrashNet_Raw; TrashNet_Processed_Train,TrashNet_Processed_Train::cardboard; TrashNet_Raw::cardboard,data\raw\TrashNet\cardboard\cardboard121.jpg; data\processed\train\cardboard\cardboard121.jpg
EXACT_MD5,746a8369b47a99cd11804ecf3e7bb1f5,2,TrashNet_Raw; TrashNet_Processed_Train,TrashNet_Processed_Train::cardboard; TrashNet_Raw::cardboard,data\raw\TrashNet\cardboard\cardboard122.jpg; data\processed\train\cardboard\cardboard122.jpg
EXACT_MD5,3de4f9431213f8ce3331c7501ecd28ed,2,TrashNet_Raw; TrashNet_Processed_Train,TrashNet_Processed_Train::cardboard; TrashNet_Raw::cardboard,data\raw\TrashNet\cardboard\cardboard123.jpg; data\processed\train\cardboard\cardboard123.jpg
EXACT_MD5,ef1a1faf6bf6245b9e75820b02c563c2,2,TrashNet_Raw; TrashNet_Processed_Val,TrashNet_Raw::cardboard; TrashNet_Processed_Val::cardboard,data\raw\TrashNet\cardboard\cardboard124.jpg; data\processed\val\cardboard\cardboard124.jpg
EXACT_MD5,bdfce5d86d6db4276e8972c90aed4b6f,2,TrashNet_Raw; TrashNet_Processed_Train,TrashNet_Processed_Train::cardboard; TrashNet_Raw::cardboard,data\raw\TrashNet\cardboard\cardboard125.jpg; data\processed\train\cardboard\cardboard125.jpg
EXACT_MD5,b56028d60aed63bc63bf451e09397f7b,2,TrashNet_Raw; TrashNet_Processed_Train,TrashNet_Processed_Train::cardboard; TrashNet_Raw::cardboard,data\raw\TrashNet\cardboard\cardboard126.jpg; data\processed\train\cardboard\cardboard126.jpg
EXACT_MD5,013c42001302df1c084ed2f72de8296d,2,TrashNet_Raw; TrashNet_Processed_Train,TrashNet_Processed_Train::cardboard; TrashNet_Raw::cardboard,data\raw\TrashNet\cardboard\cardboard127.jpg; data\processed\train\cardboard\cardboard127.jpg
EXACT_MD5,21831528328687e8dda2fc8614f8a364,2,TrashNet_Raw; TrashNet_Processed_Train,TrashNet_Processed_Train::cardboard; TrashNet_Raw::cardboard,data\raw\TrashNet\cardboard\cardboard128.jpg; data\processed\train\cardboard\cardboard128.jpg
EXACT_MD5,55d5b171d0f6c6fb8d82c9b2316a9e3c,2,TrashNet_Raw; TrashNet_Processed_Val,TrashNet_Raw::cardboard; TrashNet_Processed_Val::cardboard,data\raw\TrashNet\cardboard\cardboard129.jpg; data\processed\val\cardboard\cardboard129.jpg
EXACT_MD5,cf2c8f60f3825a353b08bde0384838a8,2,TrashNet_Raw; TrashNet_Processed_Train,TrashNet_Processed_Train::cardboard; TrashNet_Raw::cardboard,data\raw\TrashNet\cardboard\cardboard13.jpg; data\processed\train\cardboard\cardboard13.jpg
EXACT_MD5,a5e8b1f88b3e6da5779f79ab30f5f60b,2,TrashNet_Raw; TrashNet_Processed_Val,TrashNet_Raw::cardboard; TrashNet_Processed_Val::cardboard,data\raw\TrashNet\cardboard\cardboard130.jpg; data\processed\val\cardboard\cardboard130.jpg
EXACT_MD5,e1ee471eb859a2d87baace43fc039f03,2,TrashNet_Raw; TrashNet_Processed_Val,TrashNet_Raw::cardboard; TrashNet_Processed_Val::cardboard,data\raw\TrashNet\cardboard\cardboard131.jpg; data\processed\val\cardboard\cardboard131.jpg
EXACT_MD5,6f05f791e5b2e0d50649abbdb23589a0,2,TrashNet_Raw; TrashNet_Processed_Train,TrashNet_Processed_Train::cardboard; TrashNet_Raw::cardboard,data\raw\TrashNet\cardboard\cardboard132.jpg; data\processed\train\cardboard\cardboard132.jpg
EXACT_MD5,32bd33728067d6773f323f90a44edd59,2,TrashNet_Raw; TrashNet_Processed_Train,TrashNet_Processed_Train::cardboard; TrashNet_Raw::cardboard,data\raw\TrashNet\cardboard\cardboard133.jpg; data\processed\train\cardboard\cardboard133.jpg
EXACT_MD5,640564019832271bba671944db81abe1,2,TrashNet_Raw; TrashNet_Processed_Train,TrashNet_Processed_Train::cardboard; TrashNet_Raw::cardboard,data\raw\TrashNet\cardboard\cardboard134.jpg; data\processed\train\cardboard\cardboard134.jpg
EXACT_MD5,a1cee458870a04ff2f3857421171ed53,2,TrashNet_Raw; TrashNet_Processed_Test,TrashNet_Processed_Test::cardboard; TrashNet_Raw::cardboard,data\raw\TrashNet\cardboard\cardboard135.jpg; data\processed\test\cardboard\cardboard135.jpg
EXACT_MD5,9dbf825bb9e5e4cbfe4e8ce273880034,2,TrashNet_Raw; TrashNet_Processed_Train,TrashNet_Processed_Train::cardboard; TrashNet_Raw::cardboard,data\raw\TrashNet\cardboard\cardboard136.jpg; data\processed\train\cardboard\cardboard136.jpg
EXACT_MD5,bb77d7338421d1c12703b543d7486a42,2,TrashNet_Raw; TrashNet_Processed_Train,TrashNet_Processed_Train::cardboard; TrashNet_Raw::cardboard,data\raw\TrashNet\cardboard\cardboard137.jpg; data\processed\train\cardboard\cardboard137.jpg
EXACT_MD5,f3baab0ff46b77a15368e934f4bc2762,2,TrashNet_Raw; TrashNet_Processed_Train,TrashNet_Processed_Train::cardboard; TrashNet_Raw::cardboard,data\raw\TrashNet\cardboard\cardboard138.jpg; data\processed\train\cardboard\cardboard138.jpg
EXACT_MD5,acfdc54c86f91f08d872b6b499ec1335,2,TrashNet_Raw; TrashNet_Processed_Test,TrashNet_Processed_Test::cardboard; TrashNet_Raw::cardboard,data\raw\TrashNet\cardboard\cardboard139.jpg; data\processed\test\cardboard\cardboard139.jpg
EXACT_MD5,28fa17ba88505d0e2631831acbdf0cb1,2,TrashNet_Raw; TrashNet_Processed_Train,TrashNet_Processed_Train::cardboard; TrashNet_Raw::cardboard,data\raw\TrashNet\cardboard\cardboard14.jpg; data\processed\train\cardboard\cardboard14.jpg
EXACT_MD5,0f5f694ff3cb7ddf65a3b05337f3f2f9,2,TrashNet_Raw; TrashNet_Processed_Train,TrashNet_Processed_Train::cardboard; TrashNet_Raw::cardboard,data\raw\TrashNet\cardboard\cardboard140.jpg; data\processed\train\cardboard\cardboard140.jpg
EXACT_MD5,9ce10f64872b528bd6c106b506d45d1a,2,TrashNet_Raw; TrashNet_Processed_Test,TrashNet_Processed_Test::cardboard; TrashNet_Raw::cardboard,data\raw\TrashNet\cardboard\cardboard141.jpg; data\processed\test\cardboard\cardboard141.jpg
EXACT_MD5,dcca1b504628f5f9b3282bf3c180e59d,2,TrashNet_Raw; TrashNet_Processed_Train,TrashNet_Processed_Train::cardboard; TrashNet_Raw::cardboard,data\raw\TrashNet\cardboard\cardboard142.jpg; data\processed\train\cardboard\cardboard142.jpg
EXACT_MD5,3ae5206c1fb7239cb664d925cf4f20c6,2,TrashNet_Raw; TrashNet_Processed_Test,TrashNet_Processed_Test::cardboard; TrashNet_Raw::cardboard,data\raw\TrashNet\cardboard\cardboard143.jpg; data\processed\test\cardboard\cardboard143.jpg
EXACT_MD5,b1fadc889ba04089901396452d50188f,2,TrashNet_Raw; TrashNet_Processed_Train,TrashNet_Processed_Train::cardboard; TrashNet_Raw::cardboard,data\raw\TrashNet\cardboard\cardboard144.jpg; data\processed\train\cardboard\cardboard144.jpg
EXACT_MD5,d10ca8ad1e75a1ce321630b38aac06b0,2,TrashNet_Raw; TrashNet_Processed_Val,TrashNet_Raw::cardboard; TrashNet_Processed_Val::cardboard,data\raw\TrashNet\cardboard\cardboard145.jpg; data\processed\val\cardboard\cardboard145.jpg
EXACT_MD5,de65ce05886c1a117bc4bddc5f8b78fb,2,TrashNet_Raw; TrashNet_Processed_Test,TrashNet_Processed_Test::cardboard; TrashNet_Raw::cardboard,data\raw\TrashNet\cardboard\cardboard146.jpg; data\processed\test\cardboard\cardboard146.jpg
EXACT_MD5,53ae9c9d6f52031a17ceb61f2749153c,2,TrashNet_Raw; TrashNet_Processed_Train,TrashNet_Processed_Train::cardboard; TrashNet_Raw::cardboard,data\raw\TrashNet\cardboard\cardboard147.jpg; data\processed\train\cardboard\cardboard147.jpg
EXACT_MD5,b4168c73ff9c772c78e87830c978367e,2,TrashNet_Raw; TrashNet_Processed_Train,TrashNet_Processed_Train::cardboard; TrashNet_Raw::cardboard,data\raw\TrashNet\cardboard\cardboard148.jpg; data\processed\train\cardboard\cardboard148.jpg
EXACT_MD5,b2586ede60c9c8166a407fe152b3b975,2,TrashNet_Raw; TrashNet_Processed_Train,TrashNet_Processed_Train::cardboard; TrashNet_Raw::cardboard,data\raw\TrashNet\cardboard\cardboard149.jpg; data\processed\train\cardboard\cardboard149.jpg
EXACT_MD5,2c250210eca5e00f1e0ff5ef42581bd9,2,TrashNet_Raw; TrashNet_Processed_Train,TrashNet_Processed_Train::cardboard; TrashNet_Raw::cardboard,data\raw\TrashNet\cardboard\cardboard15.jpg; data\processed\train\cardboard\cardboard15.jpg
EXACT_MD5,cc0d5419264245b8c41a5f2cba5aff09,2,TrashNet_Raw; TrashNet_Processed_Test,TrashNet_Processed_Test::cardboard; TrashNet_Raw::cardboard,data\raw\TrashNet\cardboard\cardboard150.jpg; data\processed\test\cardboard\cardboard150.jpg
EXACT_MD5,720812b3c4f6f18dcbb5b7830ef809db,2,TrashNet_Raw; TrashNet_Processed_Train,TrashNet_Processed_Train::cardboard; TrashNet_Raw::cardboard,data\raw\TrashNet\cardboard\cardboard151.jpg; data\processed\train\cardboard\cardboard151.jpg
EXACT_MD5,73f2d6405a17aed0d286276eaf5e867a,2,TrashNet_Raw; TrashNet_Processed_Train,TrashNet_Processed_Train::cardboard; TrashNet_Raw::cardboard,data\raw\TrashNet\cardboard\cardboard152.jpg; data\processed\train\cardboard\cardboard152.jpg
EXACT_MD5,762136c59ff5d10a4a1705f989f50032,2,TrashNet_Raw; TrashNet_Processed_Train,TrashNet_Processed_Train::cardboard; TrashNet_Raw::cardboard,data\raw\TrashNet\cardboard\cardboard153.jpg; data\processed\train\cardboard\cardboard153.jpg
EXACT_MD5,727478e9ddcafae82dfb0b4c6e44e71e,2,TrashNet_Raw; TrashNet_Processed_Train,TrashNet_Processed_Train::cardboard; TrashNet_Raw::cardboard,data\raw\TrashNet\cardboard\cardboard154.jpg; data\processed\train\cardboard\cardboard154.jpg
EXACT_MD5,22a33f89250a578ea455e0dfeff3b185,2,TrashNet_Raw; TrashNet_Processed_Train,TrashNet_Processed_Train::cardboard; TrashNet_Raw::cardboard,data\raw\TrashNet\cardboard\cardboard155.jpg; data\processed\train\cardboard\cardboard155.jpg
EXACT_MD5,125a6446d2397904e094c7c4a6b385ed,2,TrashNet_Raw; TrashNet_Processed_Test,TrashNet_Processed_Test::cardboard; TrashNet_Raw::cardboard,data\raw\TrashNet\cardboard\cardboard156.jpg; data\processed\test\cardboard\cardboard156.jpg
EXACT_MD5,c18a08cb50c031ef705e4f58233179dd,2,TrashNet_Raw; TrashNet_Processed_Train,TrashNet_Processed_Train::cardboard; TrashNet_Raw::cardboard,data\raw\TrashNet\cardboard\cardboard157.jpg; data\processed\train\cardboard\cardboard157.jpg
EXACT_MD5,5374aaf3a23e140488353eb3dbaac224,2,TrashNet_Raw; TrashNet_Processed_Train,TrashNet_Processed_Train::cardboard; TrashNet_Raw::cardboard,data\raw\TrashNet\cardboard\cardboard158.jpg; data\processed\train\cardboard\cardboard158.jpg
EXACT_MD5,cdda60d10bfc05b12e5d9b5e17fd467e,2,TrashNet_Raw; TrashNet_Processed_Train,TrashNet_Processed_Train::cardboard; TrashNet_Raw::cardboard,data\raw\TrashNet\cardboard\cardboard159.jpg; data\processed\train\cardboard\cardboard159.jpg
EXACT_MD5,045e300bd6f513e45f4227b0fb585dcd,2,TrashNet_Raw; TrashNet_Processed_Train,TrashNet_Processed_Train::cardboard; TrashNet_Raw::cardboard,data\raw\TrashNet\cardboard\cardboard16.jpg; data\processed\train\cardboard\cardboard16.jpg
EXACT_MD5,c4847f3b08ee52320dba7bfc4dfd76f9,2,TrashNet_Raw; TrashNet_Processed_Train,TrashNet_Processed_Train::cardboard; TrashNet_Raw::cardboard,data\raw\TrashNet\cardboard\cardboard160.jpg; data\processed\train\cardboard\cardboard160.jpg
EXACT_MD5,0d0b3800176d40aedd7dc3e8e3b34da4,2,TrashNet_Raw; TrashNet_Processed_Train,TrashNet_Processed_Train::cardboard; TrashNet_Raw::cardboard,data\raw\TrashNet\cardboard\cardboard161.jpg; data\processed\train\cardboard\cardboard161.jpg
EXACT_MD5,a62c0e947860ff2f2f1646ab11030786,2,TrashNet_Raw; TrashNet_Processed_Val,TrashNet_Raw::cardboard; TrashNet_Processed_Val::cardboard,data\raw\TrashNet\cardboard\cardboard162.jpg; data\processed\val\cardboard\cardboard162.jpg
EXACT_MD5,fb240375cf1bc96f15c5104a0251c098,2,TrashNet_Raw; TrashNet_Processed_Test,TrashNet_Processed_Test::cardboard; TrashNet_Raw::cardboard,data\raw\TrashNet\cardboard\cardboard163.jpg; data\processed\test\cardboard\cardboard163.jpg
EXACT_MD5,85559458cfa403d9b3d72250f6ecf7bb,2,TrashNet_Raw; TrashNet_Processed_Train,TrashNet_Processed_Train::cardboard; TrashNet_Raw::cardboard,data\raw\TrashNet\cardboard\cardboard164.jpg; data\processed\train\cardboard\cardboard164.jpg
EXACT_MD5,643614e7ca1709417ed019792a7c46dd,2,TrashNet_Raw; TrashNet_Processed_Val,TrashNet_Raw::cardboard; TrashNet_Processed_Val::cardboard,data\raw\TrashNet\cardboard\cardboard165.jpg; data\processed\val\cardboard\cardboard165.jpg
EXACT_MD5,2c0ae4201567557fbcf05089349d229a,2,TrashNet_Raw; TrashNet_Processed_Train,TrashNet_Processed_Train::cardboard; TrashNet_Raw::cardboard,data\raw\TrashNet\cardboard\cardboard166.jpg; data\processed\train\cardboard\cardboard166.jpg
EXACT_MD5,5905e021deaf84195dac349b7b6676a6,2,TrashNet_Raw; TrashNet_Processed_Train,TrashNet_Processed_Train::cardboard; TrashNet_Raw::cardboard,data\raw\TrashNet\cardboard\cardboard167.jpg; data\processed\train\cardboard\cardboard167.jpg
EXACT_MD5,0cdce76f8711abcd22beb7726104546c,2,TrashNet_Raw; TrashNet_Processed_Train,TrashNet_Processed_Train::cardboard; TrashNet_Raw::cardboard,data\raw\TrashNet\cardboard\cardboard168.jpg; data\processed\train\cardboard\cardboard168.jpg
EXACT_MD5,11d66c7b7c692578e4ed8be3a80aba46,2,TrashNet_Raw; TrashNet_Processed_Train,TrashNet_Processed_Train::cardboard; TrashNet_Raw::cardboard,data\raw\TrashNet\cardboard\cardboard169.jpg; data\processed\train\cardboard\cardboard169.jpg
EXACT_MD5,edcc51ad517bc06239ee01608e3bed69,2,TrashNet_Raw; TrashNet_Processed_Train,TrashNet_Processed_Train::cardboard; TrashNet_Raw::cardboard,data\raw\TrashNet\cardboard\cardboard17.jpg; data\processed\train\cardboard\cardboard17.jpg
EXACT_MD5,da7990ce110da2dd1782d64f36bd504d,2,TrashNet_Raw; TrashNet_Processed_Test,TrashNet_Processed_Test::cardboard; TrashNet_Raw::cardboard,data\raw\TrashNet\cardboard\cardboard170.jpg; data\processed\test\cardboard\cardboard170.jpg
EXACT_MD5,cc53c543b0114c99dddda98480bbe86a,2,TrashNet_Raw; TrashNet_Processed_Train,TrashNet_Processed_Train::cardboard; TrashNet_Raw::cardboard,data\raw\TrashNet\cardboard\cardboard171.jpg; data\processed\train\cardboard\cardboard171.jpg
EXACT_MD5,dddb7383377f665d6e7ec4e87bd01750,2,TrashNet_Raw; TrashNet_Processed_Test,TrashNet_Processed_Test::cardboard; TrashNet_Raw::cardboard,data\raw\TrashNet\cardboard\cardboard172.jpg; data\processed\test\cardboard\cardboard172.jpg
EXACT_MD5,70a03dd57644e52d639a32ff0bdb8638,2,TrashNet_Raw; TrashNet_Processed_Train,TrashNet_Processed_Train::cardboard; TrashNet_Raw::cardboard,data\raw\TrashNet\cardboard\cardboard173.jpg; data\processed\train\cardboard\cardboard173.jpg
EXACT_MD5,4d3ac011e5a6db97069bd62c103e0c3c,2,TrashNet_Raw; TrashNet_Processed_Val,TrashNet_Raw::cardboard; TrashNet_Processed_Val::cardboard,data\raw\TrashNet\cardboard\cardboard174.jpg; data\processed\val\cardboard\cardboard174.jpg
EXACT_MD5,0c9b3a1fb6438d2ea60837504d76eee4,2,TrashNet_Raw; TrashNet_Processed_Train,TrashNet_Processed_Train::cardboard; TrashNet_Raw::cardboard,data\raw\TrashNet\cardboard\cardboard175.jpg; data\processed\train\cardboard\cardboard175.jpg
EXACT_MD5,7966237928fe49b15440ea9faec5d67e,2,TrashNet_Raw; TrashNet_Processed_Train,TrashNet_Processed_Train::cardboard; TrashNet_Raw::cardboard,data\raw\TrashNet\cardboard\cardboard176.jpg; data\processed\train\cardboard\cardboard176.jpg
EXACT_MD5,3f380622ee901aa6dbf9d490332d2646,2,TrashNet_Raw; TrashNet_Processed_Train,TrashNet_Processed_Train::cardboard; TrashNet_Raw::cardboard,data\raw\TrashNet\cardboard\cardboard177.jpg; data\processed\train\cardboard\cardboard177.jpg
EXACT_MD5,c8ef4e94000054c8eb01db0f83edcf7a,2,TrashNet_Raw; TrashNet_Processed_Val,TrashNet_Raw::cardboard; TrashNet_Processed_Val::cardboard,data\raw\TrashNet\cardboard\cardboard178.jpg; data\processed\val\cardboard\cardboard178.jpg
EXACT_MD5,8d521be05b4511c629e3efdae58a5218,2,TrashNet_Raw; TrashNet_Processed_Train,TrashNet_Processed_Train::cardboard; TrashNet_Raw::cardboard,data\raw\TrashNet\cardboard\cardboard179.jpg; data\processed\train\cardboard\cardboard179.jpg
EXACT_MD5,51bc53c2106749900c95eef6094e1d88,2,TrashNet_Raw; TrashNet_Processed_Train,TrashNet_Processed_Train::cardboard; TrashNet_Raw::cardboard,data\raw\TrashNet\cardboard\cardboard18.jpg; data\processed\train\cardboard\cardboard18.jpg
EXACT_MD5,12feca6cef41a25682240aa5a8db2db8,2,TrashNet_Raw; TrashNet_Processed_Train,TrashNet_Processed_Train::cardboard; TrashNet_Raw::cardboard,data\raw\TrashNet\cardboard\cardboard180.jpg; data\processed\train\cardboard\cardboard180.jpg
EXACT_MD5,d87e0b621fb85851edd32ab92297fde0,2,TrashNet_Raw; TrashNet_Processed_Train,TrashNet_Processed_Train::cardboard; TrashNet_Raw::cardboard,data\raw\TrashNet\cardboard\cardboard181.jpg; data\processed\train\cardboard\cardboard181.jpg
EXACT_MD5,496bbeab0b613f539e8da29d2f55406c,2,TrashNet_Raw; TrashNet_Processed_Train,TrashNet_Processed_Train::cardboard; TrashNet_Raw::cardboard,data\raw\TrashNet\cardboard\cardboard182.jpg; data\processed\train\cardboard\cardboard182.jpg
EXACT_MD5,8a198cb2dff049fdc76a153452f11f78,2,TrashNet_Raw; TrashNet_Processed_Train,TrashNet_Processed_Train::cardboard; TrashNet_Raw::cardboard,data\raw\TrashNet\cardboard\cardboard183.jpg; data\processed\train\cardboard\cardboard183.jpg
EXACT_MD5,f7139373a759eb3278bc949973b9624e,2,TrashNet_Raw; TrashNet_Processed_Train,TrashNet_Processed_Train::cardboard; TrashNet_Raw::cardboard,data\raw\TrashNet\cardboard\cardboard184.jpg; data\processed\train\cardboard\cardboard184.jpg
EXACT_MD5,c6f7ab177ac5e6c2f31aa74116347094,2,TrashNet_Raw; TrashNet_Processed_Train,TrashNet_Processed_Train::cardboard; TrashNet_Raw::cardboard,data\raw\TrashNet\cardboard\cardboard185.jpg; data\processed\train\cardboard\cardboard185.jpg
EXACT_MD5,4a50920803c128097077d5dccfe99db6,2,TrashNet_Raw; TrashNet_Processed_Train,TrashNet_Processed_Train::cardboard; TrashNet_Raw::cardboard,data\raw\TrashNet\cardboard\cardboard186.jpg; data\processed\train\cardboard\cardboard186.jpg
EXACT_MD5,2ec6672cb6e60ccea6795c3b4b097a57,2,TrashNet_Raw; TrashNet_Processed_Train,TrashNet_Processed_Train::cardboard; TrashNet_Raw::cardboard,data\raw\TrashNet\cardboard\cardboard187.jpg; data\processed\train\cardboard\cardboard187.jpg
EXACT_MD5,d783a3811b49b51746bc1664f678f198,2,TrashNet_Raw; TrashNet_Processed_Val,TrashNet_Raw::cardboard; TrashNet_Processed_Val::cardboard,data\raw\TrashNet\cardboard\cardboard188.jpg; data\processed\val\cardboard\cardboard188.jpg
EXACT_MD5,13a8cfc3af09fe78bfced4dc860f289c,2,TrashNet_Raw; TrashNet_Processed_Train,TrashNet_Processed_Train::cardboard; TrashNet_Raw::cardboard,data\raw\TrashNet\cardboard\cardboard189.jpg; data\processed\train\cardboard\cardboard189.jpg
EXACT_MD5,cd30e8d792aa533401d0c13ff765124a,2,TrashNet_Raw; TrashNet_Processed_Train,TrashNet_Processed_Train::cardboard; TrashNet_Raw::cardboard,data\raw\TrashNet\cardboard\cardboard19.jpg; data\processed\train\cardboard\cardboard19.jpg
EXACT_MD5,a435d829d2beaa2b6907dde2a8a2753e,2,TrashNet_Raw; TrashNet_Processed_Test,TrashNet_Processed_Test::cardboard; TrashNet_Raw::cardboard,data\raw\TrashNet\cardboard\cardboard190.jpg; data\processed\test\cardboard\cardboard190.jpg
EXACT_MD5,0d050e4b25802773c5fd61a965f8e684,2,TrashNet_Raw; TrashNet_Processed_Train,TrashNet_Processed_Train::cardboard; TrashNet_Raw::cardboard,data\raw\TrashNet\cardboard\cardboard191.jpg; data\processed\train\cardboard\cardboard191.jpg
EXACT_MD5,3000d7337f9d87e7e0ae903544d5fe03,2,TrashNet_Raw; TrashNet_Processed_Train,TrashNet_Processed_Train::cardboard; TrashNet_Raw::cardboard,data\raw\TrashNet\cardboard\cardboard192.jpg; data\processed\train\cardboard\cardboard192.jpg
EXACT_MD5,38e249c9aea4d34a259d8c2866606f7d,2,TrashNet_Raw; TrashNet_Processed_Train,TrashNet_Processed_Train::cardboard; TrashNet_Raw::cardboard,data\raw\TrashNet\cardboard\cardboard193.jpg; data\processed\train\cardboard\cardboard193.jpg
EXACT_MD5,bbc69c79384376d7abf939945bdaa46e,2,TrashNet_Raw; TrashNet_Processed_Train,TrashNet_Processed_Train::cardboard; TrashNet_Raw::cardboard,data\raw\TrashNet\cardboard\cardboard194.jpg; data\processed\train\cardboard\cardboard194.jpg
EXACT_MD5,0b25082d2a4e84f07244bba35e3372c1,2,TrashNet_Raw; TrashNet_Processed_Train,TrashNet_Processed_Train::cardboard; TrashNet_Raw::cardboard,data\raw\TrashNet\cardboard\cardboard195.jpg; data\processed\train\cardboard\cardboard195.jpg
EXACT_MD5,a8657a9cf559697f5c6da0ecd76d9748,2,TrashNet_Raw; TrashNet_Processed_Val,TrashNet_Raw::cardboard; TrashNet_Processed_Val::cardboard,data\raw\TrashNet\cardboard\cardboard196.jpg; data\processed\val\cardboard\cardboard196.jpg
EXACT_MD5,3f2d3d66d3bb7b63f184e1f8f166b9ea,2,TrashNet_Raw; TrashNet_Processed_Val,TrashNet_Raw::cardboard; TrashNet_Processed_Val::cardboard,data\raw\TrashNet\cardboard\cardboard197.jpg; data\processed\val\cardboard\cardboard197.jpg
EXACT_MD5,9661de4a3a7b35eca119a8edc6c1ea32,2,TrashNet_Raw; TrashNet_Processed_Train,TrashNet_Processed_Train::cardboard; TrashNet_Raw::cardboard,data\raw\TrashNet\cardboard\cardboard198.jpg; data\processed\train\cardboard\cardboard198.jpg
EXACT_MD5,66d93010d6d33e27129f5d6a2f586260,2,TrashNet_Raw; TrashNet_Processed_Test,TrashNet_Processed_Test::cardboard; TrashNet_Raw::cardboard,data\raw\TrashNet\cardboard\cardboard199.jpg; data\processed\test\cardboard\cardboard199.jpg
EXACT_MD5,c1bcc13e24d45afbbb0958d14c3408a3,2,TrashNet_Raw; TrashNet_Processed_Test,TrashNet_Processed_Test::cardboard; TrashNet_Raw::cardboard,data\raw\TrashNet\cardboard\cardboard2.jpg; data\processed\test\cardboard\cardboard2.jpg
EXACT_MD5,f303e50f7dcb5ad99d30718692f778ea,2,TrashNet_Raw; TrashNet_Processed_Test,TrashNet_Processed_Test::cardboard; TrashNet_Raw::cardboard,data\raw\TrashNet\cardboard\cardboard20.jpg; data\processed\test\cardboard\cardboard20.jpg
EXACT_MD5,9a1047faeba7445bcb4b84c139cf75f0,2,TrashNet_Raw; TrashNet_Processed_Train,TrashNet_Processed_Train::cardboard; TrashNet_Raw::cardboard,data\raw\TrashNet\cardboard\cardboard200.jpg; data\processed\train\cardboard\cardboard200.jpg
EXACT_MD5,3c00534a8d14b85f4cccaae5fee9156d,2,TrashNet_Raw; TrashNet_Processed_Test,TrashNet_Processed_Test::cardboard; TrashNet_Raw::cardboard,data\raw\TrashNet\cardboard\cardboard201.jpg; data\processed\test\cardboard\cardboard201.jpg
EXACT_MD5,b9516ac7e9053e3ad6e000beb1473d16,2,TrashNet_Raw; TrashNet_Processed_Train,TrashNet_Processed_Train::cardboard; TrashNet_Raw::cardboard,data\raw\TrashNet\cardboard\cardboard202.jpg; data\processed\train\cardboard\cardboard202.jpg
EXACT_MD5,ad00d0bc5bfa8b3e95d9b385bbec4aed,2,TrashNet_Raw; TrashNet_Processed_Val,TrashNet_Raw::cardboard; TrashNet_Processed_Val::cardboard,data\raw\TrashNet\cardboard\cardboard203.jpg; data\processed\val\cardboard\cardboard203.jpg
EXACT_MD5,7caf784c27a51592de049063bce86afa,2,TrashNet_Raw; TrashNet_Processed_Val,TrashNet_Raw::cardboard; TrashNet_Processed_Val::cardboard,data\raw\TrashNet\cardboard\cardboard204.jpg; data\processed\val\cardboard\cardboard204.jpg
EXACT_MD5,dee6918aa3cad32d1940d183b5250664,2,TrashNet_Raw; TrashNet_Processed_Train,TrashNet_Processed_Train::cardboard; TrashNet_Raw::cardboard,data\raw\TrashNet\cardboard\cardboard205.jpg; data\processed\train\cardboard\cardboard205.jpg
EXACT_MD5,e997ba8fe6a2cb703c22287b01e4c342,2,TrashNet_Raw; TrashNet_Processed_Test,TrashNet_Processed_Test::cardboard; TrashNet_Raw::cardboard,data\raw\TrashNet\cardboard\cardboard206.jpg; data\processed\test\cardboard\cardboard206.jpg
EXACT_MD5,71e22859a890fe1b85fae63cacd26c2c,2,TrashNet_Raw; TrashNet_Processed_Train,TrashNet_Processed_Train::cardboard; TrashNet_Raw::cardboard,data\raw\TrashNet\cardboard\cardboard207.jpg; data\processed\train\cardboard\cardboard207.jpg
EXACT_MD5,8232ab3412999320fd05c2d44ffa7168,2,TrashNet_Raw; TrashNet_Processed_Train,TrashNet_Processed_Train::cardboard; TrashNet_Raw::cardboard,data\raw\TrashNet\cardboard\cardboard208.jpg; data\processed\train\cardboard\cardboard208.jpg
EXACT_MD5,549bba5753cac61f417c58487af515f0,2,TrashNet_Raw; TrashNet_Processed_Train,TrashNet_Processed_Train::cardboard; TrashNet_Raw::cardboard,data\raw\TrashNet\cardboard\cardboard209.jpg; data\processed\train\cardboard\cardboard209.jpg
EXACT_MD5,39a4c34145c28f41896bf39c8784b98a,2,TrashNet_Raw; TrashNet_Processed_Train,TrashNet_Processed_Train::cardboard; TrashNet_Raw::cardboard,data\raw\TrashNet\cardboard\cardboard21.jpg; data\processed\train\cardboard\cardboard21.jpg
EXACT_MD5,372bb03c5977eff2f6016ff76ae8c56c,2,TrashNet_Raw; TrashNet_Processed_Train,TrashNet_Processed_Train::cardboard; TrashNet_Raw::cardboard,data\raw\TrashNet\cardboard\cardboard210.jpg; data\processed\train\cardboard\cardboard210.jpg
EXACT_MD5,591f98c98904172c2ee21cb601539c5c,2,TrashNet_Raw; TrashNet_Processed_Test,TrashNet_Processed_Test::cardboard; TrashNet_Raw::cardboard,data\raw\TrashNet\cardboard\cardboard211.jpg; data\processed\test\cardboard\cardboard211.jpg
EXACT_MD5,fbd396470d7fb62863ac0ae225a711f9,2,TrashNet_Raw; TrashNet_Processed_Val,TrashNet_Raw::cardboard; TrashNet_Processed_Val::cardboard,data\raw\TrashNet\cardboard\cardboard212.jpg; data\processed\val\cardboard\cardboard212.jpg
EXACT_MD5,7199119323975909c8c6d3b6e8fdee6c,2,TrashNet_Raw; TrashNet_Processed_Train,TrashNet_Processed_Train::cardboard; TrashNet_Raw::cardboard,data\raw\TrashNet\cardboard\cardboard213.jpg; data\processed\train\cardboard\cardboard213.jpg
EXACT_MD5,7262f2e789d54cc4064696aa49aa2151,2,TrashNet_Raw; TrashNet_Processed_Train,TrashNet_Processed_Train::cardboard; TrashNet_Raw::cardboard,data\raw\TrashNet\cardboard\cardboard214.jpg; data\processed\train\cardboard\cardboard214.jpg
EXACT_MD5,1ccde0e338b24f07cebc221835c0e5d0,2,TrashNet_Raw; TrashNet_Processed_Train,TrashNet_Processed_Train::cardboard; TrashNet_Raw::cardboard,data\raw\TrashNet\cardboard\cardboard215.jpg; data\processed\train\cardboard\cardboard215.jpg
EXACT_MD5,508d2dba3dfadf0e11b38c4a601e4ada,2,TrashNet_Raw; TrashNet_Processed_Train,TrashNet_Processed_Train::cardboard; TrashNet_Raw::cardboard,data\raw\TrashNet\cardboard\cardboard216.jpg; data\processed\train\cardboard\cardboard216.jpg
EXACT_MD5,5274f4036f4672ce286858b1e19e831a,2,TrashNet_Raw; TrashNet_Processed_Train,TrashNet_Processed_Train::cardboard; TrashNet_Raw::cardboard,data\raw\TrashNet\cardboard\cardboard217.jpg; data\processed\train\cardboard\cardboard217.jpg
EXACT_MD5,55d07dc24a02449edf401a1cc3a5a1c3,2,TrashNet_Raw; TrashNet_Processed_Train,TrashNet_Processed_Train::cardboard; TrashNet_Raw::cardboard,data\raw\TrashNet\cardboard\cardboard218.jpg; data\processed\train\cardboard\cardboard218.jpg
EXACT_MD5,67faa737b0b771cf4d920110f2d4ae21,2,TrashNet_Raw; TrashNet_Processed_Train,TrashNet_Processed_Train::cardboard; TrashNet_Raw::cardboard,data\raw\TrashNet\cardboard\cardboard219.jpg; data\processed\train\cardboard\cardboard219.jpg
EXACT_MD5,999c4ae70774ddfbc6bceb022c853bf0,2,TrashNet_Raw; TrashNet_Processed_Val,TrashNet_Raw::cardboard; TrashNet_Processed_Val::cardboard,data\raw\TrashNet\cardboard\cardboard22.jpg; data\processed\val\cardboard\cardboard22.jpg
EXACT_MD5,1a1f3eee4359ab52509ea8203ebc3567,2,TrashNet_Raw; TrashNet_Processed_Test,TrashNet_Processed_Test::cardboard; TrashNet_Raw::cardboard,data\raw\TrashNet\cardboard\cardboard220.jpg; data\processed\test\cardboard\cardboard220.jpg
EXACT_MD5,f89d231204eafc9b275943ceb262f106,2,TrashNet_Raw; TrashNet_Processed_Val,TrashNet_Raw::cardboard; TrashNet_Processed_Val::cardboard,data\raw\TrashNet\cardboard\cardboard221.jpg; data\processed\val\cardboard\cardboard221.jpg
EXACT_MD5,edc14ceb95f68999b95d8a2c38e99c70,2,TrashNet_Raw; TrashNet_Processed_Val,TrashNet_Raw::cardboard; TrashNet_Processed_Val::cardboard,data\raw\TrashNet\cardboard\cardboard222.jpg; data\processed\val\cardboard\cardboard222.jpg
EXACT_MD5,223b12d66c66e107dc707f28957798f7,2,TrashNet_Raw; TrashNet_Processed_Val,TrashNet_Raw::cardboard; TrashNet_Processed_Val::cardboard,data\raw\TrashNet\cardboard\cardboard223.jpg; data\processed\val\cardboard\cardboard223.jpg
EXACT_MD5,58b952fa72fd26bfeb90f442d6c4bbc5,2,TrashNet_Raw; TrashNet_Processed_Train,TrashNet_Processed_Train::cardboard; TrashNet_Raw::cardboard,data\raw\TrashNet\cardboard\cardboard224.jpg; data\processed\train\cardboard\cardboard224.jpg
EXACT_MD5,a2d9e0897f01b4155eee93a4e75ffe71,2,TrashNet_Raw; TrashNet_Processed_Test,TrashNet_Processed_Test::cardboard; TrashNet_Raw::cardboard,data\raw\TrashNet\cardboard\cardboard225.jpg; data\processed\test\cardboard\cardboard225.jpg
EXACT_MD5,c9fe61dbdbb20f1a9de1488152c2c173,2,TrashNet_Raw; TrashNet_Processed_Train,TrashNet_Processed_Train::cardboard; TrashNet_Raw::cardboard,data\raw\TrashNet\cardboard\cardboard226.jpg; data\processed\train\cardboard\cardboard226.jpg
EXACT_MD5,befb267d01fac431dd0c58796e46bfd4,2,TrashNet_Raw; TrashNet_Processed_Test,TrashNet_Processed_Test::cardboard; TrashNet_Raw::cardboard,data\raw\TrashNet\cardboard\cardboard227.jpg; data\processed\test\cardboard\cardboard227.jpg
EXACT_MD5,acbc46c02c2b03cf9161d90247704993,2,TrashNet_Raw; TrashNet_Processed_Train,TrashNet_Processed_Train::cardboard; TrashNet_Raw::cardboard,data\raw\TrashNet\cardboard\cardboard228.jpg; data\processed\train\cardboard\cardboard228.jpg
EXACT_MD5,516ac3b83ed7120be8788f6ff43c8200,2,TrashNet_Raw; TrashNet_Processed_Train,TrashNet_Processed_Train::cardboard; TrashNet_Raw::cardboard,data\raw\TrashNet\cardboard\cardboard229.jpg; data\processed\train\cardboard\cardboard229.jpg
EXACT_MD5,5b589e5344d62e27439962abb975f18b,2,TrashNet_Raw; TrashNet_Processed_Train,TrashNet_Processed_Train::cardboard; TrashNet_Raw::cardboard,data\raw\TrashNet\cardboard\cardboard23.jpg; data\processed\train\cardboard\cardboard23.jpg
EXACT_MD5,a487a6475a998c917f9458441a5ac928,2,TrashNet_Raw; TrashNet_Processed_Train,TrashNet_Processed_Train::cardboard; TrashNet_Raw::cardboard,data\raw\TrashNet\cardboard\cardboard230.jpg; data\processed\train\cardboard\cardboard230.jpg
EXACT_MD5,69292784935aecb58e9f3268acd6432a,2,TrashNet_Raw; TrashNet_Processed_Train,TrashNet_Processed_Train::cardboard; TrashNet_Raw::cardboard,data\raw\TrashNet\cardboard\cardboard231.jpg; data\processed\train\cardboard\cardboard231.jpg
EXACT_MD5,900c8d6a023218190ae98ea87909641d,2,TrashNet_Raw; TrashNet_Processed_Val,TrashNet_Raw::cardboard; TrashNet_Processed_Val::cardboard,data\raw\TrashNet\cardboard\cardboard232.jpg; data\processed\val\cardboard\cardboard232.jpg
EXACT_MD5,0792bd1e3551477b8d68f6a61cc22c15,2,TrashNet_Raw; TrashNet_Processed_Train,TrashNet_Processed_Train::cardboard; TrashNet_Raw::cardboard,data\raw\TrashNet\cardboard\cardboard233.jpg; data\processed\train\cardboard\cardboard233.jpg
EXACT_MD5,80ee53d5f0fcef269de8283221ff5800,2,TrashNet_Raw; TrashNet_Processed_Test,TrashNet_Processed_Test::cardboard; TrashNet_Raw::cardboard,data\raw\TrashNet\cardboard\cardboard234.jpg; data\processed\test\cardboard\cardboard234.jpg
EXACT_MD5,9ae598ee3fcfbd5181778d6977010b26,2,TrashNet_Raw; TrashNet_Processed_Train,TrashNet_Processed_Train::cardboard; TrashNet_Raw::cardboard,data\raw\TrashNet\cardboard\cardboard235.jpg; data\processed\train\cardboard\cardboard235.jpg
EXACT_MD5,556315dabfce2181c372b84b23f1cb5e,2,TrashNet_Raw; TrashNet_Processed_Train,TrashNet_Processed_Train::cardboard; TrashNet_Raw::cardboard,data\raw\TrashNet\cardboard\cardboard236.jpg; data\processed\train\cardboard\cardboard236.jpg
EXACT_MD5,95f75629fc2644d4e2cd18f4827d6b62,2,TrashNet_Raw; TrashNet_Processed_Train,TrashNet_Processed_Train::cardboard; TrashNet_Raw::cardboard,data\raw\TrashNet\cardboard\cardboard237.jpg; data\processed\train\cardboard\cardboard237.jpg
EXACT_MD5,d58fbf8278f1f2da2418c46a650f72c0,2,TrashNet_Raw; TrashNet_Processed_Train,TrashNet_Processed_Train::cardboard; TrashNet_Raw::cardboard,data\raw\TrashNet\cardboard\cardboard238.jpg; data\processed\train\cardboard\cardboard238.jpg
EXACT_MD5,7265bb24e2a4f7f82a9c1abb366e2cf8,2,TrashNet_Raw; TrashNet_Processed_Train,TrashNet_Processed_Train::cardboard; TrashNet_Raw::cardboard,data\raw\TrashNet\cardboard\cardboard239.jpg; data\processed\train\cardboard\cardboard239.jpg
EXACT_MD5,7df47e43ac8cefaec5ffbde2e77c287a,2,TrashNet_Raw; TrashNet_Processed_Train,TrashNet_Processed_Train::cardboard; TrashNet_Raw::cardboard,data\raw\TrashNet\cardboard\cardboard24.jpg; data\processed\train\cardboard\cardboard24.jpg
EXACT_MD5,1335c79a8a010b53ae19b063fc396c84,2,TrashNet_Raw; TrashNet_Processed_Train,TrashNet_Processed_Train::cardboard; TrashNet_Raw::cardboard,data\raw\TrashNet\cardboard\cardboard240.jpg; data\processed\train\cardboard\cardboard240.jpg
EXACT_MD5,ef824a3b2e8e7e7986fc1e60b0a08278,2,TrashNet_Raw; TrashNet_Processed_Train,TrashNet_Processed_Train::cardboard; TrashNet_Raw::cardboard,data\raw\TrashNet\cardboard\cardboard241.jpg; data\processed\train\cardboard\cardboard241.jpg
EXACT_MD5,da7dd4b0519728854ef72ee69a6d4d82,2,TrashNet_Raw; TrashNet_Processed_Train,TrashNet_Processed_Train::cardboard; TrashNet_Raw::cardboard,data\raw\TrashNet\cardboard\cardboard242.jpg; data\processed\train\cardboard\cardboard242.jpg
EXACT_MD5,3771f4ffa3b3b4801acb48a503aa9924,2,TrashNet_Raw; TrashNet_Processed_Train,TrashNet_Processed_Train::cardboard; TrashNet_Raw::cardboard,data\raw\TrashNet\cardboard\cardboard243.jpg; data\processed\train\cardboard\cardboard243.jpg
EXACT_MD5,4f1148fa6468021b2332209f4902ce4d,2,TrashNet_Raw; TrashNet_Processed_Val,TrashNet_Raw::cardboard; TrashNet_Processed_Val::cardboard,data\raw\TrashNet\cardboard\cardboard244.jpg; data\processed\val\cardboard\cardboard244.jpg
EXACT_MD5,2e9efb588c8cff4293bb08fd918040e3,2,TrashNet_Raw; TrashNet_Processed_Train,TrashNet_Processed_Train::cardboard; TrashNet_Raw::cardboard,data\raw\TrashNet\cardboard\cardboard245.jpg; data\processed\train\cardboard\cardboard245.jpg
EXACT_MD5,9af8d134b93964bd3db7f8b9876966c6,2,TrashNet_Raw; TrashNet_Processed_Train,TrashNet_Processed_Train::cardboard; TrashNet_Raw::cardboard,data\raw\TrashNet\cardboard\cardboard246.jpg; data\processed\train\cardboard\cardboard246.jpg
EXACT_MD5,3d4fdc5f2c0872eeb81dfb55ccbb2b89,2,TrashNet_Raw; TrashNet_Processed_Train,TrashNet_Processed_Train::cardboard; TrashNet_Raw::cardboard,data\raw\TrashNet\cardboard\cardboard247.jpg; data\processed\train\cardboard\cardboard247.jpg
EXACT_MD5,1f119a919cadf218a057f86767367012,2,TrashNet_Raw; TrashNet_Processed_Train,TrashNet_Processed_Train::cardboard; TrashNet_Raw::cardboard,data\raw\TrashNet\cardboard\cardboard248.jpg; data\processed\train\cardboard\cardboard248.jpg
EXACT_MD5,cd274a391b98af3a4a1ef4b200bf1bfb,2,TrashNet_Raw; TrashNet_Processed_Val,TrashNet_Raw::cardboard; TrashNet_Processed_Val::cardboard,data\raw\TrashNet\cardboard\cardboard249.jpg; data\processed\val\cardboard\cardboard249.jpg
EXACT_MD5,91fa71ba66ea3bdf12ffc639137fffa7,2,TrashNet_Raw; TrashNet_Processed_Train,TrashNet_Processed_Train::cardboard; TrashNet_Raw::cardboard,data\raw\TrashNet\cardboard\cardboard25.jpg; data\processed\train\cardboard\cardboard25.jpg
EXACT_MD5,ca14d76d82f2902218c550c47a000e05,2,TrashNet_Raw; TrashNet_Processed_Train,TrashNet_Processed_Train::cardboard; TrashNet_Raw::cardboard,data\raw\TrashNet\cardboard\cardboard250.jpg; data\processed\train\cardboard\cardboard250.jpg
EXACT_MD5,412c0ebe008d66882de1d3aa581ecb8d,2,TrashNet_Raw; TrashNet_Processed_Train,TrashNet_Processed_Train::cardboard; TrashNet_Raw::cardboard,data\raw\TrashNet\cardboard\cardboard251.jpg; data\processed\train\cardboard\cardboard251.jpg
EXACT_MD5,a5eb588ed583eec0bc01836e8b7d5a9e,2,TrashNet_Raw; TrashNet_Processed_Train,TrashNet_Processed_Train::cardboard; TrashNet_Raw::cardboard,data\raw\TrashNet\cardboard\cardboard252.jpg; data\processed\train\cardboard\cardboard252.jpg
EXACT_MD5,0ba95c0f4b2f2ba53896d818acbfed3e,2,TrashNet_Raw; TrashNet_Processed_Train,TrashNet_Processed_Train::cardboard; TrashNet_Raw::cardboard,data\raw\TrashNet\cardboard\cardboard253.jpg; data\processed\train\cardboard\cardboard253.jpg
EXACT_MD5,958a0a49323636bfb0da34233011e523,2,TrashNet_Raw; TrashNet_Processed_Test,TrashNet_Processed_Test::cardboard; TrashNet_Raw::cardboard,data\raw\TrashNet\cardboard\cardboard254.jpg; data\processed\test\cardboard\cardboard254.jpg
EXACT_MD5,73b573f8c6e21051d77596971c349fcd,2,TrashNet_Raw; TrashNet_Processed_Train,TrashNet_Processed_Train::cardboard; TrashNet_Raw::cardboard,data\raw\TrashNet\cardboard\cardboard255.jpg; data\processed\train\cardboard\cardboard255.jpg
EXACT_MD5,0191d20f93fff6f9910b0d162fb1a1bf,2,TrashNet_Raw; TrashNet_Processed_Test,TrashNet_Processed_Test::cardboard; TrashNet_Raw::cardboard,data\raw\TrashNet\cardboard\cardboard256.jpg; data\processed\test\cardboard\cardboard256.jpg
EXACT_MD5,43484205aee2a39076a034b15a310d3d,2,TrashNet_Raw; TrashNet_Processed_Train,TrashNet_Processed_Train::cardboard; TrashNet_Raw::cardboard,data\raw\TrashNet\cardboard\cardboard257.jpg; data\processed\train\cardboard\cardboard257.jpg
EXACT_MD5,0b2fbc28c32498a6256db8d9f134a003,2,TrashNet_Raw; TrashNet_Processed_Test,TrashNet_Processed_Test::cardboard; TrashNet_Raw::cardboard,data\raw\TrashNet\cardboard\cardboard258.jpg; data\processed\test\cardboard\cardboard258.jpg
EXACT_MD5,4576588314060468a7e7e830536ed387,2,TrashNet_Raw; TrashNet_Processed_Train,TrashNet_Processed_Train::cardboard; TrashNet_Raw::cardboard,data\raw\TrashNet\cardboard\cardboard259.jpg; data\processed\train\cardboard\cardboard259.jpg
EXACT_MD5,262504aa9c8d47862a77e3280f80385c,2,TrashNet_Raw; TrashNet_Processed_Train,TrashNet_Processed_Train::cardboard; TrashNet_Raw::cardboard,data\raw\TrashNet\cardboard\cardboard26.jpg; data\processed\train\cardboard\cardboard26.jpg
EXACT_MD5,84932c29f1dea45ad55785f2a6abc06c,2,TrashNet_Raw; TrashNet_Processed_Train,TrashNet_Processed_Train::cardboard; TrashNet_Raw::cardboard,data\raw\TrashNet\cardboard\cardboard260.jpg; data\processed\train\cardboard\cardboard260.jpg
EXACT_MD5,eb04a3b56354e0390dcd92e42282c18d,2,TrashNet_Raw; TrashNet_Processed_Train,TrashNet_Processed_Train::cardboard; TrashNet_Raw::cardboard,data\raw\TrashNet\cardboard\cardboard261.jpg; data\processed\train\cardboard\cardboard261.jpg
EXACT_MD5,9786709774e3b321635599a21d92ff6e,2,TrashNet_Raw; TrashNet_Processed_Val,TrashNet_Raw::cardboard; TrashNet_Processed_Val::cardboard,data\raw\TrashNet\cardboard\cardboard262.jpg; data\processed\val\cardboard\cardboard262.jpg
EXACT_MD5,8889b11ab0edb1bfb52373b454352814,2,TrashNet_Raw; TrashNet_Processed_Train,TrashNet_Processed_Train::cardboard; TrashNet_Raw::cardboard,data\raw\TrashNet\cardboard\cardboard263.jpg; data\processed\train\cardboard\cardboard263.jpg
EXACT_MD5,32e861d207f5c27311054c81d65fafe5,2,TrashNet_Raw; TrashNet_Processed_Test,TrashNet_Processed_Test::cardboard; TrashNet_Raw::cardboard,data\raw\TrashNet\cardboard\cardboard264.jpg; data\processed\test\cardboard\cardboard264.jpg
EXACT_MD5,79d7de67bd8fdc189da940b575f1862d,2,TrashNet_Raw; TrashNet_Processed_Train,TrashNet_Processed_Train::cardboard; TrashNet_Raw::cardboard,data\raw\TrashNet\cardboard\cardboard265.jpg; data\processed\train\cardboard\cardboard265.jpg
EXACT_MD5,bed9b13e04ba96a1bdca82c4aca1911f,2,TrashNet_Raw; TrashNet_Processed_Val,TrashNet_Raw::cardboard; TrashNet_Processed_Val::cardboard,data\raw\TrashNet\cardboard\cardboard266.jpg; data\processed\val\cardboard\cardboard266.jpg
EXACT_MD5,101b6f2248ee122f3aceff4eb294317d,2,TrashNet_Raw; TrashNet_Processed_Val,TrashNet_Raw::cardboard; TrashNet_Processed_Val::cardboard,data\raw\TrashNet\cardboard\cardboard267.jpg; data\processed\val\cardboard\cardboard267.jpg
EXACT_MD5,20324fdafc3b968e48006adc67767365,2,TrashNet_Raw; TrashNet_Processed_Train,TrashNet_Processed_Train::cardboard; TrashNet_Raw::cardboard,data\raw\TrashNet\cardboard\cardboard268.jpg; data\processed\train\cardboard\cardboard268.jpg
EXACT_MD5,c03a4ba269e54b7ca6ebe614d28de974,2,TrashNet_Raw; TrashNet_Processed_Train,TrashNet_Processed_Train::cardboard; TrashNet_Raw::cardboard,data\raw\TrashNet\cardboard\cardboard269.jpg; data\processed\train\cardboard\cardboard269.jpg
EXACT_MD5,4a779332d90fd8c01141fbe03676e63a,2,TrashNet_Raw; TrashNet_Processed_Val,TrashNet_Raw::cardboard; TrashNet_Processed_Val::cardboard,data\raw\TrashNet\cardboard\cardboard27.jpg; data\processed\val\cardboard\cardboard27.jpg
EXACT_MD5,e3c48ee25497bf15e7681207171362ab,2,TrashNet_Raw; TrashNet_Processed_Train,TrashNet_Processed_Train::cardboard; TrashNet_Raw::cardboard,data\raw\TrashNet\cardboard\cardboard270.jpg; data\processed\train\cardboard\cardboard270.jpg
EXACT_MD5,3bda95b3d3ffd99ca67f2f43d9e34086,2,TrashNet_Raw; TrashNet_Processed_Train,TrashNet_Processed_Train::cardboard; TrashNet_Raw::cardboard,data\raw\TrashNet\cardboard\cardboard271.jpg; data\processed\train\cardboard\cardboard271.jpg
EXACT_MD5,535c74a79e40e00a8c43d18818d86fab,2,TrashNet_Raw; TrashNet_Processed_Train,TrashNet_Processed_Train::cardboard; TrashNet_Raw::cardboard,data\raw\TrashNet\cardboard\cardboard272.jpg; data\processed\train\cardboard\cardboard272.jpg
EXACT_MD5,144d051782cb40200d6a443e00c30a3a,2,TrashNet_Raw; TrashNet_Processed_Test,TrashNet_Processed_Test::cardboard; TrashNet_Raw::cardboard,data\raw\TrashNet\cardboard\cardboard273.jpg; data\processed\test\cardboard\cardboard273.jpg
EXACT_MD5,c91acef02db8cb51bca071e49f79c0a6,2,TrashNet_Raw; TrashNet_Processed_Test,TrashNet_Processed_Test::cardboard; TrashNet_Raw::cardboard,data\raw\TrashNet\cardboard\cardboard274.jpg; data\processed\test\cardboard\cardboard274.jpg
EXACT_MD5,90d4a028835bf6b6277959189ffe847c,2,TrashNet_Raw; TrashNet_Processed_Train,TrashNet_Processed_Train::cardboard; TrashNet_Raw::cardboard,data\raw\TrashNet\cardboard\cardboard275.jpg; data\processed\train\cardboard\cardboard275.jpg
EXACT_MD5,d1167dbc957910d39e8b779bded38ebe,2,TrashNet_Raw; TrashNet_Processed_Train,TrashNet_Processed_Train::cardboard; TrashNet_Raw::cardboard,data\raw\TrashNet\cardboard\cardboard276.jpg; data\processed\train\cardboard\cardboard276.jpg
EXACT_MD5,fb2f6b3c6bada59756f4902d02f6db06,2,TrashNet_Raw; TrashNet_Processed_Train,TrashNet_Processed_Train::cardboard; TrashNet_Raw::cardboard,data\raw\TrashNet\cardboard\cardboard277.jpg; data\processed\train\cardboard\cardboard277.jpg
EXACT_MD5,3e3b21f5e847ae05f9ce58b8ff7ef4a9,2,TrashNet_Raw; TrashNet_Processed_Train,TrashNet_Processed_Train::cardboard; TrashNet_Raw::cardboard,data\raw\TrashNet\cardboard\cardboard278.jpg; data\processed\train\cardboard\cardboard278.jpg
EXACT_MD5,ad4e8420fba2c9dd8d73a2e45dbef754,2,TrashNet_Raw; TrashNet_Processed_Train,TrashNet_Processed_Train::cardboard; TrashNet_Raw::cardboard,data\raw\TrashNet\cardboard\cardboard279.jpg; data\processed\train\cardboard\cardboard279.jpg
EXACT_MD5,e6112900a43a9d5158bcd5dd616dd5ea,2,TrashNet_Raw; TrashNet_Processed_Train,TrashNet_Processed_Train::cardboard; TrashNet_Raw::cardboard,data\raw\TrashNet\cardboard\cardboard28.jpg; data\processed\train\cardboard\cardboard28.jpg
EXACT_MD5,f5ca7577c16f46c8d62916ad0c6a7f98,2,TrashNet_Raw; TrashNet_Processed_Train,TrashNet_Processed_Train::cardboard; TrashNet_Raw::cardboard,data\raw\TrashNet\cardboard\cardboard280.jpg; data\processed\train\cardboard\cardboard280.jpg
EXACT_MD5,f61b6a6c44da055a65069a134baa5c0e,2,TrashNet_Raw; TrashNet_Processed_Val,TrashNet_Raw::cardboard; TrashNet_Processed_Val::cardboard,data\raw\TrashNet\cardboard\cardboard281.jpg; data\processed\val\cardboard\cardboard281.jpg
EXACT_MD5,3dd2d3f35a0b27b898b90e367aa5cf2a,2,TrashNet_Raw; TrashNet_Processed_Train,TrashNet_Processed_Train::cardboard; TrashNet_Raw::cardboard,data\raw\TrashNet\cardboard\cardboard282.jpg; data\processed\train\cardboard\cardboard282.jpg
EXACT_MD5,a7699247d70219dde7c09662246b3410,2,TrashNet_Raw; TrashNet_Processed_Val,TrashNet_Raw::cardboard; TrashNet_Processed_Val::cardboard,data\raw\TrashNet\cardboard\cardboard283.jpg; data\processed\val\cardboard\cardboard283.jpg
EXACT_MD5,eebde0aa31b964423b14ce6679a605bb,2,TrashNet_Raw; TrashNet_Processed_Val,TrashNet_Raw::cardboard; TrashNet_Processed_Val::cardboard,data\raw\TrashNet\cardboard\cardboard284.jpg; data\processed\val\cardboard\cardboard284.jpg
EXACT_MD5,308ebb7cc87a399b26b04d159ed9cc79,2,TrashNet_Raw; TrashNet_Processed_Train,TrashNet_Processed_Train::cardboard; TrashNet_Raw::cardboard,data\raw\TrashNet\cardboard\cardboard285.jpg; data\processed\train\cardboard\cardboard285.jpg
EXACT_MD5,42c2aedebd03dff343c0a4df9003d84c,2,TrashNet_Raw; TrashNet_Processed_Train,TrashNet_Processed_Train::cardboard; TrashNet_Raw::cardboard,data\raw\TrashNet\cardboard\cardboard286.jpg; data\processed\train\cardboard\cardboard286.jpg
EXACT_MD5,d073a70b101c7b861b9ee79bcd507f34,2,TrashNet_Raw; TrashNet_Processed_Train,TrashNet_Processed_Train::cardboard; TrashNet_Raw::cardboard,data\raw\TrashNet\cardboard\cardboard287.jpg; data\processed\train\cardboard\cardboard287.jpg
EXACT_MD5,cecfebda9fe7e426661440c00f3e557e,2,TrashNet_Raw; TrashNet_Processed_Train,TrashNet_Processed_Train::cardboard; TrashNet_Raw::cardboard,data\raw\TrashNet\cardboard\cardboard288.jpg; data\processed\train\cardboard\cardboard288.jpg
EXACT_MD5,2272c5fcedb8fbe844c212c868ce108a,2,TrashNet_Raw; TrashNet_Processed_Train,TrashNet_Processed_Train::cardboard; TrashNet_Raw::cardboard,data\raw\TrashNet\cardboard\cardboard289.jpg; data\processed\train\cardboard\cardboard289.jpg
EXACT_MD5,15a3bd2029d9499121bad0958f901233,2,TrashNet_Raw; TrashNet_Processed_Train,TrashNet_Processed_Train::cardboard; TrashNet_Raw::cardboard,data\raw\TrashNet\cardboard\cardboard29.jpg; data\processed\train\cardboard\cardboard29.jpg
EXACT_MD5,4fa6d3fe7a243a43bc789b465627fe84,2,TrashNet_Raw; TrashNet_Processed_Train,TrashNet_Processed_Train::cardboard; TrashNet_Raw::cardboard,data\raw\TrashNet\cardboard\cardboard290.jpg; data\processed\train\cardboard\cardboard290.jpg
EXACT_MD5,97a40b3805c609a16d4c0052a28d58a4,2,TrashNet_Raw; TrashNet_Processed_Train,TrashNet_Processed_Train::cardboard; TrashNet_Raw::cardboard,data\raw\TrashNet\cardboard\cardboard291.jpg; data\processed\train\cardboard\cardboard291.jpg
EXACT_MD5,655ed081accf55e33adb624d4d78e94d,2,TrashNet_Raw; TrashNet_Processed_Test,TrashNet_Processed_Test::cardboard; TrashNet_Raw::cardboard,data\raw\TrashNet\cardboard\cardboard292.jpg; data\processed\test\cardboard\cardboard292.jpg
EXACT_MD5,da53a9489086549951d868803c04fc10,2,TrashNet_Raw; TrashNet_Processed_Train,TrashNet_Processed_Train::cardboard; TrashNet_Raw::cardboard,data\raw\TrashNet\cardboard\cardboard293.jpg; data\processed\train\cardboard\cardboard293.jpg
EXACT_MD5,bac33b6a867b77a543b86d02683cb137,2,TrashNet_Raw; TrashNet_Processed_Test,TrashNet_Processed_Test::cardboard; TrashNet_Raw::cardboard,data\raw\TrashNet\cardboard\cardboard294.jpg; data\processed\test\cardboard\cardboard294.jpg
EXACT_MD5,1c08729830eef092952d6720cb10d055,2,TrashNet_Raw; TrashNet_Processed_Train,TrashNet_Processed_Train::cardboard; TrashNet_Raw::cardboard,data\raw\TrashNet\cardboard\cardboard295.jpg; data\processed\train\cardboard\cardboard295.jpg
EXACT_MD5,c2809a3ab8f9048d808a74e6cf1d5429,2,TrashNet_Raw; TrashNet_Processed_Train,TrashNet_Processed_Train::cardboard; TrashNet_Raw::cardboard,data\raw\TrashNet\cardboard\cardboard296.jpg; data\processed\train\cardboard\cardboard296.jpg
EXACT_MD5,682ba6ea46168ff392f1f890600e0838,2,TrashNet_Raw; TrashNet_Processed_Val,TrashNet_Raw::cardboard; TrashNet_Processed_Val::cardboard,data\raw\TrashNet\cardboard\cardboard297.jpg; data\processed\val\cardboard\cardboard297.jpg
EXACT_MD5,8a2fcc143011e0cbd6f5351ca9a701e0,2,TrashNet_Raw; TrashNet_Processed_Train,TrashNet_Processed_Train::cardboard; TrashNet_Raw::cardboard,data\raw\TrashNet\cardboard\cardboard298.jpg; data\processed\train\cardboard\cardboard298.jpg
EXACT_MD5,1a0710b5981fb89ce251b26b374b6af4,2,TrashNet_Raw; TrashNet_Processed_Train,TrashNet_Processed_Train::cardboard; TrashNet_Raw::cardboard,data\raw\TrashNet\cardboard\cardboard299.jpg; data\processed\train\cardboard\cardboard299.jpg
EXACT_MD5,0d0a608ec3c8c24d4f51e7a50e4c3c3e,2,TrashNet_Raw; TrashNet_Processed_Train,TrashNet_Processed_Train::cardboard; TrashNet_Raw::cardboard,data\raw\TrashNet\cardboard\cardboard3.jpg; data\processed\train\cardboard\cardboard3.jpg
EXACT_MD5,ccaa1cad5ef82b84b32bcdb19b07219b,2,TrashNet_Raw; TrashNet_Processed_Train,TrashNet_Processed_Train::cardboard; TrashNet_Raw::cardboard,data\raw\TrashNet\cardboard\cardboard30.jpg; data\processed\train\cardboard\cardboard30.jpg
EXACT_MD5,ee262d8bd80974b3f8d706cc27177d37,2,TrashNet_Raw; TrashNet_Processed_Train,TrashNet_Processed_Train::cardboard; TrashNet_Raw::cardboard,data\raw\TrashNet\cardboard\cardboard300.jpg; data\processed\train\cardboard\cardboard300.jpg
EXACT_MD5,d64a1d756a6607ad015fdafaba7a8acc,2,TrashNet_Raw; TrashNet_Processed_Train,TrashNet_Processed_Train::cardboard; TrashNet_Raw::cardboard,data\raw\TrashNet\cardboard\cardboard301.jpg; data\processed\train\cardboard\cardboard301.jpg
EXACT_MD5,8c6a17cf7cd9e1303397bcbaf39004b4,2,TrashNet_Raw; TrashNet_Processed_Train,TrashNet_Processed_Train::cardboard; TrashNet_Raw::cardboard,data\raw\TrashNet\cardboard\cardboard302.jpg; data\processed\train\cardboard\cardboard302.jpg
EXACT_MD5,a972599db91cd2cb35dffe329d9410f7,2,TrashNet_Raw; TrashNet_Processed_Train,TrashNet_Processed_Train::cardboard; TrashNet_Raw::cardboard,data\raw\TrashNet\cardboard\cardboard303.jpg; data\processed\train\cardboard\cardboard303.jpg
EXACT_MD5,1179e0d10f56a27753d7e7d0e2f426e3,2,TrashNet_Raw; TrashNet_Processed_Train,TrashNet_Processed_Train::cardboard; TrashNet_Raw::cardboard,data\raw\TrashNet\cardboard\cardboard304.jpg; data\processed\train\cardboard\cardboard304.jpg
EXACT_MD5,dd0db2646e0f792a0cdcc9320ad29188,2,TrashNet_Raw; TrashNet_Processed_Test,TrashNet_Processed_Test::cardboard; TrashNet_Raw::cardboard,data\raw\TrashNet\cardboard\cardboard305.jpg; data\processed\test\cardboard\cardboard305.jpg
EXACT_MD5,8a9c2a2ce7d2160589d6d39e16fd3cc0,2,TrashNet_Raw; TrashNet_Processed_Train,TrashNet_Processed_Train::cardboard; TrashNet_Raw::cardboard,data\raw\TrashNet\cardboard\cardboard306.jpg; data\processed\train\cardboard\cardboard306.jpg
EXACT_MD5,433fa6e095be36c2e1467977663b8478,2,TrashNet_Raw; TrashNet_Processed_Train,TrashNet_Processed_Train::cardboard; TrashNet_Raw::cardboard,data\raw\TrashNet\cardboard\cardboard307.jpg; data\processed\train\cardboard\cardboard307.jpg
EXACT_MD5,b8418606d6d39fff3f2693da8f4f7c7d,2,TrashNet_Raw; TrashNet_Processed_Val,TrashNet_Raw::cardboard; TrashNet_Processed_Val::cardboard,data\raw\TrashNet\cardboard\cardboard308.jpg; data\processed\val\cardboard\cardboard308.jpg
EXACT_MD5,fde6c2a2bd8c6b525b80e6108f6d2a05,2,TrashNet_Raw; TrashNet_Processed_Train,TrashNet_Processed_Train::cardboard; TrashNet_Raw::cardboard,data\raw\TrashNet\cardboard\cardboard309.jpg; data\processed\train\cardboard\cardboard309.jpg
EXACT_MD5,098647d5f9d85187a10075dc65df9790,2,TrashNet_Raw; TrashNet_Processed_Val,TrashNet_Raw::cardboard; TrashNet_Processed_Val::cardboard,data\raw\TrashNet\cardboard\cardboard31.jpg; data\processed\val\cardboard\cardboard31.jpg
EXACT_MD5,d3f9a9a4e73760c22a38c17b7f8093a4,2,TrashNet_Raw; TrashNet_Processed_Test,TrashNet_Processed_Test::cardboard; TrashNet_Raw::cardboard,data\raw\TrashNet\cardboard\cardboard310.jpg; data\processed\test\cardboard\cardboard310.jpg
EXACT_MD5,4607286525c1eea812e6f3848469d68d,2,TrashNet_Raw; TrashNet_Processed_Val,TrashNet_Raw::cardboard; TrashNet_Processed_Val::cardboard,data\raw\TrashNet\cardboard\cardboard311.jpg; data\processed\val\cardboard\cardboard311.jpg
EXACT_MD5,af735379b5ba6b59eac5e3eae4d11de4,2,TrashNet_Raw; TrashNet_Processed_Train,TrashNet_Processed_Train::cardboard; TrashNet_Raw::cardboard,data\raw\TrashNet\cardboard\cardboard312.jpg; data\processed\train\cardboard\cardboard312.jpg
EXACT_MD5,498281a783641f520a9cfbdd7ad20245,2,TrashNet_Raw; TrashNet_Processed_Train,TrashNet_Processed_Train::cardboard; TrashNet_Raw::cardboard,data\raw\TrashNet\cardboard\cardboard313.jpg; data\processed\train\cardboard\cardboard313.jpg
EXACT_MD5,184ea6663fa7449e9abe0fbb74a2b259,2,TrashNet_Raw; TrashNet_Processed_Train,TrashNet_Processed_Train::cardboard; TrashNet_Raw::cardboard,data\raw\TrashNet\cardboard\cardboard314.jpg; data\processed\train\cardboard\cardboard314.jpg
EXACT_MD5,4c3801bd66f13fee17e816a4a57e4d11,2,TrashNet_Raw; TrashNet_Processed_Train,TrashNet_Processed_Train::cardboard; TrashNet_Raw::cardboard,data\raw\TrashNet\cardboard\cardboard315.jpg; data\processed\train\cardboard\cardboard315.jpg
EXACT_MD5,1d678c63a6abfa6e27e0154555756f74,2,TrashNet_Raw; TrashNet_Processed_Train,TrashNet_Processed_Train::cardboard; TrashNet_Raw::cardboard,data\raw\TrashNet\cardboard\cardboard316.jpg; data\processed\train\cardboard\cardboard316.jpg
EXACT_MD5,4902372b006d8b5b6000fc7d2d9a9d99,2,TrashNet_Raw; TrashNet_Processed_Train,TrashNet_Processed_Train::cardboard; TrashNet_Raw::cardboard,data\raw\TrashNet\cardboard\cardboard317.jpg; data\processed\train\cardboard\cardboard317.jpg
EXACT_MD5,aca2fdea38a044ce03d9352a1a802ea0,2,TrashNet_Raw; TrashNet_Processed_Train,TrashNet_Processed_Train::cardboard; TrashNet_Raw::cardboard,data\raw\TrashNet\cardboard\cardboard318.jpg; data\processed\train\cardboard\cardboard318.jpg
EXACT_MD5,060fc1db2697b5a9906496d7e1f1911f,2,TrashNet_Raw; TrashNet_Processed_Train,TrashNet_Processed_Train::cardboard; TrashNet_Raw::cardboard,data\raw\TrashNet\cardboard\cardboard319.jpg; data\processed\train\cardboard\cardboard319.jpg
EXACT_MD5,9e15b1a1897b3ccf7992eed1ba89e58b,2,TrashNet_Raw; TrashNet_Processed_Train,TrashNet_Processed_Train::cardboard; TrashNet_Raw::cardboard,data\raw\TrashNet\cardboard\cardboard32.jpg; data\processed\train\cardboard\cardboard32.jpg
EXACT_MD5,2f88236928e7d548002d306a5f23db26,2,TrashNet_Raw; TrashNet_Processed_Train,TrashNet_Processed_Train::cardboard; TrashNet_Raw::cardboard,data\raw\TrashNet\cardboard\cardboard320.jpg; data\processed\train\cardboard\cardboard320.jpg
EXACT_MD5,f893902aebcbe93eeda8959119005dc7,2,TrashNet_Raw; TrashNet_Processed_Train,TrashNet_Processed_Train::cardboard; TrashNet_Raw::cardboard,data\raw\TrashNet\cardboard\cardboard321.jpg; data\processed\train\cardboard\cardboard321.jpg
EXACT_MD5,f0e9f7e346119adda4e3c31e7f7e2ddc,2,TrashNet_Raw; TrashNet_Processed_Train,TrashNet_Processed_Train::cardboard; TrashNet_Raw::cardboard,data\raw\TrashNet\cardboard\cardboard322.jpg; data\processed\train\cardboard\cardboard322.jpg
EXACT_MD5,3ae86cecec4db17ecc45921665e9b3ef,2,TrashNet_Raw; TrashNet_Processed_Train,TrashNet_Processed_Train::cardboard; TrashNet_Raw::cardboard,data\raw\TrashNet\cardboard\cardboard323.jpg; data\processed\train\cardboard\cardboard323.jpg
EXACT_MD5,9d0f6057410bab46e8f419f79d2897c0,2,TrashNet_Raw; TrashNet_Processed_Train,TrashNet_Processed_Train::cardboard; TrashNet_Raw::cardboard,data\raw\TrashNet\cardboard\cardboard324.jpg; data\processed\train\cardboard\cardboard324.jpg
EXACT_MD5,8f75423f6c998de5fa1c25d2f5f05eb9,2,TrashNet_Raw; TrashNet_Processed_Train,TrashNet_Processed_Train::cardboard; TrashNet_Raw::cardboard,data\raw\TrashNet\cardboard\cardboard325.jpg; data\processed\train\cardboard\cardboard325.jpg
EXACT_MD5,0de1c792747188346de7ccccfae9ce4a,2,TrashNet_Raw; TrashNet_Processed_Train,TrashNet_Processed_Train::cardboard; TrashNet_Raw::cardboard,data\raw\TrashNet\cardboard\cardboard326.jpg; data\processed\train\cardboard\cardboard326.jpg
EXACT_MD5,cb177ef0082d592ca73d19410aecf460,2,TrashNet_Raw; TrashNet_Processed_Train,TrashNet_Processed_Train::cardboard; TrashNet_Raw::cardboard,data\raw\TrashNet\cardboard\cardboard327.jpg; data\processed\train\cardboard\cardboard327.jpg
EXACT_MD5,67e7aa51ffa8e0741a5d32440511582d,2,TrashNet_Raw; TrashNet_Processed_Train,TrashNet_Processed_Train::cardboard; TrashNet_Raw::cardboard,data\raw\TrashNet\cardboard\cardboard328.jpg; data\processed\train\cardboard\cardboard328.jpg
EXACT_MD5,ba29ed92f4eef4e90576c23f9e188fd5,2,TrashNet_Raw; TrashNet_Processed_Val,TrashNet_Raw::cardboard; TrashNet_Processed_Val::cardboard,data\raw\TrashNet\cardboard\cardboard329.jpg; data\processed\val\cardboard\cardboard329.jpg
EXACT_MD5,853f34048001a9cd76b7a2e8f1de49b1,2,TrashNet_Raw; TrashNet_Processed_Train,TrashNet_Processed_Train::cardboard; TrashNet_Raw::cardboard,data\raw\TrashNet\cardboard\cardboard33.jpg; data\processed\train\cardboard\cardboard33.jpg
EXACT_MD5,6fd451a1adf15e72b0c1e3034c1e8e8c,2,TrashNet_Raw; TrashNet_Processed_Train,TrashNet_Processed_Train::cardboard; TrashNet_Raw::cardboard,data\raw\TrashNet\cardboard\cardboard330.jpg; data\processed\train\cardboard\cardboard330.jpg
EXACT_MD5,085ddfdfecd4d1abb3e1ade2b4f62057,2,TrashNet_Raw; TrashNet_Processed_Test,TrashNet_Processed_Test::cardboard; TrashNet_Raw::cardboard,data\raw\TrashNet\cardboard\cardboard331.jpg; data\processed\test\cardboard\cardboard331.jpg
EXACT_MD5,7d450e9d5ea102ffa27e7d3dc7f7f368,2,TrashNet_Raw; TrashNet_Processed_Train,TrashNet_Processed_Train::cardboard; TrashNet_Raw::cardboard,data\raw\TrashNet\cardboard\cardboard332.jpg; data\processed\train\cardboard\cardboard332.jpg
EXACT_MD5,5f75a3c314864e74dce0b156f4ffef28,2,TrashNet_Raw; TrashNet_Processed_Val,TrashNet_Raw::cardboard; TrashNet_Processed_Val::cardboard,data\raw\TrashNet\cardboard\cardboard333.jpg; data\processed\val\cardboard\cardboard333.jpg
EXACT_MD5,1e5f9c14657364879979988d9ca360c8,2,TrashNet_Raw; TrashNet_Processed_Train,TrashNet_Processed_Train::cardboard; TrashNet_Raw::cardboard,data\raw\TrashNet\cardboard\cardboard334.jpg; data\processed\train\cardboard\cardboard334.jpg
EXACT_MD5,d110f5f2df874c701478a35afeaba5c7,2,TrashNet_Raw; TrashNet_Processed_Train,TrashNet_Processed_Train::cardboard; TrashNet_Raw::cardboard,data\raw\TrashNet\cardboard\cardboard335.jpg; data\processed\train\cardboard\cardboard335.jpg
EXACT_MD5,0ac8002c23bfca5491e2e8d0ae21a7e6,2,TrashNet_Raw; TrashNet_Processed_Train,TrashNet_Processed_Train::cardboard; TrashNet_Raw::cardboard,data\raw\TrashNet\cardboard\cardboard336.jpg; data\processed\train\cardboard\cardboard336.jpg
EXACT_MD5,bc873a0268acf7bd4f04f21cab19a90c,2,TrashNet_Raw; TrashNet_Processed_Train,TrashNet_Processed_Train::cardboard; TrashNet_Raw::cardboard,data\raw\TrashNet\cardboard\cardboard337.jpg; data\processed\train\cardboard\cardboard337.jpg
EXACT_MD5,ae25513a4758943b546fe229d08beda9,2,TrashNet_Raw; TrashNet_Processed_Train,TrashNet_Processed_Train::cardboard; TrashNet_Raw::cardboard,data\raw\TrashNet\cardboard\cardboard338.jpg; data\processed\train\cardboard\cardboard338.jpg
EXACT_MD5,3abc7e852c7f7b788d25061082ef1f2b,2,TrashNet_Raw; TrashNet_Processed_Train,TrashNet_Processed_Train::cardboard; TrashNet_Raw::cardboard,data\raw\TrashNet\cardboard\cardboard339.jpg; data\processed\train\cardboard\cardboard339.jpg
EXACT_MD5,39e4a63487974bd0c9bf38eecf9e32f1,2,TrashNet_Raw; TrashNet_Processed_Train,TrashNet_Processed_Train::cardboard; TrashNet_Raw::cardboard,data\raw\TrashNet\cardboard\cardboard34.jpg; data\processed\train\cardboard\cardboard34.jpg
EXACT_MD5,c3b833c965f2d0cfb2b67462ea45f47e,2,TrashNet_Raw; TrashNet_Processed_Train,TrashNet_Processed_Train::cardboard; TrashNet_Raw::cardboard,data\raw\TrashNet\cardboard\cardboard340.jpg; data\processed\train\cardboard\cardboard340.jpg
EXACT_MD5,0db2e4d69f38accbda9c1775713ae3e7,2,TrashNet_Raw; TrashNet_Processed_Train,TrashNet_Processed_Train::cardboard; TrashNet_Raw::cardboard,data\raw\TrashNet\cardboard\cardboard341.jpg; data\processed\train\cardboard\cardboard341.jpg
EXACT_MD5,cacade58109b4dd19622afb7208b226f,2,TrashNet_Raw; TrashNet_Processed_Train,TrashNet_Processed_Train::cardboard; TrashNet_Raw::cardboard,data\raw\TrashNet\cardboard\cardboard342.jpg; data\processed\train\cardboard\cardboard342.jpg
EXACT_MD5,a7f898aa3b3c5743a325250037c66e49,2,TrashNet_Raw; TrashNet_Processed_Train,TrashNet_Processed_Train::cardboard; TrashNet_Raw::cardboard,data\raw\TrashNet\cardboard\cardboard343.jpg; data\processed\train\cardboard\cardboard343.jpg
EXACT_MD5,757e9c6c173c52add4f54d4efa304684,2,TrashNet_Raw; TrashNet_Processed_Train,TrashNet_Processed_Train::cardboard; TrashNet_Raw::cardboard,data\raw\TrashNet\cardboard\cardboard344.jpg; data\processed\train\cardboard\cardboard344.jpg
EXACT_MD5,77ab5ba2618efcb488bc5e1ae8e89060,2,TrashNet_Raw; TrashNet_Processed_Val,TrashNet_Raw::cardboard; TrashNet_Processed_Val::cardboard,data\raw\TrashNet\cardboard\cardboard345.jpg; data\processed\val\cardboard\cardboard345.jpg
EXACT_MD5,0bdf1d0efb237fb0836b6dd35f2dd9c0,2,TrashNet_Raw; TrashNet_Processed_Test,TrashNet_Processed_Test::cardboard; TrashNet_Raw::cardboard,data\raw\TrashNet\cardboard\cardboard346.jpg; data\processed\test\cardboard\cardboard346.jpg
EXACT_MD5,2ef5c7ddae4623dd10654599eabd0a97,2,TrashNet_Raw; TrashNet_Processed_Val,TrashNet_Raw::cardboard; TrashNet_Processed_Val::cardboard,data\raw\TrashNet\cardboard\cardboard347.jpg; data\processed\val\cardboard\cardboard347.jpg
EXACT_MD5,919ed297dd11bc8bcef163dcd69131a8,2,TrashNet_Raw; TrashNet_Processed_Train,TrashNet_Processed_Train::cardboard; TrashNet_Raw::cardboard,data\raw\TrashNet\cardboard\cardboard348.jpg; data\processed\train\cardboard\cardboard348.jpg
EXACT_MD5,4e866a62842edfd502bb82d058e86c47,2,TrashNet_Raw; TrashNet_Processed_Train,TrashNet_Processed_Train::cardboard; TrashNet_Raw::cardboard,data\raw\TrashNet\cardboard\cardboard349.jpg; data\processed\train\cardboard\cardboard349.jpg
EXACT_MD5,7c40ca8455bec05f41accb4a8b6e2fe1,2,TrashNet_Raw; TrashNet_Processed_Train,TrashNet_Processed_Train::cardboard; TrashNet_Raw::cardboard,data\raw\TrashNet\cardboard\cardboard35.jpg; data\processed\train\cardboard\cardboard35.jpg
EXACT_MD5,c2c428e6012b6fcb54faf186a2a006fb,2,TrashNet_Raw; TrashNet_Processed_Test,TrashNet_Processed_Test::cardboard; TrashNet_Raw::cardboard,data\raw\TrashNet\cardboard\cardboard350.jpg; data\processed\test\cardboard\cardboard350.jpg
EXACT_MD5,2ddb25acd67492ec17928b67b7cf0df3,2,TrashNet_Raw; TrashNet_Processed_Train,TrashNet_Processed_Train::cardboard; TrashNet_Raw::cardboard,data\raw\TrashNet\cardboard\cardboard351.jpg; data\processed\train\cardboard\cardboard351.jpg
EXACT_MD5,d38d0bee031fb7822d56847eb799100e,2,TrashNet_Raw; TrashNet_Processed_Train,TrashNet_Processed_Train::cardboard; TrashNet_Raw::cardboard,data\raw\TrashNet\cardboard\cardboard352.jpg; data\processed\train\cardboard\cardboard352.jpg
EXACT_MD5,9eeddd0432e1c49651f4c77e6c757fcd,2,TrashNet_Raw; TrashNet_Processed_Test,TrashNet_Processed_Test::cardboard; TrashNet_Raw::cardboard,data\raw\TrashNet\cardboard\cardboard353.jpg; data\processed\test\cardboard\cardboard353.jpg
EXACT_MD5,b7092f3a2bc5edf673af181dc88a0329,2,TrashNet_Raw; TrashNet_Processed_Train,TrashNet_Processed_Train::cardboard; TrashNet_Raw::cardboard,data\raw\TrashNet\cardboard\cardboard354.jpg; data\processed\train\cardboard\cardboard354.jpg
EXACT_MD5,39eb33dbaf03d35b92c1e52254ef8f9f,2,TrashNet_Raw; TrashNet_Processed_Train,TrashNet_Processed_Train::cardboard; TrashNet_Raw::cardboard,data\raw\TrashNet\cardboard\cardboard355.jpg; data\processed\train\cardboard\cardboard355.jpg
EXACT_MD5,04c99e8139d9d1f89262f00e9fb95d2e,2,TrashNet_Raw; TrashNet_Processed_Val,TrashNet_Raw::cardboard; TrashNet_Processed_Val::cardboard,data\raw\TrashNet\cardboard\cardboard356.jpg; data\processed\val\cardboard\cardboard356.jpg
EXACT_MD5,0eb4c1a6584f6fde84215363ebe85987,2,TrashNet_Raw; TrashNet_Processed_Train,TrashNet_Processed_Train::cardboard; TrashNet_Raw::cardboard,data\raw\TrashNet\cardboard\cardboard357.jpg; data\processed\train\cardboard\cardboard357.jpg
EXACT_MD5,a7a16a4a8295e3da9b4e067fcb48a5f9,2,TrashNet_Raw; TrashNet_Processed_Test,TrashNet_Processed_Test::cardboard; TrashNet_Raw::cardboard,data\raw\TrashNet\cardboard\cardboard358.jpg; data\processed\test\cardboard\cardboard358.jpg
EXACT_MD5,d734a8ce54786d570197200795066ce3,2,TrashNet_Raw; TrashNet_Processed_Train,TrashNet_Processed_Train::cardboard; TrashNet_Raw::cardboard,data\raw\TrashNet\cardboard\cardboard359.jpg; data\processed\train\cardboard\cardboard359.jpg
EXACT_MD5,7a65fd50d569bca038da85b804bf4c2b,2,TrashNet_Raw; TrashNet_Processed_Train,TrashNet_Processed_Train::cardboard; TrashNet_Raw::cardboard,data\raw\TrashNet\cardboard\cardboard36.jpg; data\processed\train\cardboard\cardboard36.jpg
EXACT_MD5,86d0e6617568cf721e7d8e2c3e1b1363,2,TrashNet_Raw; TrashNet_Processed_Val,TrashNet_Raw::cardboard; TrashNet_Processed_Val::cardboard,data\raw\TrashNet\cardboard\cardboard360.jpg; data\processed\val\cardboard\cardboard360.jpg
EXACT_MD5,1b66c03b7b76b395dc2ec727d5a3ddf6,2,TrashNet_Raw; TrashNet_Processed_Train,TrashNet_Processed_Train::cardboard; TrashNet_Raw::cardboard,data\raw\TrashNet\cardboard\cardboard361.jpg; data\processed\train\cardboard\cardboard361.jpg
EXACT_MD5,b887acf63d6bbf41510d29622c2a42d5,2,TrashNet_Raw; TrashNet_Processed_Train,TrashNet_Processed_Train::cardboard; TrashNet_Raw::cardboard,data\raw\TrashNet\cardboard\cardboard362.jpg; data\processed\train\cardboard\cardboard362.jpg
EXACT_MD5,1ae72d0f731a8e888e3a9f9069b33b25,2,TrashNet_Raw; TrashNet_Processed_Train,TrashNet_Processed_Train::cardboard; TrashNet_Raw::cardboard,data\raw\TrashNet\cardboard\cardboard363.jpg; data\processed\train\cardboard\cardboard363.jpg
EXACT_MD5,2c48df8de21f69cce01edc2c9befeac1,2,TrashNet_Raw; TrashNet_Processed_Train,TrashNet_Processed_Train::cardboard; TrashNet_Raw::cardboard,data\raw\TrashNet\cardboard\cardboard364.jpg; data\processed\train\cardboard\cardboard364.jpg
EXACT_MD5,f8279a3427c37d40ff718c64fa1f1236,2,TrashNet_Raw; TrashNet_Processed_Val,TrashNet_Raw::cardboard; TrashNet_Processed_Val::cardboard,data\raw\TrashNet\cardboard\cardboard365.jpg; data\processed\val\cardboard\cardboard365.jpg
EXACT_MD5,384a0eeb76e03b7e1a77787abe2676a0,2,TrashNet_Raw; TrashNet_Processed_Train,TrashNet_Processed_Train::cardboard; TrashNet_Raw::cardboard,data\raw\TrashNet\cardboard\cardboard366.jpg; data\processed\train\cardboard\cardboard366.jpg
EXACT_MD5,7b5a23a315f425f20da6ae4f8b16e5cc,2,TrashNet_Raw; TrashNet_Processed_Train,TrashNet_Processed_Train::cardboard; TrashNet_Raw::cardboard,data\raw\TrashNet\cardboard\cardboard367.jpg; data\processed\train\cardboard\cardboard367.jpg
EXACT_MD5,d4c04fa3112b86ed5b43f5467b20752a,2,TrashNet_Raw; TrashNet_Processed_Train,TrashNet_Processed_Train::cardboard; TrashNet_Raw::cardboard,data\raw\TrashNet\cardboard\cardboard368.jpg; data\processed\train\cardboard\cardboard368.jpg
EXACT_MD5,0509bf4c103abfba1196736b0cf541c0,2,TrashNet_Raw; TrashNet_Processed_Train,TrashNet_Processed_Train::cardboard; TrashNet_Raw::cardboard,data\raw\TrashNet\cardboard\cardboard369.jpg; data\processed\train\cardboard\cardboard369.jpg
EXACT_MD5,22bb6e5263868255b485b5d3f4615a39,2,TrashNet_Raw; TrashNet_Processed_Train,TrashNet_Processed_Train::cardboard; TrashNet_Raw::cardboard,data\raw\TrashNet\cardboard\cardboard37.jpg; data\processed\train\cardboard\cardboard37.jpg
EXACT_MD5,fc8de15c633475195819987da35facd8,2,TrashNet_Raw; TrashNet_Processed_Test,TrashNet_Processed_Test::cardboard; TrashNet_Raw::cardboard,data\raw\TrashNet\cardboard\cardboard370.jpg; data\processed\test\cardboard\cardboard370.jpg
EXACT_MD5,1b4a41f79980e1bf1d07106caa7bb988,2,TrashNet_Raw; TrashNet_Processed_Test,TrashNet_Processed_Test::cardboard; TrashNet_Raw::cardboard,data\raw\TrashNet\cardboard\cardboard371.jpg; data\processed\test\cardboard\cardboard371.jpg
EXACT_MD5,9213f24b0adb6b2329153304f32cc6e1,2,TrashNet_Raw; TrashNet_Processed_Train,TrashNet_Processed_Train::cardboard; TrashNet_Raw::cardboard,data\raw\TrashNet\cardboard\cardboard372.jpg; data\processed\train\cardboard\cardboard372.jpg
EXACT_MD5,3e9e9fc5ccfa7e1ab13b6db41ed566a5,2,TrashNet_Raw; TrashNet_Processed_Train,TrashNet_Processed_Train::cardboard; TrashNet_Raw::cardboard,data\raw\TrashNet\cardboard\cardboard373.jpg; data\processed\train\cardboard\cardboard373.jpg
EXACT_MD5,83f2d9f5cb2e58b19b85c5f9ab145b22,2,TrashNet_Raw; TrashNet_Processed_Val,TrashNet_Raw::cardboard; TrashNet_Processed_Val::cardboard,data\raw\TrashNet\cardboard\cardboard374.jpg; data\processed\val\cardboard\cardboard374.jpg
EXACT_MD5,f6a2f4a4ac205c022c62ca6dd3bd9c55,2,TrashNet_Raw; TrashNet_Processed_Train,TrashNet_Processed_Train::cardboard; TrashNet_Raw::cardboard,data\raw\TrashNet\cardboard\cardboard375.jpg; data\processed\train\cardboard\cardboard375.jpg
EXACT_MD5,de4fdbd18c031b69cebed1a2db9aa3d6,2,TrashNet_Raw; TrashNet_Processed_Train,TrashNet_Processed_Train::cardboard; TrashNet_Raw::cardboard,data\raw\TrashNet\cardboard\cardboard376.jpg; data\processed\train\cardboard\cardboard376.jpg
EXACT_MD5,18f66ae2c4ae9013367d559cd21484ad,2,TrashNet_Raw; TrashNet_Processed_Test,TrashNet_Processed_Test::cardboard; TrashNet_Raw::cardboard,data\raw\TrashNet\cardboard\cardboard377.jpg; data\processed\test\cardboard\cardboard377.jpg
EXACT_MD5,80f29d645715b312eb816badc53a66c5,2,TrashNet_Raw; TrashNet_Processed_Test,TrashNet_Processed_Test::cardboard; TrashNet_Raw::cardboard,data\raw\TrashNet\cardboard\cardboard378.jpg; data\processed\test\cardboard\cardboard378.jpg
EXACT_MD5,d994fa817b7a1e14e2ea668cc337f2e0,2,TrashNet_Raw; TrashNet_Processed_Val,TrashNet_Raw::cardboard; TrashNet_Processed_Val::cardboard,data\raw\TrashNet\cardboard\cardboard379.jpg; data\processed\val\cardboard\cardboard379.jpg
EXACT_MD5,a3d01b297bcc30f125e888da44751a00,2,TrashNet_Raw; TrashNet_Processed_Val,TrashNet_Raw::cardboard; TrashNet_Processed_Val::cardboard,data\raw\TrashNet\cardboard\cardboard38.jpg; data\processed\val\cardboard\cardboard38.jpg
EXACT_MD5,6534792e4edcf026d00fb02ad9652b82,2,TrashNet_Raw; TrashNet_Processed_Train,TrashNet_Processed_Train::cardboard; TrashNet_Raw::cardboard,data\raw\TrashNet\cardboard\cardboard380.jpg; data\processed\train\cardboard\cardboard380.jpg
EXACT_MD5,88461f0f46ffe18b42f8fd1dfdc63f5c,2,TrashNet_Raw; TrashNet_Processed_Train,TrashNet_Processed_Train::cardboard; TrashNet_Raw::cardboard,data\raw\TrashNet\cardboard\cardboard381.jpg; data\processed\train\cardboard\cardboard381.jpg
EXACT_MD5,79033936d2ead7288e8ca4144fbc572b,2,TrashNet_Raw; TrashNet_Processed_Train,TrashNet_Processed_Train::cardboard; TrashNet_Raw::cardboard,data\raw\TrashNet\cardboard\cardboard382.jpg; data\processed\train\cardboard\cardboard382.jpg
EXACT_MD5,90d8691f7a3a4bdd10ca76eda19d467f,2,TrashNet_Raw; TrashNet_Processed_Train,TrashNet_Processed_Train::cardboard; TrashNet_Raw::cardboard,data\raw\TrashNet\cardboard\cardboard383.jpg; data\processed\train\cardboard\cardboard383.jpg
EXACT_MD5,a322de32ce8b6538baa013ce3ac54dd0,2,TrashNet_Raw; TrashNet_Processed_Val,TrashNet_Raw::cardboard; TrashNet_Processed_Val::cardboard,data\raw\TrashNet\cardboard\cardboard384.jpg; data\processed\val\cardboard\cardboard384.jpg
EXACT_MD5,ddcaaf792b2030c1dc771b5520481647,2,TrashNet_Raw; TrashNet_Processed_Train,TrashNet_Processed_Train::cardboard; TrashNet_Raw::cardboard,data\raw\TrashNet\cardboard\cardboard385.jpg; data\processed\train\cardboard\cardboard385.jpg
EXACT_MD5,65c52d2b5f857ff5d790549839d5bf17,2,TrashNet_Raw; TrashNet_Processed_Train,TrashNet_Processed_Train::cardboard; TrashNet_Raw::cardboard,data\raw\TrashNet\cardboard\cardboard386.jpg; data\processed\train\cardboard\cardboard386.jpg
EXACT_MD5,4bd48913ed8854f0cfb8e1e1d0426091,2,TrashNet_Raw; TrashNet_Processed_Train,TrashNet_Processed_Train::cardboard; TrashNet_Raw::cardboard,data\raw\TrashNet\cardboard\cardboard387.jpg; data\processed\train\cardboard\cardboard387.jpg
EXACT_MD5,dad6cdfb5bb7efb511d2183427ebfe61,2,TrashNet_Raw; TrashNet_Processed_Train,TrashNet_Processed_Train::cardboard; TrashNet_Raw::cardboard,data\raw\TrashNet\cardboard\cardboard388.jpg; data\processed\train\cardboard\cardboard388.jpg
EXACT_MD5,89d5414ed2e5078088b436024f68525a,2,TrashNet_Raw; TrashNet_Processed_Test,TrashNet_Processed_Test::cardboard; TrashNet_Raw::cardboard,data\raw\TrashNet\cardboard\cardboard389.jpg; data\processed\test\cardboard\cardboard389.jpg
EXACT_MD5,15b1d30b3ed22bb3981de6542e9a21c6,2,TrashNet_Raw; TrashNet_Processed_Train,TrashNet_Processed_Train::cardboard; TrashNet_Raw::cardboard,data\raw\TrashNet\cardboard\cardboard39.jpg; data\processed\train\cardboard\cardboard39.jpg
EXACT_MD5,096114241b57cc7ae623d42101ddd71a,2,TrashNet_Raw; TrashNet_Processed_Train,TrashNet_Processed_Train::cardboard; TrashNet_Raw::cardboard,data\raw\TrashNet\cardboard\cardboard390.jpg; data\processed\train\cardboard\cardboard390.jpg
EXACT_MD5,72d956b76b8a58c60c24b9f63f6f1a5e,2,TrashNet_Raw; TrashNet_Processed_Train,TrashNet_Processed_Train::cardboard; TrashNet_Raw::cardboard,data\raw\TrashNet\cardboard\cardboard391.jpg; data\processed\train\cardboard\cardboard391.jpg
EXACT_MD5,1ca12898a3768f9653e8ba3e92664bac,2,TrashNet_Raw; TrashNet_Processed_Val,TrashNet_Raw::cardboard; TrashNet_Processed_Val::cardboard,data\raw\TrashNet\cardboard\cardboard392.jpg; data\processed\val\cardboard\cardboard392.jpg
EXACT_MD5,e6df118d935d25b3c620cd33c63c2308,2,TrashNet_Raw; TrashNet_Processed_Train,TrashNet_Processed_Train::cardboard; TrashNet_Raw::cardboard,data\raw\TrashNet\cardboard\cardboard393.jpg; data\processed\train\cardboard\cardboard393.jpg
EXACT_MD5,2b89b28432507bea9c1697e18515d864,2,TrashNet_Raw; TrashNet_Processed_Test,TrashNet_Processed_Test::cardboard; TrashNet_Raw::cardboard,data\raw\TrashNet\cardboard\cardboard394.jpg; data\processed\test\cardboard\cardboard394.jpg
EXACT_MD5,77df7e098afcaed13cb5ac4dcb844fd7,2,TrashNet_Raw; TrashNet_Processed_Train,TrashNet_Processed_Train::cardboard; TrashNet_Raw::cardboard,data\raw\TrashNet\cardboard\cardboard395.jpg; data\processed\train\cardboard\cardboard395.jpg
EXACT_MD5,0c2ca568f6c622291d06bf972ec9e649,2,TrashNet_Raw; TrashNet_Processed_Train,TrashNet_Processed_Train::cardboard; TrashNet_Raw::cardboard,data\raw\TrashNet\cardboard\cardboard396.jpg; data\processed\train\cardboard\cardboard396.jpg
EXACT_MD5,93d7049ba22fab5736dd326747c9c669,2,TrashNet_Raw; TrashNet_Processed_Val,TrashNet_Raw::cardboard; TrashNet_Processed_Val::cardboard,data\raw\TrashNet\cardboard\cardboard397.jpg; data\processed\val\cardboard\cardboard397.jpg
EXACT_MD5,3aa0bd7c4d95a01bf0c668f0dbc543f5,2,TrashNet_Raw; TrashNet_Processed_Train,TrashNet_Processed_Train::cardboard; TrashNet_Raw::cardboard,data\raw\TrashNet\cardboard\cardboard398.jpg; data\processed\train\cardboard\cardboard398.jpg
EXACT_MD5,f485766c76639a93fd1185149cc809c0,2,TrashNet_Raw; TrashNet_Processed_Test,TrashNet_Processed_Test::cardboard; TrashNet_Raw::cardboard,data\raw\TrashNet\cardboard\cardboard399.jpg; data\processed\test\cardboard\cardboard399.jpg
EXACT_MD5,cb7cdd82c0b99fb17cb691f45204f537,2,TrashNet_Raw; TrashNet_Processed_Train,TrashNet_Processed_Train::cardboard; TrashNet_Raw::cardboard,data\raw\TrashNet\cardboard\cardboard4.jpg; data\processed\train\cardboard\cardboard4.jpg
EXACT_MD5,28f0caa298c7a7461c0a4b984f0fd066,2,TrashNet_Raw; TrashNet_Processed_Train,TrashNet_Processed_Train::cardboard; TrashNet_Raw::cardboard,data\raw\TrashNet\cardboard\cardboard40.jpg; data\processed\train\cardboard\cardboard40.jpg
EXACT_MD5,fd700d8f84925108757d33d7d0d18714,2,TrashNet_Raw; TrashNet_Processed_Train,TrashNet_Processed_Train::cardboard; TrashNet_Raw::cardboard,data\raw\TrashNet\cardboard\cardboard400.jpg; data\processed\train\cardboard\cardboard400.jpg
EXACT_MD5,8e7e4ac1cb91ef79d8c5b51042037025,2,TrashNet_Raw; TrashNet_Processed_Train,TrashNet_Processed_Train::cardboard; TrashNet_Raw::cardboard,data\raw\TrashNet\cardboard\cardboard401.jpg; data\processed\train\cardboard\cardboard401.jpg
EXACT_MD5,e7f6edb6188828e59a1ab4923fb2120a,2,TrashNet_Raw; TrashNet_Processed_Train,TrashNet_Processed_Train::cardboard; TrashNet_Raw::cardboard,data\raw\TrashNet\cardboard\cardboard402.jpg; data\processed\train\cardboard\cardboard402.jpg
EXACT_MD5,334b90df7322f934ee5b7a9b54671c21,2,TrashNet_Raw; TrashNet_Processed_Train,TrashNet_Processed_Train::cardboard; TrashNet_Raw::cardboard,data\raw\TrashNet\cardboard\cardboard403.jpg; data\processed\train\cardboard\cardboard403.jpg
EXACT_MD5,825bf3093c3b4781d621d13b5f628d5d,2,TrashNet_Raw; TrashNet_Processed_Train,TrashNet_Processed_Train::cardboard; TrashNet_Raw::cardboard,data\raw\TrashNet\cardboard\cardboard41.jpg; data\processed\train\cardboard\cardboard41.jpg
EXACT_MD5,ec234ec8f84337454e3186599de1a719,2,TrashNet_Raw; TrashNet_Processed_Val,TrashNet_Raw::cardboard; TrashNet_Processed_Val::cardboard,data\raw\TrashNet\cardboard\cardboard42.jpg; data\processed\val\cardboard\cardboard42.jpg
EXACT_MD5,752c26ecda3b7e91104485839d774827,2,TrashNet_Raw; TrashNet_Processed_Train,TrashNet_Processed_Train::cardboard; TrashNet_Raw::cardboard,data\raw\TrashNet\cardboard\cardboard43.jpg; data\processed\train\cardboard\cardboard43.jpg
EXACT_MD5,ae3371d9d7fb5c8cee180f15f26cb330,2,TrashNet_Raw; TrashNet_Processed_Train,TrashNet_Processed_Train::cardboard; TrashNet_Raw::cardboard,data\raw\TrashNet\cardboard\cardboard44.jpg; data\processed\train\cardboard\cardboard44.jpg
EXACT_MD5,4aa684ab01c498d24ad72a5d76563572,2,TrashNet_Raw; TrashNet_Processed_Train,TrashNet_Processed_Train::cardboard; TrashNet_Raw::cardboard,data\raw\TrashNet\cardboard\cardboard45.jpg; data\processed\train\cardboard\cardboard45.jpg
EXACT_MD5,6619613247d98977f33103da67ad2d68,2,TrashNet_Raw; TrashNet_Processed_Train,TrashNet_Processed_Train::cardboard; TrashNet_Raw::cardboard,data\raw\TrashNet\cardboard\cardboard46.jpg; data\processed\train\cardboard\cardboard46.jpg
EXACT_MD5,ed16e38ee337a02caacc361b4cc8c33b,2,TrashNet_Raw; TrashNet_Processed_Val,TrashNet_Raw::cardboard; TrashNet_Processed_Val::cardboard,data\raw\TrashNet\cardboard\cardboard47.jpg; data\processed\val\cardboard\cardboard47.jpg
EXACT_MD5,4ff2eceb7009702be922e492cd41600f,2,TrashNet_Raw; TrashNet_Processed_Test,TrashNet_Processed_Test::cardboard; TrashNet_Raw::cardboard,data\raw\TrashNet\cardboard\cardboard48.jpg; data\processed\test\cardboard\cardboard48.jpg
EXACT_MD5,36bace65e6c1e1d92fbd330e0a098a7d,2,TrashNet_Raw; TrashNet_Processed_Train,TrashNet_Processed_Train::cardboard; TrashNet_Raw::cardboard,data\raw\TrashNet\cardboard\cardboard49.jpg; data\processed\train\cardboard\cardboard49.jpg
EXACT_MD5,49b860a4624362138370c912adfb4ad9,2,TrashNet_Raw; TrashNet_Processed_Train,TrashNet_Processed_Train::cardboard; TrashNet_Raw::cardboard,data\raw\TrashNet\cardboard\cardboard5.jpg; data\processed\train\cardboard\cardboard5.jpg
EXACT_MD5,285f89d3b289ebe929be0dc5b5d8214d,2,TrashNet_Raw; TrashNet_Processed_Train,TrashNet_Processed_Train::cardboard; TrashNet_Raw::cardboard,data\raw\TrashNet\cardboard\cardboard50.jpg; data\processed\train\cardboard\cardboard50.jpg
EXACT_MD5,9c039169718aafd4df57b68313911aa4,2,TrashNet_Raw; TrashNet_Processed_Train,TrashNet_Processed_Train::cardboard; TrashNet_Raw::cardboard,data\raw\TrashNet\cardboard\cardboard51.jpg; data\processed\train\cardboard\cardboard51.jpg
EXACT_MD5,cb284382f4c88a047b012ac7ad2d92c3,2,TrashNet_Raw; TrashNet_Processed_Val,TrashNet_Raw::cardboard; TrashNet_Processed_Val::cardboard,data\raw\TrashNet\cardboard\cardboard52.jpg; data\processed\val\cardboard\cardboard52.jpg
EXACT_MD5,2efd811c87a6359c5b9a1d8f98d74e8f,2,TrashNet_Raw; TrashNet_Processed_Train,TrashNet_Processed_Train::cardboard; TrashNet_Raw::cardboard,data\raw\TrashNet\cardboard\cardboard53.jpg; data\processed\train\cardboard\cardboard53.jpg
EXACT_MD5,78db56f03f25fa3b6418ad15fc606557,2,TrashNet_Raw; TrashNet_Processed_Train,TrashNet_Processed_Train::cardboard; TrashNet_Raw::cardboard,data\raw\TrashNet\cardboard\cardboard54.jpg; data\processed\train\cardboard\cardboard54.jpg
EXACT_MD5,88f0ca137743b97dcff8dc23624063dd,2,TrashNet_Raw; TrashNet_Processed_Train,TrashNet_Processed_Train::cardboard; TrashNet_Raw::cardboard,data\raw\TrashNet\cardboard\cardboard55.jpg; data\processed\train\cardboard\cardboard55.jpg
EXACT_MD5,2e42427c19ad1a5d40a02b694b3d3020,2,TrashNet_Raw; TrashNet_Processed_Train,TrashNet_Processed_Train::cardboard; TrashNet_Raw::cardboard,data\raw\TrashNet\cardboard\cardboard56.jpg; data\processed\train\cardboard\cardboard56.jpg
EXACT_MD5,5e717697ba986d334e392411ef4ba478,2,TrashNet_Raw; TrashNet_Processed_Val,TrashNet_Raw::cardboard; TrashNet_Processed_Val::cardboard,data\raw\TrashNet\cardboard\cardboard57.jpg; data\processed\val\cardboard\cardboard57.jpg
EXACT_MD5,9163d33278d5914847872610a1f47a45,2,TrashNet_Raw; TrashNet_Processed_Test,TrashNet_Processed_Test::cardboard; TrashNet_Raw::cardboard,data\raw\TrashNet\cardboard\cardboard58.jpg; data\processed\test\cardboard\cardboard58.jpg
EXACT_MD5,aec9076cfcc087742e569a0a373de024,2,TrashNet_Raw; TrashNet_Processed_Train,TrashNet_Processed_Train::cardboard; TrashNet_Raw::cardboard,data\raw\TrashNet\cardboard\cardboard59.jpg; data\processed\train\cardboard\cardboard59.jpg
EXACT_MD5,16ea84c692e2d337ba0d813c2ce3ac2c,2,TrashNet_Raw; TrashNet_Processed_Test,TrashNet_Processed_Test::cardboard; TrashNet_Raw::cardboard,data\raw\TrashNet\cardboard\cardboard6.jpg; data\processed\test\cardboard\cardboard6.jpg
EXACT_MD5,9c51d3350070b50e82af7f0424926b51,2,TrashNet_Raw; TrashNet_Processed_Train,TrashNet_Processed_Train::cardboard; TrashNet_Raw::cardboard,data\raw\TrashNet\cardboard\cardboard60.jpg; data\processed\train\cardboard\cardboard60.jpg
EXACT_MD5,d57defb1eec094ce3c20f8d64b17a039,2,TrashNet_Raw; TrashNet_Processed_Train,TrashNet_Processed_Train::cardboard; TrashNet_Raw::cardboard,data\raw\TrashNet\cardboard\cardboard61.jpg; data\processed\train\cardboard\cardboard61.jpg
EXACT_MD5,60cc7d1b0f4f4ddfad9053ca98e5f8c6,2,TrashNet_Raw; TrashNet_Processed_Val,TrashNet_Raw::cardboard; TrashNet_Processed_Val::cardboard,data\raw\TrashNet\cardboard\cardboard62.jpg; data\processed\val\cardboard\cardboard62.jpg
EXACT_MD5,e88b44986ade4809836a868f80cb0804,2,TrashNet_Raw; TrashNet_Processed_Train,TrashNet_Processed_Train::cardboard; TrashNet_Raw::cardboard,data\raw\TrashNet\cardboard\cardboard63.jpg; data\processed\train\cardboard\cardboard63.jpg
EXACT_MD5,9e2b6264379de5bf564433c8eadb973b,2,TrashNet_Raw; TrashNet_Processed_Train,TrashNet_Processed_Train::cardboard; TrashNet_Raw::cardboard,data\raw\TrashNet\cardboard\cardboard64.jpg; data\processed\train\cardboard\cardboard64.jpg
EXACT_MD5,cb130054e1b244ba94249ce1ab32b198,2,TrashNet_Raw; TrashNet_Processed_Train,TrashNet_Processed_Train::cardboard; TrashNet_Raw::cardboard,data\raw\TrashNet\cardboard\cardboard65.jpg; data\processed\train\cardboard\cardboard65.jpg
EXACT_MD5,2e10ed9384f9734491e8f7797c3ba6e3,2,TrashNet_Raw; TrashNet_Processed_Test,TrashNet_Processed_Test::cardboard; TrashNet_Raw::cardboard,data\raw\TrashNet\cardboard\cardboard66.jpg; data\processed\test\cardboard\cardboard66.jpg
EXACT_MD5,3b6f1ad70c975164b7172dd76fd3bdf1,2,TrashNet_Raw; TrashNet_Processed_Train,TrashNet_Processed_Train::cardboard; TrashNet_Raw::cardboard,data\raw\TrashNet\cardboard\cardboard67.jpg; data\processed\train\cardboard\cardboard67.jpg
EXACT_MD5,2a127a90dba5a8d07c1e3c7e65c84e71,2,TrashNet_Raw; TrashNet_Processed_Test,TrashNet_Processed_Test::cardboard; TrashNet_Raw::cardboard,data\raw\TrashNet\cardboard\cardboard68.jpg; data\processed\test\cardboard\cardboard68.jpg
EXACT_MD5,988453e05fde39494d1506cf9a40a92c,2,TrashNet_Raw; TrashNet_Processed_Val,TrashNet_Raw::cardboard; TrashNet_Processed_Val::cardboard,data\raw\TrashNet\cardboard\cardboard69.jpg; data\processed\val\cardboard\cardboard69.jpg
EXACT_MD5,3b586246cc9927842c4a8960ff7855ce,2,TrashNet_Raw; TrashNet_Processed_Train,TrashNet_Processed_Train::cardboard; TrashNet_Raw::cardboard,data\raw\TrashNet\cardboard\cardboard7.jpg; data\processed\train\cardboard\cardboard7.jpg
EXACT_MD5,3d6a38dc40bf6bcbdfa1a1f5b9333b48,2,TrashNet_Raw; TrashNet_Processed_Val,TrashNet_Raw::cardboard; TrashNet_Processed_Val::cardboard,data\raw\TrashNet\cardboard\cardboard70.jpg; data\processed\val\cardboard\cardboard70.jpg
EXACT_MD5,6efd8ece773fc2dc93d90726ea9d3d8a,2,TrashNet_Raw; TrashNet_Processed_Train,TrashNet_Processed_Train::cardboard; TrashNet_Raw::cardboard,data\raw\TrashNet\cardboard\cardboard71.jpg; data\processed\train\cardboard\cardboard71.jpg
EXACT_MD5,31a21f50244ddec1035597b0f6bca7a1,2,TrashNet_Raw; TrashNet_Processed_Train,TrashNet_Processed_Train::cardboard; TrashNet_Raw::cardboard,data\raw\TrashNet\cardboard\cardboard72.jpg; data\processed\train\cardboard\cardboard72.jpg
EXACT_MD5,8b3a6be7b9896d3ed4a8c2c85af67212,2,TrashNet_Raw; TrashNet_Processed_Train,TrashNet_Processed_Train::cardboard; TrashNet_Raw::cardboard,data\raw\TrashNet\cardboard\cardboard73.jpg; data\processed\train\cardboard\cardboard73.jpg
EXACT_MD5,383d223f209a5a864fd43b25c02b1c36,2,TrashNet_Raw; TrashNet_Processed_Train,TrashNet_Processed_Train::cardboard; TrashNet_Raw::cardboard,data\raw\TrashNet\cardboard\cardboard74.jpg; data\processed\train\cardboard\cardboard74.jpg
EXACT_MD5,946c5e288d91d4a66019f89790210ee3,2,TrashNet_Raw; TrashNet_Processed_Train,TrashNet_Processed_Train::cardboard; TrashNet_Raw::cardboard,data\raw\TrashNet\cardboard\cardboard75.jpg; data\processed\train\cardboard\cardboard75.jpg
EXACT_MD5,28738b27970e129b6c071c04b26bce22,2,TrashNet_Raw; TrashNet_Processed_Test,TrashNet_Processed_Test::cardboard; TrashNet_Raw::cardboard,data\raw\TrashNet\cardboard\cardboard76.jpg; data\processed\test\cardboard\cardboard76.jpg
EXACT_MD5,48935cb603ca2c8c45eae7b60828227a,2,TrashNet_Raw; TrashNet_Processed_Val,TrashNet_Raw::cardboard; TrashNet_Processed_Val::cardboard,data\raw\TrashNet\cardboard\cardboard77.jpg; data\processed\val\cardboard\cardboard77.jpg
EXACT_MD5,c76635e5072593a6d265d34f4f1dd493,2,TrashNet_Raw; TrashNet_Processed_Test,TrashNet_Processed_Test::cardboard; TrashNet_Raw::cardboard,data\raw\TrashNet\cardboard\cardboard78.jpg; data\processed\test\cardboard\cardboard78.jpg
EXACT_MD5,1649c38746ec1ab96374be65aac8c65d,2,TrashNet_Raw; TrashNet_Processed_Train,TrashNet_Processed_Train::cardboard; TrashNet_Raw::cardboard,data\raw\TrashNet\cardboard\cardboard79.jpg; data\processed\train\cardboard\cardboard79.jpg
EXACT_MD5,878db51c1272cfae5ab6b8ec584b8525,2,TrashNet_Raw; TrashNet_Processed_Train,TrashNet_Processed_Train::cardboard; TrashNet_Raw::cardboard,data\raw\TrashNet\cardboard\cardboard8.jpg; data\processed\train\cardboard\cardboard8.jpg
EXACT_MD5,d6b8ce3134ce4afbdc06acf0b404bc32,2,TrashNet_Raw; TrashNet_Processed_Val,TrashNet_Raw::cardboard; TrashNet_Processed_Val::cardboard,data\raw\TrashNet\cardboard\cardboard80.jpg; data\processed\val\cardboard\cardboard80.jpg
EXACT_MD5,0562fc70f8934327bb1630ba291fbe7d,2,TrashNet_Raw; TrashNet_Processed_Train,TrashNet_Processed_Train::cardboard; TrashNet_Raw::cardboard,data\raw\TrashNet\cardboard\cardboard81.jpg; data\processed\train\cardboard\cardboard81.jpg
EXACT_MD5,4707866c074f9f2cde2bf23f02b0bf12,2,TrashNet_Raw; TrashNet_Processed_Test,TrashNet_Processed_Test::cardboard; TrashNet_Raw::cardboard,data\raw\TrashNet\cardboard\cardboard82.jpg; data\processed\test\cardboard\cardboard82.jpg
EXACT_MD5,9076e622961bf750460a7cc318af0f92,2,TrashNet_Raw; TrashNet_Processed_Train,TrashNet_Processed_Train::cardboard; TrashNet_Raw::cardboard,data\raw\TrashNet\cardboard\cardboard83.jpg; data\processed\train\cardboard\cardboard83.jpg
EXACT_MD5,d856f12d4a9af95b28fd983830e2f885,2,TrashNet_Raw; TrashNet_Processed_Val,TrashNet_Raw::cardboard; TrashNet_Processed_Val::cardboard,data\raw\TrashNet\cardboard\cardboard84.jpg; data\processed\val\cardboard\cardboard84.jpg
EXACT_MD5,1e7216d8ce2a3f7809132f558c4ccb45,2,TrashNet_Raw; TrashNet_Processed_Test,TrashNet_Processed_Test::cardboard; TrashNet_Raw::cardboard,data\raw\TrashNet\cardboard\cardboard85.jpg; data\processed\test\cardboard\cardboard85.jpg
EXACT_MD5,affea1949e733ca55387d7274d245721,2,TrashNet_Raw; TrashNet_Processed_Train,TrashNet_Processed_Train::cardboard; TrashNet_Raw::cardboard,data\raw\TrashNet\cardboard\cardboard86.jpg; data\processed\train\cardboard\cardboard86.jpg
EXACT_MD5,5d13ab2fb4ea572e6e873e38f820c2c1,2,TrashNet_Raw; TrashNet_Processed_Train,TrashNet_Processed_Train::cardboard; TrashNet_Raw::cardboard,data\raw\TrashNet\cardboard\cardboard87.jpg; data\processed\train\cardboard\cardboard87.jpg
EXACT_MD5,44b4df5433c33fee42ea1e8f8c881a34,2,TrashNet_Raw; TrashNet_Processed_Test,TrashNet_Processed_Test::cardboard; TrashNet_Raw::cardboard,data\raw\TrashNet\cardboard\cardboard88.jpg; data\processed\test\cardboard\cardboard88.jpg
EXACT_MD5,c5789c65a331b72e9d0171cf1f7b9a14,2,TrashNet_Raw; TrashNet_Processed_Train,TrashNet_Processed_Train::cardboard; TrashNet_Raw::cardboard,data\raw\TrashNet\cardboard\cardboard89.jpg; data\processed\train\cardboard\cardboard89.jpg
EXACT_MD5,c001ac22bde6a7dd43e986539339b263,2,TrashNet_Raw; TrashNet_Processed_Train,TrashNet_Processed_Train::cardboard; TrashNet_Raw::cardboard,data\raw\TrashNet\cardboard\cardboard9.jpg; data\processed\train\cardboard\cardboard9.jpg
EXACT_MD5,005e7881c8daf3ed9e0b97965aa54dca,2,TrashNet_Raw; TrashNet_Processed_Test,TrashNet_Processed_Test::cardboard; TrashNet_Raw::cardboard,data\raw\TrashNet\cardboard\cardboard90.jpg; data\processed\test\cardboard\cardboard90.jpg
EXACT_MD5,e1b46d6ff721cf5652f2c5463cba8614,2,TrashNet_Raw; TrashNet_Processed_Train,TrashNet_Processed_Train::cardboard; TrashNet_Raw::cardboard,data\raw\TrashNet\cardboard\cardboard91.jpg; data\processed\train\cardboard\cardboard91.jpg
EXACT_MD5,ef34311e77ac26925d6f832a28d122ec,2,TrashNet_Raw; TrashNet_Processed_Val,TrashNet_Raw::cardboard; TrashNet_Processed_Val::cardboard,data\raw\TrashNet\cardboard\cardboard92.jpg; data\processed\val\cardboard\cardboard92.jpg
EXACT_MD5,8a5f98d34f072f6f4949b07057830e08,2,TrashNet_Raw; TrashNet_Processed_Train,TrashNet_Processed_Train::cardboard; TrashNet_Raw::cardboard,data\raw\TrashNet\cardboard\cardboard93.jpg; data\processed\train\cardboard\cardboard93.jpg
EXACT_MD5,563b1c809eab9332f3b52a0bc41341f4,2,TrashNet_Raw; TrashNet_Processed_Val,TrashNet_Raw::cardboard; TrashNet_Processed_Val::cardboard,data\raw\TrashNet\cardboard\cardboard94.jpg; data\processed\val\cardboard\cardboard94.jpg
EXACT_MD5,7c522bb1187a31b0963c5607d68fabb1,2,TrashNet_Raw; TrashNet_Processed_Train,TrashNet_Processed_Train::cardboard; TrashNet_Raw::cardboard,data\raw\TrashNet\cardboard\cardboard95.jpg; data\processed\train\cardboard\cardboard95.jpg
EXACT_MD5,21a1c85e7964880854b60cb33f99da1b,2,TrashNet_Raw; TrashNet_Processed_Test,TrashNet_Processed_Test::cardboard; TrashNet_Raw::cardboard,data\raw\TrashNet\cardboard\cardboard96.jpg; data\processed\test\cardboard\cardboard96.jpg
EXACT_MD5,25f1a7e58976eac2f14874fb8dc80065,2,TrashNet_Raw; TrashNet_Processed_Train,TrashNet_Processed_Train::cardboard; TrashNet_Raw::cardboard,data\raw\TrashNet\cardboard\cardboard97.jpg; data\processed\train\cardboard\cardboard97.jpg
EXACT_MD5,7d976979628948f75afd371bb1d8cd55,2,TrashNet_Raw; TrashNet_Processed_Train,TrashNet_Processed_Train::cardboard; TrashNet_Raw::cardboard,data\raw\TrashNet\cardboard\cardboard98.jpg; data\processed\train\cardboard\cardboard98.jpg
EXACT_MD5,824e979a79b3e9ad85ef04694268943b,2,TrashNet_Raw; TrashNet_Processed_Val,TrashNet_Raw::cardboard; TrashNet_Processed_Val::cardboard,data\raw\TrashNet\cardboard\cardboard99.jpg; data\processed\val\cardboard\cardboard99.jpg
EXACT_MD5,452628231113fbb986e9389416800ea3,2,TrashNet_Raw; TrashNet_Processed_Val,TrashNet_Raw::glass; TrashNet_Processed_Val::glass,data\raw\TrashNet\glass\glass1.jpg; data\processed\val\glass\glass1.jpg
EXACT_MD5,f3435bd5d9226e668a43a6a8dc984bb1,2,TrashNet_Raw; TrashNet_Processed_Test,TrashNet_Raw::glass; TrashNet_Processed_Test::glass,data\raw\TrashNet\glass\glass10.jpg; data\processed\test\glass\glass10.jpg
EXACT_MD5,331708f481833ad942db9dfa2a8a658f,2,TrashNet_Raw; TrashNet_Processed_Train,TrashNet_Raw::glass; TrashNet_Processed_Train::glass,data\raw\TrashNet\glass\glass100.jpg; data\processed\train\glass\glass100.jpg
EXACT_MD5,d555950aceda1efc7f081292cec6f62d,2,TrashNet_Raw; TrashNet_Processed_Train,TrashNet_Raw::glass; TrashNet_Processed_Train::glass,data\raw\TrashNet\glass\glass101.jpg; data\processed\train\glass\glass101.jpg
EXACT_MD5,bd89ad9eba5710073de82960317d5b2c,2,TrashNet_Raw; TrashNet_Processed_Test,TrashNet_Raw::glass; TrashNet_Processed_Test::glass,data\raw\TrashNet\glass\glass102.jpg; data\processed\test\glass\glass102.jpg
EXACT_MD5,8cc3e8dbbd754c90879effc7899ed4e3,2,TrashNet_Raw; TrashNet_Processed_Train,TrashNet_Raw::glass; TrashNet_Processed_Train::glass,data\raw\TrashNet\glass\glass103.jpg; data\processed\train\glass\glass103.jpg
EXACT_MD5,f19fdf10d3a3e1c7f8b1fc3dec92f462,2,TrashNet_Raw; TrashNet_Processed_Train,TrashNet_Raw::glass; TrashNet_Processed_Train::glass,data\raw\TrashNet\glass\glass104.jpg; data\processed\train\glass\glass104.jpg
EXACT_MD5,23257189f1692368f76f50127ca7b07f,2,TrashNet_Raw; TrashNet_Processed_Train,TrashNet_Raw::glass; TrashNet_Processed_Train::glass,data\raw\TrashNet\glass\glass105.jpg; data\processed\train\glass\glass105.jpg
EXACT_MD5,c960c1f0316c4679c20d0b11103f80d5,2,TrashNet_Raw; TrashNet_Processed_Train,TrashNet_Raw::glass; TrashNet_Processed_Train::glass,data\raw\TrashNet\glass\glass106.jpg; data\processed\train\glass\glass106.jpg
EXACT_MD5,730c8c50251622775053e3f5b69bf5fa,2,TrashNet_Raw; TrashNet_Processed_Train,TrashNet_Raw::glass; TrashNet_Processed_Train::glass,data\raw\TrashNet\glass\glass107.jpg; data\processed\train\glass\glass107.jpg
EXACT_MD5,8ae35d09988e76c387fdff8241ce528f,2,TrashNet_Raw; TrashNet_Processed_Train,TrashNet_Raw::glass; TrashNet_Processed_Train::glass,data\raw\TrashNet\glass\glass108.jpg; data\processed\train\glass\glass108.jpg
EXACT_MD5,c2ed4f2a57e4b8cd23cb3f6d33811100,2,TrashNet_Raw; TrashNet_Processed_Train,TrashNet_Raw::glass; TrashNet_Processed_Train::glass,data\raw\TrashNet\glass\glass109.jpg; data\processed\train\glass\glass109.jpg
EXACT_MD5,00be86250e1d45f4658eb1585301c055,2,TrashNet_Raw; TrashNet_Processed_Test,TrashNet_Raw::glass; TrashNet_Processed_Test::glass,data\raw\TrashNet\glass\glass11.jpg; data\processed\test\glass\glass11.jpg
EXACT_MD5,5e3e352389a17c262005ee4e9fa93d31,2,TrashNet_Raw; TrashNet_Processed_Train,TrashNet_Raw::glass; TrashNet_Processed_Train::glass,data\raw\TrashNet\glass\glass110.jpg; data\processed\train\glass\glass110.jpg
EXACT_MD5,e5f0fee8a668232bd339f10938a8ab74,2,TrashNet_Raw; TrashNet_Processed_Val,TrashNet_Raw::glass; TrashNet_Processed_Val::glass,data\raw\TrashNet\glass\glass111.jpg; data\processed\val\glass\glass111.jpg
EXACT_MD5,77543a8a2cd33e41ca382d526a776d98,2,TrashNet_Raw; TrashNet_Processed_Train,TrashNet_Raw::glass; TrashNet_Processed_Train::glass,data\raw\TrashNet\glass\glass112.jpg; data\processed\train\glass\glass112.jpg
EXACT_MD5,5f825cf19d025948db38687351fdd59c,2,TrashNet_Raw; TrashNet_Processed_Train,TrashNet_Raw::glass; TrashNet_Processed_Train::glass,data\raw\TrashNet\glass\glass113.jpg; data\processed\train\glass\glass113.jpg
EXACT_MD5,f797ae10c2d8d54f68774a09c3e28758,2,TrashNet_Raw; TrashNet_Processed_Train,TrashNet_Raw::glass; TrashNet_Processed_Train::glass,data\raw\TrashNet\glass\glass114.jpg; data\processed\train\glass\glass114.jpg
EXACT_MD5,70df08c3ce6d55e25df4edbbe45e5fe3,4,TrashNet_Raw; TrashNet_Processed_Train,TrashNet_Raw::glass; TrashNet_Processed_Train::glass; TrashNet_Raw::metal; TrashNet_Processed_Train::metal,data\raw\TrashNet\glass\glass115.jpg; data\raw\TrashNet\metal\metal91.jpg; data\processed\train\glass\glass115.jpg; data\processed\train\metal\metal91.jpg
EXACT_MD5,1f58d1e9e89d8f53c9bd850d4a60a4bb,2,TrashNet_Raw; TrashNet_Processed_Test,TrashNet_Raw::glass; TrashNet_Processed_Test::glass,data\raw\TrashNet\glass\glass116.jpg; data\processed\test\glass\glass116.jpg
EXACT_MD5,e8b7374cf0c4e4ec7609d7723be2d698,2,TrashNet_Raw; TrashNet_Processed_Val,TrashNet_Raw::glass; TrashNet_Processed_Val::glass,data\raw\TrashNet\glass\glass117.jpg; data\processed\val\glass\glass117.jpg
EXACT_MD5,9539b23bfe1d63a6be844bd369792b86,2,TrashNet_Raw; TrashNet_Processed_Test,TrashNet_Raw::glass; TrashNet_Processed_Test::glass,data\raw\TrashNet\glass\glass118.jpg; data\processed\test\glass\glass118.jpg
EXACT_MD5,5fd070a1e8b6680f2c48976481f7b297,2,TrashNet_Raw; TrashNet_Processed_Test,TrashNet_Raw::glass; TrashNet_Processed_Test::glass,data\raw\TrashNet\glass\glass119.jpg; data\processed\test\glass\glass119.jpg
EXACT_MD5,007dbe8b761412a7fe97e699cc40f470,2,TrashNet_Raw; TrashNet_Processed_Test,TrashNet_Raw::glass; TrashNet_Processed_Test::glass,data\raw\TrashNet\glass\glass12.jpg; data\processed\test\glass\glass12.jpg
EXACT_MD5,fc93dae56786a048d5fbe597cdcdad5b,2,TrashNet_Raw; TrashNet_Processed_Train,TrashNet_Raw::glass; TrashNet_Processed_Train::glass,data\raw\TrashNet\glass\glass120.jpg; data\processed\train\glass\glass120.jpg
EXACT_MD5,df9e9e2bfdbc5c39afe4b582e648a783,2,TrashNet_Raw; TrashNet_Processed_Train,TrashNet_Raw::glass; TrashNet_Processed_Train::glass,data\raw\TrashNet\glass\glass121.jpg; data\processed\train\glass\glass121.jpg
EXACT_MD5,1173c963cd7d869fe5f8fbc814d303be,2,TrashNet_Raw; TrashNet_Processed_Train,TrashNet_Raw::glass; TrashNet_Processed_Train::glass,data\raw\TrashNet\glass\glass122.jpg; data\processed\train\glass\glass122.jpg
EXACT_MD5,6209fae9b7fa7571be0fc9d0c871ecea,2,TrashNet_Raw; TrashNet_Processed_Test,TrashNet_Raw::glass; TrashNet_Processed_Test::glass,data\raw\TrashNet\glass\glass123.jpg; data\processed\test\glass\glass123.jpg
EXACT_MD5,605e891b1fbaaffc73eb51b38b5e4a96,2,TrashNet_Raw; TrashNet_Processed_Train,TrashNet_Raw::glass; TrashNet_Processed_Train::glass,data\raw\TrashNet\glass\glass124.jpg; data\processed\train\glass\glass124.jpg
EXACT_MD5,728de01c34df2ef1a43a7081c560ef90,2,TrashNet_Raw; TrashNet_Processed_Train,TrashNet_Raw::glass; TrashNet_Processed_Train::glass,data\raw\TrashNet\glass\glass125.jpg; data\processed\train\glass\glass125.jpg
EXACT_MD5,3504a0149f430baabeacea941f613aee,2,TrashNet_Raw; TrashNet_Processed_Train,TrashNet_Raw::glass; TrashNet_Processed_Train::glass,data\raw\TrashNet\glass\glass126.jpg; data\processed\train\glass\glass126.jpg
EXACT_MD5,4aedbe5c4393bf2905ca459e724cb6f2,2,TrashNet_Raw; TrashNet_Processed_Train,TrashNet_Raw::glass; TrashNet_Processed_Train::glass,data\raw\TrashNet\glass\glass127.jpg; data\processed\train\glass\glass127.jpg
EXACT_MD5,5926786e7dc84a416a97e3dc0de6e265,2,TrashNet_Raw; TrashNet_Processed_Train,TrashNet_Raw::glass; TrashNet_Processed_Train::glass,data\raw\TrashNet\glass\glass128.jpg; data\processed\train\glass\glass128.jpg
EXACT_MD5,4179a64afcee0a111cac336570f450e0,2,TrashNet_Raw; TrashNet_Processed_Train,TrashNet_Raw::glass; TrashNet_Processed_Train::glass,data\raw\TrashNet\glass\glass129.jpg; data\processed\train\glass\glass129.jpg
EXACT_MD5,ee02e3ea8882d4ee641ec0520841d4c2,2,TrashNet_Raw; TrashNet_Processed_Train,TrashNet_Raw::glass; TrashNet_Processed_Train::glass,data\raw\TrashNet\glass\glass13.jpg; data\processed\train\glass\glass13.jpg
EXACT_MD5,7c9e2dda036c1639711cc8b07e12b817,2,TrashNet_Raw; TrashNet_Processed_Train,TrashNet_Raw::glass; TrashNet_Processed_Train::glass,data\raw\TrashNet\glass\glass130.jpg; data\processed\train\glass\glass130.jpg
EXACT_MD5,d303e0c07ceb4e1a14562a004f98ebaf,2,TrashNet_Raw; TrashNet_Processed_Val,TrashNet_Raw::glass; TrashNet_Processed_Val::glass,data\raw\TrashNet\glass\glass131.jpg; data\processed\val\glass\glass131.jpg
EXACT_MD5,164339530e936d70ce1dc6a03291c776,2,TrashNet_Raw; TrashNet_Processed_Train,TrashNet_Raw::glass; TrashNet_Processed_Train::glass,data\raw\TrashNet\glass\glass132.jpg; data\processed\train\glass\glass132.jpg
EXACT_MD5,e7c16181f19dd407f5100e3cdf261456,2,TrashNet_Raw; TrashNet_Processed_Train,TrashNet_Raw::glass; TrashNet_Processed_Train::glass,data\raw\TrashNet\glass\glass133.jpg; data\processed\train\glass\glass133.jpg
EXACT_MD5,06ed95ccd9854dd111c9644654e1e29b,2,TrashNet_Raw; TrashNet_Processed_Test,TrashNet_Raw::glass; TrashNet_Processed_Test::glass,data\raw\TrashNet\glass\glass134.jpg; data\processed\test\glass\glass134.jpg
EXACT_MD5,0f5a04228d6a1e17f1f3369e58376999,2,TrashNet_Raw; TrashNet_Processed_Train,TrashNet_Raw::glass; TrashNet_Processed_Train::glass,data\raw\TrashNet\glass\glass135.jpg; data\processed\train\glass\glass135.jpg
EXACT_MD5,51d1dbf89ee8ab7b9cef4f10bc2d1f9a,2,TrashNet_Raw; TrashNet_Processed_Train,TrashNet_Raw::glass; TrashNet_Processed_Train::glass,data\raw\TrashNet\glass\glass136.jpg; data\processed\train\glass\glass136.jpg
EXACT_MD5,c221ef693014579b3e9c245ef3ecf7d0,2,TrashNet_Raw; TrashNet_Processed_Train,TrashNet_Raw::glass; TrashNet_Processed_Train::glass,data\raw\TrashNet\glass\glass137.jpg; data\processed\train\glass\glass137.jpg
EXACT_MD5,8c5ae0608a05542acec84edfa2d75908,2,TrashNet_Raw; TrashNet_Processed_Train,TrashNet_Raw::glass; TrashNet_Processed_Train::glass,data\raw\TrashNet\glass\glass138.jpg; data\processed\train\glass\glass138.jpg
EXACT_MD5,9a02beac1c8b46e3150219bdeb2748d0,2,TrashNet_Raw; TrashNet_Processed_Train,TrashNet_Raw::glass; TrashNet_Processed_Train::glass,data\raw\TrashNet\glass\glass139.jpg; data\processed\train\glass\glass139.jpg
EXACT_MD5,66830e1dba602036625ea538adbbf432,2,TrashNet_Raw; TrashNet_Processed_Train,TrashNet_Raw::glass; TrashNet_Processed_Train::glass,data\raw\TrashNet\glass\glass14.jpg; data\processed\train\glass\glass14.jpg
EXACT_MD5,4ce5ab1831bdb3d4f0b5b68670c10aba,2,TrashNet_Raw; TrashNet_Processed_Train,TrashNet_Raw::glass; TrashNet_Processed_Train::glass,data\raw\TrashNet\glass\glass140.jpg; data\processed\train\glass\glass140.jpg
EXACT_MD5,c5806442ead51947ed3258844700f947,2,TrashNet_Raw; TrashNet_Processed_Train,TrashNet_Raw::glass; TrashNet_Processed_Train::glass,data\raw\TrashNet\glass\glass141.jpg; data\processed\train\glass\glass141.jpg
EXACT_MD5,60a856a55e7d093cff3d66a327705e11,2,TrashNet_Raw; TrashNet_Processed_Test,TrashNet_Raw::glass; TrashNet_Processed_Test::glass,data\raw\TrashNet\glass\glass142.jpg; data\processed\test\glass\glass142.jpg
EXACT_MD5,6f5ca3057a6c4340dab5475d53d20654,2,TrashNet_Raw; TrashNet_Processed_Train,TrashNet_Raw::glass; TrashNet_Processed_Train::glass,data\raw\TrashNet\glass\glass143.jpg; data\processed\train\glass\glass143.jpg
EXACT_MD5,2758bb805995f594314fcdb0f254130c,2,TrashNet_Raw; TrashNet_Processed_Train,TrashNet_Raw::glass; TrashNet_Processed_Train::glass,data\raw\TrashNet\glass\glass144.jpg; data\processed\train\glass\glass144.jpg
EXACT_MD5,fd53037fa744cee897cd66b4203124c8,2,TrashNet_Raw; TrashNet_Processed_Train,TrashNet_Raw::glass; TrashNet_Processed_Train::glass,data\raw\TrashNet\glass\glass145.jpg; data\processed\train\glass\glass145.jpg
EXACT_MD5,a382092f3a84e915aebee43b79fa9a40,2,TrashNet_Raw; TrashNet_Processed_Train,TrashNet_Raw::glass; TrashNet_Processed_Train::glass,data\raw\TrashNet\glass\glass146.jpg; data\processed\train\glass\glass146.jpg
EXACT_MD5,0ffa420f1d693986c7392ad0f2d146d7,2,TrashNet_Raw; TrashNet_Processed_Test,TrashNet_Raw::glass; TrashNet_Processed_Test::glass,data\raw\TrashNet\glass\glass147.jpg; data\processed\test\glass\glass147.jpg
EXACT_MD5,61ba4b24abfe7f3ebb6c7a70a2164f70,2,TrashNet_Raw; TrashNet_Processed_Train,TrashNet_Raw::glass; TrashNet_Processed_Train::glass,data\raw\TrashNet\glass\glass148.jpg; data\processed\train\glass\glass148.jpg
EXACT_MD5,77672ff349021c070033f038b8deaaff,2,TrashNet_Raw; TrashNet_Processed_Train,TrashNet_Raw::glass; TrashNet_Processed_Train::glass,data\raw\TrashNet\glass\glass149.jpg; data\processed\train\glass\glass149.jpg
EXACT_MD5,e23ae54700fe38857b1d15e404ce95bc,2,TrashNet_Raw; TrashNet_Processed_Val,TrashNet_Raw::glass; TrashNet_Processed_Val::glass,data\raw\TrashNet\glass\glass15.jpg; data\processed\val\glass\glass15.jpg
EXACT_MD5,9beb3f9b7276b902bf2bcee412f5b772,2,TrashNet_Raw; TrashNet_Processed_Train,TrashNet_Raw::glass; TrashNet_Processed_Train::glass,data\raw\TrashNet\glass\glass150.jpg; data\processed\train\glass\glass150.jpg
EXACT_MD5,7706d90a408f1b18869fce9667c25315,2,TrashNet_Raw; TrashNet_Processed_Test,TrashNet_Raw::glass; TrashNet_Processed_Test::glass,data\raw\TrashNet\glass\glass151.jpg; data\processed\test\glass\glass151.jpg
EXACT_MD5,8c030ce6552ca0aa468f09cdb3f0fb44,2,TrashNet_Raw; TrashNet_Processed_Train,TrashNet_Raw::glass; TrashNet_Processed_Train::glass,data\raw\TrashNet\glass\glass152.jpg; data\processed\train\glass\glass152.jpg
EXACT_MD5,903772567298a9f9ecceb015c096694a,2,TrashNet_Raw; TrashNet_Processed_Val,TrashNet_Raw::glass; TrashNet_Processed_Val::glass,data\raw\TrashNet\glass\glass153.jpg; data\processed\val\glass\glass153.jpg
EXACT_MD5,787cad72c6f3787c4a98b37cda853723,2,TrashNet_Raw; TrashNet_Processed_Train,TrashNet_Raw::glass; TrashNet_Processed_Train::glass,data\raw\TrashNet\glass\glass154.jpg; data\processed\train\glass\glass154.jpg
EXACT_MD5,58c102613d3aa294fe9b8be6403d1705,2,TrashNet_Raw; TrashNet_Processed_Train,TrashNet_Raw::glass; TrashNet_Processed_Train::glass,data\raw\TrashNet\glass\glass155.jpg; data\processed\train\glass\glass155.jpg
EXACT_MD5,fd75fbeec937d1657b24cb4a524df1d0,2,TrashNet_Raw; TrashNet_Processed_Train,TrashNet_Raw::glass; TrashNet_Processed_Train::glass,data\raw\TrashNet\glass\glass156.jpg; data\processed\train\glass\glass156.jpg
EXACT_MD5,c7d6ef4294c244005fcd9d2513dfd461,2,TrashNet_Raw; TrashNet_Processed_Val,TrashNet_Raw::glass; TrashNet_Processed_Val::glass,data\raw\TrashNet\glass\glass157.jpg; data\processed\val\glass\glass157.jpg
EXACT_MD5,76f1c2979251d2c5d5cad872c047da4b,2,TrashNet_Raw; TrashNet_Processed_Train,TrashNet_Raw::glass; TrashNet_Processed_Train::glass,data\raw\TrashNet\glass\glass158.jpg; data\processed\train\glass\glass158.jpg
EXACT_MD5,549e94cd42fe5a4a241c30073c340db7,2,TrashNet_Raw; TrashNet_Processed_Test,TrashNet_Raw::glass; TrashNet_Processed_Test::glass,data\raw\TrashNet\glass\glass159.jpg; data\processed\test\glass\glass159.jpg
EXACT_MD5,8f083e992752c0dbcdfc74fc1997b3bc,2,TrashNet_Raw; TrashNet_Processed_Test,TrashNet_Raw::glass; TrashNet_Processed_Test::glass,data\raw\TrashNet\glass\glass16.jpg; data\processed\test\glass\glass16.jpg
EXACT_MD5,913cd0f03907572c996c71e86626175c,2,TrashNet_Raw; TrashNet_Processed_Train,TrashNet_Raw::glass; TrashNet_Processed_Train::glass,data\raw\TrashNet\glass\glass160.jpg; data\processed\train\glass\glass160.jpg
EXACT_MD5,d9d81e53c405fb3c7126f07663fe8481,2,TrashNet_Raw; TrashNet_Processed_Train,TrashNet_Raw::glass; TrashNet_Processed_Train::glass,data\raw\TrashNet\glass\glass161.jpg; data\processed\train\glass\glass161.jpg
EXACT_MD5,418a1395b5fc63922c0138ee9d00a64a,2,TrashNet_Raw; TrashNet_Processed_Train,TrashNet_Raw::glass; TrashNet_Processed_Train::glass,data\raw\TrashNet\glass\glass162.jpg; data\processed\train\glass\glass162.jpg
EXACT_MD5,d1efefef0c74ccc352be79a6d6770796,2,TrashNet_Raw; TrashNet_Processed_Train,TrashNet_Raw::glass; TrashNet_Processed_Train::glass,data\raw\TrashNet\glass\glass163.jpg; data\processed\train\glass\glass163.jpg
EXACT_MD5,5483b9310b8de769714c12e10692b01e,2,TrashNet_Raw; TrashNet_Processed_Train,TrashNet_Raw::glass; TrashNet_Processed_Train::glass,data\raw\TrashNet\glass\glass164.jpg; data\processed\train\glass\glass164.jpg
EXACT_MD5,1ca78471d8cd04856a82bf67e57c0128,2,TrashNet_Raw; TrashNet_Processed_Train,TrashNet_Raw::glass; TrashNet_Processed_Train::glass,data\raw\TrashNet\glass\glass165.jpg; data\processed\train\glass\glass165.jpg
EXACT_MD5,5131ee89bd9f2bbea69a195108aa7e2c,2,TrashNet_Raw; TrashNet_Processed_Train,TrashNet_Raw::glass; TrashNet_Processed_Train::glass,data\raw\TrashNet\glass\glass166.jpg; data\processed\train\glass\glass166.jpg
EXACT_MD5,6432879e6a79cd4bedc2cf2b7c5a1ff5,2,TrashNet_Raw; TrashNet_Processed_Train,TrashNet_Raw::glass; TrashNet_Processed_Train::glass,data\raw\TrashNet\glass\glass167.jpg; data\processed\train\glass\glass167.jpg
EXACT_MD5,54a0cd8b8abe9f6c51dd9bc2c6627a53,2,TrashNet_Raw; TrashNet_Processed_Test,TrashNet_Raw::glass; TrashNet_Processed_Test::glass,data\raw\TrashNet\glass\glass168.jpg; data\processed\test\glass\glass168.jpg
EXACT_MD5,e7e6244983e30a956c4418685cdfbc26,2,TrashNet_Raw; TrashNet_Processed_Test,TrashNet_Raw::glass; TrashNet_Processed_Test::glass,data\raw\TrashNet\glass\glass169.jpg; data\processed\test\glass\glass169.jpg
EXACT_MD5,50c929561facd61082e30a38a0157c09,2,TrashNet_Raw; TrashNet_Processed_Train,TrashNet_Raw::glass; TrashNet_Processed_Train::glass,data\raw\TrashNet\glass\glass17.jpg; data\processed\train\glass\glass17.jpg
EXACT_MD5,1cc8b9c328d6172fbaed6a1acb57d799,2,TrashNet_Raw; TrashNet_Processed_Train,TrashNet_Raw::glass; TrashNet_Processed_Train::glass,data\raw\TrashNet\glass\glass170.jpg; data\processed\train\glass\glass170.jpg
EXACT_MD5,67051c0542ea468f08adcc918fb7e6e4,2,TrashNet_Raw; TrashNet_Processed_Test,TrashNet_Raw::glass; TrashNet_Processed_Test::glass,data\raw\TrashNet\glass\glass171.jpg; data\processed\test\glass\glass171.jpg
EXACT_MD5,99f4e3730a0d91e7ac073de70a19f7ed,2,TrashNet_Raw; TrashNet_Processed_Train,TrashNet_Raw::glass; TrashNet_Processed_Train::glass,data\raw\TrashNet\glass\glass172.jpg; data\processed\train\glass\glass172.jpg
EXACT_MD5,83b24e5fc3f6b0154ef44b51e9f2bf31,2,TrashNet_Raw; TrashNet_Processed_Val,TrashNet_Raw::glass; TrashNet_Processed_Val::glass,data\raw\TrashNet\glass\glass173.jpg; data\processed\val\glass\glass173.jpg
EXACT_MD5,c1ce7a4b4bc76464d8ae51dbdebd1533,2,TrashNet_Raw; TrashNet_Processed_Test,TrashNet_Raw::glass; TrashNet_Processed_Test::glass,data\raw\TrashNet\glass\glass174.jpg; data\processed\test\glass\glass174.jpg
EXACT_MD5,99ebbf3cbea9bd7999f81b6efd9f738d,2,TrashNet_Raw; TrashNet_Processed_Test,TrashNet_Raw::glass; TrashNet_Processed_Test::glass,data\raw\TrashNet\glass\glass175.jpg; data\processed\test\glass\glass175.jpg
EXACT_MD5,a2236bc6f8eae80bf7d6c5f259df8760,4,TrashNet_Raw; TrashNet_Processed_Train,TrashNet_Raw::glass; TrashNet_Processed_Train::glass; TrashNet_Processed_Train::plastic; TrashNet_Raw::plastic,data\raw\TrashNet\glass\glass176.jpg; data\raw\TrashNet\plastic\plastic152.jpg; data\processed\train\glass\glass176.jpg; data\processed\train\plastic\plastic152.jpg
EXACT_MD5,04609a577b773f82855157f9caf8051d,2,TrashNet_Raw; TrashNet_Processed_Train,TrashNet_Raw::glass; TrashNet_Processed_Train::glass,data\raw\TrashNet\glass\glass177.jpg; data\processed\train\glass\glass177.jpg
EXACT_MD5,5db085260fc1c10a08daaae1cec062f2,2,TrashNet_Raw; TrashNet_Processed_Train,TrashNet_Raw::glass; TrashNet_Processed_Train::glass,data\raw\TrashNet\glass\glass178.jpg; data\processed\train\glass\glass178.jpg
EXACT_MD5,d5691f47d40ba512632f48e53cf91f66,2,TrashNet_Raw; TrashNet_Processed_Train,TrashNet_Raw::glass; TrashNet_Processed_Train::glass,data\raw\TrashNet\glass\glass179.jpg; data\processed\train\glass\glass179.jpg
EXACT_MD5,e300d0ca43415e3c93c0442389f689ff,2,TrashNet_Raw; TrashNet_Processed_Train,TrashNet_Raw::glass; TrashNet_Processed_Train::glass,data\raw\TrashNet\glass\glass18.jpg; data\processed\train\glass\glass18.jpg
EXACT_MD5,63a60eb64266828e00fdb1dc504c2aa0,2,TrashNet_Raw; TrashNet_Processed_Train,TrashNet_Raw::glass; TrashNet_Processed_Train::glass,data\raw\TrashNet\glass\glass180.jpg; data\processed\train\glass\glass180.jpg
EXACT_MD5,1e177cc29c9e839d56bd9c6b6ad8a4d8,2,TrashNet_Raw; TrashNet_Processed_Train,TrashNet_Raw::glass; TrashNet_Processed_Train::glass,data\raw\TrashNet\glass\glass181.jpg; data\processed\train\glass\glass181.jpg
EXACT_MD5,c2cd253e28465de53a4ab2b6ae1e991c,2,TrashNet_Raw; TrashNet_Processed_Test,TrashNet_Raw::glass; TrashNet_Processed_Test::glass,data\raw\TrashNet\glass\glass182.jpg; data\processed\test\glass\glass182.jpg
EXACT_MD5,98ba4596ddf4c63e97f91cb7da8e1cb3,2,TrashNet_Raw; TrashNet_Processed_Test,TrashNet_Raw::glass; TrashNet_Processed_Test::glass,data\raw\TrashNet\glass\glass183.jpg; data\processed\test\glass\glass183.jpg
EXACT_MD5,d023da06687e2f19ae97fe6744e33369,2,TrashNet_Raw; TrashNet_Processed_Train,TrashNet_Raw::glass; TrashNet_Processed_Train::glass,data\raw\TrashNet\glass\glass184.jpg; data\processed\train\glass\glass184.jpg
EXACT_MD5,da039b351d4e9fa0212574068b0d9d0f,2,TrashNet_Raw; TrashNet_Processed_Train,TrashNet_Raw::glass; TrashNet_Processed_Train::glass,data\raw\TrashNet\glass\glass185.jpg; data\processed\train\glass\glass185.jpg
EXACT_MD5,e8b2832d8aabde15bf838cfe4be5cdfb,2,TrashNet_Raw; TrashNet_Processed_Train,TrashNet_Raw::glass; TrashNet_Processed_Train::glass,data\raw\TrashNet\glass\glass186.jpg; data\processed\train\glass\glass186.jpg
EXACT_MD5,3ec06518c7e45495bdc9bbd389f2c42d,2,TrashNet_Raw; TrashNet_Processed_Train,TrashNet_Raw::glass; TrashNet_Processed_Train::glass,data\raw\TrashNet\glass\glass187.jpg; data\processed\train\glass\glass187.jpg
EXACT_MD5,b9881a0a198aef4ab08575658be24d47,2,TrashNet_Raw; TrashNet_Processed_Train,TrashNet_Raw::glass; TrashNet_Processed_Train::glass,data\raw\TrashNet\glass\glass188.jpg; data\processed\train\glass\glass188.jpg
EXACT_MD5,4a20b35eb784e8bfbefa5c1574ced377,2,TrashNet_Raw; TrashNet_Processed_Val,TrashNet_Raw::glass; TrashNet_Processed_Val::glass,data\raw\TrashNet\glass\glass189.jpg; data\processed\val\glass\glass189.jpg
EXACT_MD5,0ce55bfaf9f1fca2639d44b33400a5d7,2,TrashNet_Raw; TrashNet_Processed_Val,TrashNet_Raw::glass; TrashNet_Processed_Val::glass,data\raw\TrashNet\glass\glass19.jpg; data\processed\val\glass\glass19.jpg
EXACT_MD5,6c02de3f7d1fe8d0da4b2c44a7e07056,2,TrashNet_Raw; TrashNet_Processed_Train,TrashNet_Raw::glass; TrashNet_Processed_Train::glass,data\raw\TrashNet\glass\glass190.jpg; data\processed\train\glass\glass190.jpg
EXACT_MD5,90038f8b99de68ba1718f161035ac749,2,TrashNet_Raw; TrashNet_Processed_Val,TrashNet_Raw::glass; TrashNet_Processed_Val::glass,data\raw\TrashNet\glass\glass191.jpg; data\processed\val\glass\glass191.jpg
EXACT_MD5,ad6c95cf6720948919365333b4186fd3,2,TrashNet_Raw; TrashNet_Processed_Train,TrashNet_Raw::glass; TrashNet_Processed_Train::glass,data\raw\TrashNet\glass\glass192.jpg; data\processed\train\glass\glass192.jpg
EXACT_MD5,08614558bd889a1c250478764747f5ab,2,TrashNet_Raw; TrashNet_Processed_Val,TrashNet_Raw::glass; TrashNet_Processed_Val::glass,data\raw\TrashNet\glass\glass193.jpg; data\processed\val\glass\glass193.jpg
EXACT_MD5,5e8020b1d441419b274ed901f89a667a,2,TrashNet_Raw; TrashNet_Processed_Train,TrashNet_Raw::glass; TrashNet_Processed_Train::glass,data\raw\TrashNet\glass\glass194.jpg; data\processed\train\glass\glass194.jpg
EXACT_MD5,3d3eee182955e7f2c70400028d508782,2,TrashNet_Raw; TrashNet_Processed_Train,TrashNet_Raw::glass; TrashNet_Processed_Train::glass,data\raw\TrashNet\glass\glass195.jpg; data\processed\train\glass\glass195.jpg
EXACT_MD5,67e2879ceb97deac30d382dacfc232cb,2,TrashNet_Raw; TrashNet_Processed_Train,TrashNet_Raw::glass; TrashNet_Processed_Train::glass,data\raw\TrashNet\glass\glass196.jpg; data\processed\train\glass\glass196.jpg
EXACT_MD5,7c66c978d541575ee53db931fc400b74,2,TrashNet_Raw; TrashNet_Processed_Train,TrashNet_Raw::glass; TrashNet_Processed_Train::glass,data\raw\TrashNet\glass\glass197.jpg; data\processed\train\glass\glass197.jpg
EXACT_MD5,0b443e2bd0098fb6b9760c109ef1712f,2,TrashNet_Raw; TrashNet_Processed_Test,TrashNet_Raw::glass; TrashNet_Processed_Test::glass,data\raw\TrashNet\glass\glass198.jpg; data\processed\test\glass\glass198.jpg
EXACT_MD5,6aa37b361105394184b727d004445645,2,TrashNet_Raw; TrashNet_Processed_Train,TrashNet_Raw::glass; TrashNet_Processed_Train::glass,data\raw\TrashNet\glass\glass199.jpg; data\processed\train\glass\glass199.jpg
EXACT_MD5,a148e2b40e227170fbe5790be1007b1f,2,TrashNet_Raw; TrashNet_Processed_Train,TrashNet_Raw::glass; TrashNet_Processed_Train::glass,data\raw\TrashNet\glass\glass2.jpg; data\processed\train\glass\glass2.jpg
EXACT_MD5,55d77defb0f706d3978451f9fab7b8be,2,TrashNet_Raw; TrashNet_Processed_Train,TrashNet_Raw::glass; TrashNet_Processed_Train::glass,data\raw\TrashNet\glass\glass20.jpg; data\processed\train\glass\glass20.jpg
EXACT_MD5,9073fb341138aa43aa5c8723e9f847ca,2,TrashNet_Raw; TrashNet_Processed_Train,TrashNet_Raw::glass; TrashNet_Processed_Train::glass,data\raw\TrashNet\glass\glass200.jpg; data\processed\train\glass\glass200.jpg
EXACT_MD5,05a67edfc93bcde7ddd2d31cc1833933,2,TrashNet_Raw; TrashNet_Processed_Train,TrashNet_Raw::glass; TrashNet_Processed_Train::glass,data\raw\TrashNet\glass\glass201.jpg; data\processed\train\glass\glass201.jpg
EXACT_MD5,3216c3f9fccd5206e524dbaeb6bc180c,2,TrashNet_Raw; TrashNet_Processed_Val,TrashNet_Raw::glass; TrashNet_Processed_Val::glass,data\raw\TrashNet\glass\glass202.jpg; data\processed\val\glass\glass202.jpg
EXACT_MD5,08a2a422de0c436f969e2bb2f864ae66,2,TrashNet_Raw; TrashNet_Processed_Val,TrashNet_Raw::glass; TrashNet_Processed_Val::glass,data\raw\TrashNet\glass\glass203.jpg; data\processed\val\glass\glass203.jpg
EXACT_MD5,213679dd5432c716dbc67ef4f9ec7f46,2,TrashNet_Raw; TrashNet_Processed_Train,TrashNet_Raw::glass; TrashNet_Processed_Train::glass,data\raw\TrashNet\glass\glass204.jpg; data\processed\train\glass\glass204.jpg
EXACT_MD5,0cd53165efc18e9da30f1615ea409832,2,TrashNet_Raw; TrashNet_Processed_Val,TrashNet_Raw::glass; TrashNet_Processed_Val::glass,data\raw\TrashNet\glass\glass205.jpg; data\processed\val\glass\glass205.jpg
EXACT_MD5,be5c72351fb1fa252f9bde21089b8730,2,TrashNet_Raw; TrashNet_Processed_Train,TrashNet_Raw::glass; TrashNet_Processed_Train::glass,data\raw\TrashNet\glass\glass206.jpg; data\processed\train\glass\glass206.jpg
EXACT_MD5,c3c1fd0b858040100e243c9becc9ce66,2,TrashNet_Raw; TrashNet_Processed_Train,TrashNet_Raw::glass; TrashNet_Processed_Train::glass,data\raw\TrashNet\glass\glass207.jpg; data\processed\train\glass\glass207.jpg
EXACT_MD5,fa6652ccd331c150fab2f4706012e1a5,2,TrashNet_Raw; TrashNet_Processed_Train,TrashNet_Raw::glass; TrashNet_Processed_Train::glass,data\raw\TrashNet\glass\glass208.jpg; data\processed\train\glass\glass208.jpg
EXACT_MD5,cc20a0ca61a75e8ede61534a6666e315,2,TrashNet_Raw; TrashNet_Processed_Train,TrashNet_Raw::glass; TrashNet_Processed_Train::glass,data\raw\TrashNet\glass\glass209.jpg; data\processed\train\glass\glass209.jpg
EXACT_MD5,6f2375ac51f5932a03e6d7b8db1609a0,2,TrashNet_Raw; TrashNet_Processed_Test,TrashNet_Raw::glass; TrashNet_Processed_Test::glass,data\raw\TrashNet\glass\glass21.jpg; data\processed\test\glass\glass21.jpg
EXACT_MD5,02aeee2b8580f50f7ed85dc6aa3ef8ab,2,TrashNet_Raw; TrashNet_Processed_Train,TrashNet_Raw::glass; TrashNet_Processed_Train::glass,data\raw\TrashNet\glass\glass210.jpg; data\processed\train\glass\glass210.jpg
EXACT_MD5,37d6e77efa0d5b8e2647e279ce8a82d6,2,TrashNet_Raw; TrashNet_Processed_Train,TrashNet_Raw::glass; TrashNet_Processed_Train::glass,data\raw\TrashNet\glass\glass211.jpg; data\processed\train\glass\glass211.jpg
EXACT_MD5,a7b80956cb2389410c82cdbbe9f196f8,2,TrashNet_Raw; TrashNet_Processed_Train,TrashNet_Raw::glass; TrashNet_Processed_Train::glass,data\raw\TrashNet\glass\glass212.jpg; data\processed\train\glass\glass212.jpg
EXACT_MD5,220d413b85d29b3e2b8f231f051c93d6,2,TrashNet_Raw; TrashNet_Processed_Train,TrashNet_Raw::glass; TrashNet_Processed_Train::glass,data\raw\TrashNet\glass\glass213.jpg; data\processed\train\glass\glass213.jpg
EXACT_MD5,e8b48db7b29d8bd6340d989c5a79ac21,2,TrashNet_Raw; TrashNet_Processed_Train,TrashNet_Raw::glass; TrashNet_Processed_Train::glass,data\raw\TrashNet\glass\glass214.jpg; data\processed\train\glass\glass214.jpg
EXACT_MD5,44a3bc29a59012c3b85c62bff38a33bf,2,TrashNet_Raw; TrashNet_Processed_Test,TrashNet_Raw::glass; TrashNet_Processed_Test::glass,data\raw\TrashNet\glass\glass215.jpg; data\processed\test\glass\glass215.jpg
EXACT_MD5,840725e0d7595d185b48ff5fda2ae920,2,TrashNet_Raw; TrashNet_Processed_Test,TrashNet_Raw::glass; TrashNet_Processed_Test::glass,data\raw\TrashNet\glass\glass216.jpg; data\processed\test\glass\glass216.jpg
EXACT_MD5,892872617a1b9baa3ba91157b4bbabbd,2,TrashNet_Raw; TrashNet_Processed_Train,TrashNet_Raw::glass; TrashNet_Processed_Train::glass,data\raw\TrashNet\glass\glass217.jpg; data\processed\train\glass\glass217.jpg
EXACT_MD5,589ca02b4d98f6fdcbff9d550e6fb8ae,2,TrashNet_Raw; TrashNet_Processed_Val,TrashNet_Raw::glass; TrashNet_Processed_Val::glass,data\raw\TrashNet\glass\glass218.jpg; data\processed\val\glass\glass218.jpg
EXACT_MD5,43d133babd13db75952cf7678520c8b6,2,TrashNet_Raw; TrashNet_Processed_Train,TrashNet_Raw::glass; TrashNet_Processed_Train::glass,data\raw\TrashNet\glass\glass219.jpg; data\processed\train\glass\glass219.jpg
EXACT_MD5,c4d0339aad9a60f8fc6a6c936168d36c,2,TrashNet_Raw; TrashNet_Processed_Train,TrashNet_Raw::glass; TrashNet_Processed_Train::glass,data\raw\TrashNet\glass\glass22.jpg; data\processed\train\glass\glass22.jpg
EXACT_MD5,15b0082c3f6c992d6d7a4b6cb7839351,2,TrashNet_Raw; TrashNet_Processed_Val,TrashNet_Raw::glass; TrashNet_Processed_Val::glass,data\raw\TrashNet\glass\glass220.jpg; data\processed\val\glass\glass220.jpg
EXACT_MD5,f685efc99560290ecff8a2d26942aa99,2,TrashNet_Raw; TrashNet_Processed_Test,TrashNet_Raw::glass; TrashNet_Processed_Test::glass,data\raw\TrashNet\glass\glass221.jpg; data\processed\test\glass\glass221.jpg
EXACT_MD5,b04485b8fb919a884e449f187388ab59,2,TrashNet_Raw; TrashNet_Processed_Val,TrashNet_Raw::glass; TrashNet_Processed_Val::glass,data\raw\TrashNet\glass\glass222.jpg; data\processed\val\glass\glass222.jpg
EXACT_MD5,159b8abf895e64408dfda803ff062688,2,TrashNet_Raw; TrashNet_Processed_Val,TrashNet_Raw::glass; TrashNet_Processed_Val::glass,data\raw\TrashNet\glass\glass223.jpg; data\processed\val\glass\glass223.jpg
EXACT_MD5,501368e5bee224108eda9ec2caa6829f,2,TrashNet_Raw; TrashNet_Processed_Train,TrashNet_Raw::glass; TrashNet_Processed_Train::glass,data\raw\TrashNet\glass\glass224.jpg; data\processed\train\glass\glass224.jpg
EXACT_MD5,c4130cc9c1bf1c6f6845f3b6bb348d53,2,TrashNet_Raw; TrashNet_Processed_Train,TrashNet_Raw::glass; TrashNet_Processed_Train::glass,data\raw\TrashNet\glass\glass225.jpg; data\processed\train\glass\glass225.jpg
EXACT_MD5,89985930cb33f61b99d5daa67ed4ca83,2,TrashNet_Raw; TrashNet_Processed_Train,TrashNet_Raw::glass; TrashNet_Processed_Train::glass,data\raw\TrashNet\glass\glass226.jpg; data\processed\train\glass\glass226.jpg
EXACT_MD5,6fc8ccc01f25eead8eca240b81bb3955,2,TrashNet_Raw; TrashNet_Processed_Train,TrashNet_Raw::glass; TrashNet_Processed_Train::glass,data\raw\TrashNet\glass\glass227.jpg; data\processed\train\glass\glass227.jpg
EXACT_MD5,d9dde6897c0d3effe34dfde31deb8390,2,TrashNet_Raw; TrashNet_Processed_Test,TrashNet_Raw::glass; TrashNet_Processed_Test::glass,data\raw\TrashNet\glass\glass228.jpg; data\processed\test\glass\glass228.jpg
EXACT_MD5,46c89bb4a206e107aa4a5966c05daad5,2,TrashNet_Raw; TrashNet_Processed_Val,TrashNet_Raw::glass; TrashNet_Processed_Val::glass,data\raw\TrashNet\glass\glass229.jpg; data\processed\val\glass\glass229.jpg
EXACT_MD5,d3fa926f69f6ceeae4b74154934d6ce4,2,TrashNet_Raw; TrashNet_Processed_Train,TrashNet_Raw::glass; TrashNet_Processed_Train::glass,data\raw\TrashNet\glass\glass23.jpg; data\processed\train\glass\glass23.jpg
EXACT_MD5,9da76a398c4c3e732bb45ce2ef626f40,2,TrashNet_Raw; TrashNet_Processed_Train,TrashNet_Raw::glass; TrashNet_Processed_Train::glass,data\raw\TrashNet\glass\glass230.jpg; data\processed\train\glass\glass230.jpg
EXACT_MD5,94cc9e0c4cfe06491d8c8dd13b277b89,2,TrashNet_Raw; TrashNet_Processed_Train,TrashNet_Raw::glass; TrashNet_Processed_Train::glass,data\raw\TrashNet\glass\glass231.jpg; data\processed\train\glass\glass231.jpg
EXACT_MD5,767ae3a63dc6eb6853efe5aaab4fad3a,2,TrashNet_Raw; TrashNet_Processed_Train,TrashNet_Raw::glass; TrashNet_Processed_Train::glass,data\raw\TrashNet\glass\glass232.jpg; data\processed\train\glass\glass232.jpg
EXACT_MD5,b474da62ffd7b3fb7377fb78361ecab0,2,TrashNet_Raw; TrashNet_Processed_Train,TrashNet_Raw::glass; TrashNet_Processed_Train::glass,data\raw\TrashNet\glass\glass233.jpg; data\processed\train\glass\glass233.jpg
EXACT_MD5,2deb2057180432cffc61df57a2a85ae3,2,TrashNet_Raw; TrashNet_Processed_Train,TrashNet_Raw::glass; TrashNet_Processed_Train::glass,data\raw\TrashNet\glass\glass234.jpg; data\processed\train\glass\glass234.jpg
EXACT_MD5,a5aced66f91d5701d3ea8b8aee9739c7,2,TrashNet_Raw; TrashNet_Processed_Train,TrashNet_Raw::glass; TrashNet_Processed_Train::glass,data\raw\TrashNet\glass\glass235.jpg; data\processed\train\glass\glass235.jpg
EXACT_MD5,5370a52ed6dc4915f8ac68373e0c0000,2,TrashNet_Raw; TrashNet_Processed_Train,TrashNet_Raw::glass; TrashNet_Processed_Train::glass,data\raw\TrashNet\glass\glass236.jpg; data\processed\train\glass\glass236.jpg
EXACT_MD5,b4fe8004ef62a2d490fdf44578e33304,2,TrashNet_Raw; TrashNet_Processed_Train,TrashNet_Raw::glass; TrashNet_Processed_Train::glass,data\raw\TrashNet\glass\glass237.jpg; data\processed\train\glass\glass237.jpg
EXACT_MD5,d974c719e1ed5d653cb0fa040e4a4978,2,TrashNet_Raw; TrashNet_Processed_Train,TrashNet_Raw::glass; TrashNet_Processed_Train::glass,data\raw\TrashNet\glass\glass238.jpg; data\processed\train\glass\glass238.jpg
EXACT_MD5,f9ccb56893c03f2c72502daa30943aa9,2,TrashNet_Raw; TrashNet_Processed_Val,TrashNet_Raw::glass; TrashNet_Processed_Val::glass,data\raw\TrashNet\glass\glass239.jpg; data\processed\val\glass\glass239.jpg
EXACT_MD5,7493bcb95876f8501485c957a7d2a742,2,TrashNet_Raw; TrashNet_Processed_Train,TrashNet_Raw::glass; TrashNet_Processed_Train::glass,data\raw\TrashNet\glass\glass24.jpg; data\processed\train\glass\glass24.jpg
EXACT_MD5,eed84ae87f6e880c2cb2a6d2048e8e9f,2,TrashNet_Raw; TrashNet_Processed_Train,TrashNet_Raw::glass; TrashNet_Processed_Train::glass,data\raw\TrashNet\glass\glass240.jpg; data\processed\train\glass\glass240.jpg
EXACT_MD5,9957da8e802c1efa7234ab48a9374b08,2,TrashNet_Raw; TrashNet_Processed_Val,TrashNet_Raw::glass; TrashNet_Processed_Val::glass,data\raw\TrashNet\glass\glass241.jpg; data\processed\val\glass\glass241.jpg
EXACT_MD5,0f4f9a0d3f5e5615a418e6058b7c7acb,2,TrashNet_Raw; TrashNet_Processed_Test,TrashNet_Raw::glass; TrashNet_Processed_Test::glass,data\raw\TrashNet\glass\glass242.jpg; data\processed\test\glass\glass242.jpg
EXACT_MD5,684129f0ad1fad2c33343ea9b270d2bb,2,TrashNet_Raw; TrashNet_Processed_Val,TrashNet_Raw::glass; TrashNet_Processed_Val::glass,data\raw\TrashNet\glass\glass243.jpg; data\processed\val\glass\glass243.jpg
EXACT_MD5,4feaf2ac58819723cd611ff19daa5f57,2,TrashNet_Raw; TrashNet_Processed_Train,TrashNet_Raw::glass; TrashNet_Processed_Train::glass,data\raw\TrashNet\glass\glass244.jpg; data\processed\train\glass\glass244.jpg
EXACT_MD5,8323ebc4ba507f77a6cd4f64027e29e5,2,TrashNet_Raw; TrashNet_Processed_Val,TrashNet_Raw::glass; TrashNet_Processed_Val::glass,data\raw\TrashNet\glass\glass245.jpg; data\processed\val\glass\glass245.jpg
EXACT_MD5,ab675cf5f78a7f97e40cad1a6df7275e,2,TrashNet_Raw; TrashNet_Processed_Train,TrashNet_Raw::glass; TrashNet_Processed_Train::glass,data\raw\TrashNet\glass\glass246.jpg; data\processed\train\glass\glass246.jpg
EXACT_MD5,e24735fb9eee52ea87a07807b2641423,2,TrashNet_Raw; TrashNet_Processed_Train,TrashNet_Raw::glass; TrashNet_Processed_Train::glass,data\raw\TrashNet\glass\glass247.jpg; data\processed\train\glass\glass247.jpg
EXACT_MD5,afed64576b03d6004de00617d60134c2,2,TrashNet_Raw; TrashNet_Processed_Train,TrashNet_Raw::glass; TrashNet_Processed_Train::glass,data\raw\TrashNet\glass\glass248.jpg; data\processed\train\glass\glass248.jpg
EXACT_MD5,5b6e7f11ae8a8c9a92976a827d21ce6f,2,TrashNet_Raw; TrashNet_Processed_Train,TrashNet_Raw::glass; TrashNet_Processed_Train::glass,data\raw\TrashNet\glass\glass249.jpg; data\processed\train\glass\glass249.jpg
EXACT_MD5,1838777c41e2f3bc3d4ee05537ccd50b,2,TrashNet_Raw; TrashNet_Processed_Train,TrashNet_Raw::glass; TrashNet_Processed_Train::glass,data\raw\TrashNet\glass\glass25.jpg; data\processed\train\glass\glass25.jpg
EXACT_MD5,3e65fa400861237dc241ee2150f40f5a,2,TrashNet_Raw; TrashNet_Processed_Train,TrashNet_Raw::glass; TrashNet_Processed_Train::glass,data\raw\TrashNet\glass\glass250.jpg; data\processed\train\glass\glass250.jpg
EXACT_MD5,150c64e51db9743f7d2eb09832933f2c,2,TrashNet_Raw; TrashNet_Processed_Train,TrashNet_Raw::glass; TrashNet_Processed_Train::glass,data\raw\TrashNet\glass\glass251.jpg; data\processed\train\glass\glass251.jpg
EXACT_MD5,ee79fc61f9f48769216dfb380914123a,2,TrashNet_Raw; TrashNet_Processed_Val,TrashNet_Raw::glass; TrashNet_Processed_Val::glass,data\raw\TrashNet\glass\glass252.jpg; data\processed\val\glass\glass252.jpg
EXACT_MD5,d298dc9ed5635bc318c036a3110447c2,2,TrashNet_Raw; TrashNet_Processed_Val,TrashNet_Raw::glass; TrashNet_Processed_Val::glass,data\raw\TrashNet\glass\glass253.jpg; data\processed\val\glass\glass253.jpg
EXACT_MD5,b952e7e61d963bbaa60cfc976e5952b3,2,TrashNet_Raw; TrashNet_Processed_Test,TrashNet_Raw::glass; TrashNet_Processed_Test::glass,data\raw\TrashNet\glass\glass254.jpg; data\processed\test\glass\glass254.jpg
EXACT_MD5,ada5c274dd88954f42a75346da7e96f4,2,TrashNet_Raw; TrashNet_Processed_Train,TrashNet_Raw::glass; TrashNet_Processed_Train::glass,data\raw\TrashNet\glass\glass255.jpg; data\processed\train\glass\glass255.jpg
EXACT_MD5,5c940a699893a27862da9b512e7863ef,2,TrashNet_Raw; TrashNet_Processed_Train,TrashNet_Raw::glass; TrashNet_Processed_Train::glass,data\raw\TrashNet\glass\glass256.jpg; data\processed\train\glass\glass256.jpg
EXACT_MD5,624c36464fbcfa34a7929c7063c6d01e,2,TrashNet_Raw; TrashNet_Processed_Train,TrashNet_Raw::glass; TrashNet_Processed_Train::glass,data\raw\TrashNet\glass\glass257.jpg; data\processed\train\glass\glass257.jpg
EXACT_MD5,62b90dc5355d74880c0d28fbfebb2744,2,TrashNet_Raw; TrashNet_Processed_Train,TrashNet_Raw::glass; TrashNet_Processed_Train::glass,data\raw\TrashNet\glass\glass258.jpg; data\processed\train\glass\glass258.jpg
EXACT_MD5,7ec30beb627e97d5e0169a80b0b51631,2,TrashNet_Raw; TrashNet_Processed_Train,TrashNet_Raw::glass; TrashNet_Processed_Train::glass,data\raw\TrashNet\glass\glass259.jpg; data\processed\train\glass\glass259.jpg
EXACT_MD5,1ed14ca19e6afba650f392e4b049669b,2,TrashNet_Raw; TrashNet_Processed_Val,TrashNet_Raw::glass; TrashNet_Processed_Val::glass,data\raw\TrashNet\glass\glass26.jpg; data\processed\val\glass\glass26.jpg
EXACT_MD5,298847f47c6aa185220b7b84d66c451d,2,TrashNet_Raw; TrashNet_Processed_Train,TrashNet_Raw::glass; TrashNet_Processed_Train::glass,data\raw\TrashNet\glass\glass260.jpg; data\processed\train\glass\glass260.jpg
EXACT_MD5,6c70871d29140931549b8ec429900c11,2,TrashNet_Raw; TrashNet_Processed_Train,TrashNet_Raw::glass; TrashNet_Processed_Train::glass,data\raw\TrashNet\glass\glass261.jpg; data\processed\train\glass\glass261.jpg
EXACT_MD5,3d395222076803dc73574c1d8144d84b,2,TrashNet_Raw; TrashNet_Processed_Val,TrashNet_Raw::glass; TrashNet_Processed_Val::glass,data\raw\TrashNet\glass\glass262.jpg; data\processed\val\glass\glass262.jpg
EXACT_MD5,d6f9bae9a78f3667de48d9f6316578c4,2,TrashNet_Raw; TrashNet_Processed_Train,TrashNet_Raw::glass; TrashNet_Processed_Train::glass,data\raw\TrashNet\glass\glass263.jpg; data\processed\train\glass\glass263.jpg
EXACT_MD5,5fb30924df8620d38ccd8bdeeb3157dc,2,TrashNet_Raw; TrashNet_Processed_Test,TrashNet_Raw::glass; TrashNet_Processed_Test::glass,data\raw\TrashNet\glass\glass264.jpg; data\processed\test\glass\glass264.jpg
EXACT_MD5,028da47b1d0c29c69f747070c0bcb7d7,2,TrashNet_Raw; TrashNet_Processed_Train,TrashNet_Raw::glass; TrashNet_Processed_Train::glass,data\raw\TrashNet\glass\glass265.jpg; data\processed\train\glass\glass265.jpg
EXACT_MD5,81bb5abcdf3d27ae1620579d005d4732,2,TrashNet_Raw; TrashNet_Processed_Test,TrashNet_Raw::glass; TrashNet_Processed_Test::glass,data\raw\TrashNet\glass\glass266.jpg; data\processed\test\glass\glass266.jpg
EXACT_MD5,94d3e6a737791f624de6d0b34a8302c9,2,TrashNet_Raw; TrashNet_Processed_Train,TrashNet_Raw::glass; TrashNet_Processed_Train::glass,data\raw\TrashNet\glass\glass267.jpg; data\processed\train\glass\glass267.jpg
EXACT_MD5,d3336545b9fb0df8eaf035c0f5be70ff,2,TrashNet_Raw; TrashNet_Processed_Train,TrashNet_Raw::glass; TrashNet_Processed_Train::glass,data\raw\TrashNet\glass\glass268.jpg; data\processed\train\glass\glass268.jpg
EXACT_MD5,8224a21b711704b6ea573fdf6138c0ac,2,TrashNet_Raw; TrashNet_Processed_Test,TrashNet_Raw::glass; TrashNet_Processed_Test::glass,data\raw\TrashNet\glass\glass269.jpg; data\processed\test\glass\glass269.jpg
EXACT_MD5,76d15df46688383227f8cd928aead7e0,2,TrashNet_Raw; TrashNet_Processed_Train,TrashNet_Raw::glass; TrashNet_Processed_Train::glass,data\raw\TrashNet\glass\glass27.jpg; data\processed\train\glass\glass27.jpg
EXACT_MD5,fff609e8f8fd90b636875a347b23be54,2,TrashNet_Raw; TrashNet_Processed_Train,TrashNet_Raw::glass; TrashNet_Processed_Train::glass,data\raw\TrashNet\glass\glass270.jpg; data\processed\train\glass\glass270.jpg
EXACT_MD5,9f16b432f0a10380f7e7c9774b1eeb58,2,TrashNet_Raw; TrashNet_Processed_Test,TrashNet_Raw::glass; TrashNet_Processed_Test::glass,data\raw\TrashNet\glass\glass271.jpg; data\processed\test\glass\glass271.jpg
EXACT_MD5,891ab4af6d2f1213e0b4bce6e8d5bf0b,2,TrashNet_Raw; TrashNet_Processed_Train,TrashNet_Raw::glass; TrashNet_Processed_Train::glass,data\raw\TrashNet\glass\glass272.jpg; data\processed\train\glass\glass272.jpg
EXACT_MD5,27e5b40c4103847b6366584eba7f2458,2,TrashNet_Raw; TrashNet_Processed_Train,TrashNet_Raw::glass; TrashNet_Processed_Train::glass,data\raw\TrashNet\glass\glass273.jpg; data\processed\train\glass\glass273.jpg
EXACT_MD5,b0615221667efbbea3da53be557d0592,2,TrashNet_Raw; TrashNet_Processed_Train,TrashNet_Raw::glass; TrashNet_Processed_Train::glass,data\raw\TrashNet\glass\glass274.jpg; data\processed\train\glass\glass274.jpg
EXACT_MD5,dfdf59511e00b7568d2a600bfd47037f,2,TrashNet_Raw; TrashNet_Processed_Train,TrashNet_Raw::glass; TrashNet_Processed_Train::glass,data\raw\TrashNet\glass\glass275.jpg; data\processed\train\glass\glass275.jpg
EXACT_MD5,10313d2e07d21a21a3da08dfdf4bc2a0,2,TrashNet_Raw; TrashNet_Processed_Train,TrashNet_Raw::glass; TrashNet_Processed_Train::glass,data\raw\TrashNet\glass\glass276.jpg; data\processed\train\glass\glass276.jpg
EXACT_MD5,80351f154951e54269066641e399bb88,2,TrashNet_Raw; TrashNet_Processed_Val,TrashNet_Raw::glass; TrashNet_Processed_Val::glass,data\raw\TrashNet\glass\glass277.jpg; data\processed\val\glass\glass277.jpg
EXACT_MD5,e5d4e5f08dd98ba7c837e4bf7ed74054,2,TrashNet_Raw; TrashNet_Processed_Train,TrashNet_Raw::glass; TrashNet_Processed_Train::glass,data\raw\TrashNet\glass\glass278.jpg; data\processed\train\glass\glass278.jpg
EXACT_MD5,cbe376cd6fe9dea34c2c340855f69dcd,2,TrashNet_Raw; TrashNet_Processed_Val,TrashNet_Raw::glass; TrashNet_Processed_Val::glass,data\raw\TrashNet\glass\glass279.jpg; data\processed\val\glass\glass279.jpg
EXACT_MD5,8d4470827342f88685ecf6fe077db890,2,TrashNet_Raw; TrashNet_Processed_Train,TrashNet_Raw::glass; TrashNet_Processed_Train::glass,data\raw\TrashNet\glass\glass28.jpg; data\processed\train\glass\glass28.jpg
EXACT_MD5,27e6828a845e8aceaddc79c2482a7ac4,2,TrashNet_Raw; TrashNet_Processed_Train,TrashNet_Raw::glass; TrashNet_Processed_Train::glass,data\raw\TrashNet\glass\glass280.jpg; data\processed\train\glass\glass280.jpg
EXACT_MD5,7605cc36a3f1ef32f5e818b028d6e318,2,TrashNet_Raw; TrashNet_Processed_Train,TrashNet_Raw::glass; TrashNet_Processed_Train::glass,data\raw\TrashNet\glass\glass281.jpg; data\processed\train\glass\glass281.jpg
EXACT_MD5,5a0340abcb3040a949d4539f247aaa5a,2,TrashNet_Raw; TrashNet_Processed_Train,TrashNet_Raw::glass; TrashNet_Processed_Train::glass,data\raw\TrashNet\glass\glass282.jpg; data\processed\train\glass\glass282.jpg
EXACT_MD5,0e0810b27c4710987337b0b6efea1470,2,TrashNet_Raw; TrashNet_Processed_Train,TrashNet_Raw::glass; TrashNet_Processed_Train::glass,data\raw\TrashNet\glass\glass283.jpg; data\processed\train\glass\glass283.jpg
EXACT_MD5,0ae55a62298534cc764e80a07f305252,2,TrashNet_Raw; TrashNet_Processed_Train,TrashNet_Raw::glass; TrashNet_Processed_Train::glass,data\raw\TrashNet\glass\glass284.jpg; data\processed\train\glass\glass284.jpg
EXACT_MD5,a5fcbb8753a01fd43fb5151d55a8f1ef,2,TrashNet_Raw; TrashNet_Processed_Val,TrashNet_Raw::glass; TrashNet_Processed_Val::glass,data\raw\TrashNet\glass\glass285.jpg; data\processed\val\glass\glass285.jpg
EXACT_MD5,fc54f0ba29c684e2cf977c14425afb75,2,TrashNet_Raw; TrashNet_Processed_Train,TrashNet_Raw::glass; TrashNet_Processed_Train::glass,data\raw\TrashNet\glass\glass286.jpg; data\processed\train\glass\glass286.jpg
EXACT_MD5,7ea356a3b3f23fa1d6ea8c77776a4d47,2,TrashNet_Raw; TrashNet_Processed_Train,TrashNet_Raw::glass; TrashNet_Processed_Train::glass,data\raw\TrashNet\glass\glass287.jpg; data\processed\train\glass\glass287.jpg
EXACT_MD5,d8a92bf51d7999735ea4ea0756103634,2,TrashNet_Raw; TrashNet_Processed_Train,TrashNet_Raw::glass; TrashNet_Processed_Train::glass,data\raw\TrashNet\glass\glass288.jpg; data\processed\train\glass\glass288.jpg
EXACT_MD5,9440ccea4aeebaa33ccce8dd68fcfa76,2,TrashNet_Raw; TrashNet_Processed_Test,TrashNet_Raw::glass; TrashNet_Processed_Test::glass,data\raw\TrashNet\glass\glass289.jpg; data\processed\test\glass\glass289.jpg
EXACT_MD5,3a29e3d0ce9b1daf1a9ea6cd321da284,2,TrashNet_Raw; TrashNet_Processed_Train,TrashNet_Raw::glass; TrashNet_Processed_Train::glass,data\raw\TrashNet\glass\glass29.jpg; data\processed\train\glass\glass29.jpg
EXACT_MD5,07bec646cb4099d6191a10f0c9fa18cb,2,TrashNet_Raw; TrashNet_Processed_Test,TrashNet_Raw::glass; TrashNet_Processed_Test::glass,data\raw\TrashNet\glass\glass290.jpg; data\processed\test\glass\glass290.jpg
EXACT_MD5,11f57a25647d56c059975a0244abb969,2,TrashNet_Raw; TrashNet_Processed_Test,TrashNet_Raw::glass; TrashNet_Processed_Test::glass,data\raw\TrashNet\glass\glass291.jpg; data\processed\test\glass\glass291.jpg
EXACT_MD5,0a1b944c13e144876daa6ca6c2a62885,2,TrashNet_Raw; TrashNet_Processed_Train,TrashNet_Raw::glass; TrashNet_Processed_Train::glass,data\raw\TrashNet\glass\glass292.jpg; data\processed\train\glass\glass292.jpg
EXACT_MD5,7065630df52b9b8983f805649125eb33,2,TrashNet_Raw; TrashNet_Processed_Train,TrashNet_Raw::glass; TrashNet_Processed_Train::glass,data\raw\TrashNet\glass\glass293.jpg; data\processed\train\glass\glass293.jpg
EXACT_MD5,33c89fd9a6503ea2caeb62475908597f,2,TrashNet_Raw; TrashNet_Processed_Train,TrashNet_Raw::glass; TrashNet_Processed_Train::glass,data\raw\TrashNet\glass\glass294.jpg; data\processed\train\glass\glass294.jpg
EXACT_MD5,600bc47cb0f4c5b118a0845814d7a1ed,2,TrashNet_Raw; TrashNet_Processed_Train,TrashNet_Raw::glass; TrashNet_Processed_Train::glass,data\raw\TrashNet\glass\glass295.jpg; data\processed\train\glass\glass295.jpg
EXACT_MD5,7406755d6ba7d9981a413001d732ed16,2,TrashNet_Raw; TrashNet_Processed_Test,TrashNet_Raw::glass; TrashNet_Processed_Test::glass,data\raw\TrashNet\glass\glass296.jpg; data\processed\test\glass\glass296.jpg
EXACT_MD5,2f65a3d8d5b6958dc77f1dcca45b326b,2,TrashNet_Raw; TrashNet_Processed_Train,TrashNet_Raw::glass; TrashNet_Processed_Train::glass,data\raw\TrashNet\glass\glass297.jpg; data\processed\train\glass\glass297.jpg
EXACT_MD5,2de53902dfd27b69324f0ec934e7515d,2,TrashNet_Raw; TrashNet_Processed_Test,TrashNet_Raw::glass; TrashNet_Processed_Test::glass,data\raw\TrashNet\glass\glass298.jpg; data\processed\test\glass\glass298.jpg
EXACT_MD5,eeb1867e3e98567e1653c55420ada678,2,TrashNet_Raw; TrashNet_Processed_Train,TrashNet_Raw::glass; TrashNet_Processed_Train::glass,data\raw\TrashNet\glass\glass299.jpg; data\processed\train\glass\glass299.jpg
EXACT_MD5,878e2a4a653e26a7a59a0a3befbd86e1,2,TrashNet_Raw; TrashNet_Processed_Test,TrashNet_Raw::glass; TrashNet_Processed_Test::glass,data\raw\TrashNet\glass\glass3.jpg; data\processed\test\glass\glass3.jpg
EXACT_MD5,0c26ad7affebb39b2207e6f2f77b77af,2,TrashNet_Raw; TrashNet_Processed_Train,TrashNet_Raw::glass; TrashNet_Processed_Train::glass,data\raw\TrashNet\glass\glass30.jpg; data\processed\train\glass\glass30.jpg
EXACT_MD5,9f8b7f270289167c44fa8a5a5a9abe93,2,TrashNet_Raw; TrashNet_Processed_Val,TrashNet_Raw::glass; TrashNet_Processed_Val::glass,data\raw\TrashNet\glass\glass300.jpg; data\processed\val\glass\glass300.jpg
EXACT_MD5,4ad1b322c5f29e9589b9bfba3022a705,2,TrashNet_Raw; TrashNet_Processed_Val,TrashNet_Raw::glass; TrashNet_Processed_Val::glass,data\raw\TrashNet\glass\glass301.jpg; data\processed\val\glass\glass301.jpg
EXACT_MD5,b57ed7ec1b8e74ee72bd38e2d55293fd,2,TrashNet_Raw; TrashNet_Processed_Train,TrashNet_Raw::glass; TrashNet_Processed_Train::glass,data\raw\TrashNet\glass\glass302.jpg; data\processed\train\glass\glass302.jpg
EXACT_MD5,9a520401da324abb071ac979997ece15,2,TrashNet_Raw; TrashNet_Processed_Train,TrashNet_Raw::glass; TrashNet_Processed_Train::glass,data\raw\TrashNet\glass\glass303.jpg; data\processed\train\glass\glass303.jpg
EXACT_MD5,45774c5c704ec8afc397e54f20f4be3c,2,TrashNet_Raw; TrashNet_Processed_Test,TrashNet_Raw::glass; TrashNet_Processed_Test::glass,data\raw\TrashNet\glass\glass304.jpg; data\processed\test\glass\glass304.jpg
EXACT_MD5,c0d744ff8c3dbfc97e729eee06dd9e1d,2,TrashNet_Raw; TrashNet_Processed_Train,TrashNet_Raw::glass; TrashNet_Processed_Train::glass,data\raw\TrashNet\glass\glass305.jpg; data\processed\train\glass\glass305.jpg
EXACT_MD5,828779563d95bb981a32327a5fa7dc16,2,TrashNet_Raw; TrashNet_Processed_Train,TrashNet_Raw::glass; TrashNet_Processed_Train::glass,data\raw\TrashNet\glass\glass306.jpg; data\processed\train\glass\glass306.jpg
EXACT_MD5,eaf75a6079c4a36695ab9ae9141ef60d,2,TrashNet_Raw; TrashNet_Processed_Train,TrashNet_Raw::glass; TrashNet_Processed_Train::glass,data\raw\TrashNet\glass\glass307.jpg; data\processed\train\glass\glass307.jpg
EXACT_MD5,1e7e1077fc2e3cb545c8930a8603a94e,2,TrashNet_Raw; TrashNet_Processed_Train,TrashNet_Raw::glass; TrashNet_Processed_Train::glass,data\raw\TrashNet\glass\glass308.jpg; data\processed\train\glass\glass308.jpg
EXACT_MD5,bdeab741ce5b33c852f2ca59064d71f5,2,TrashNet_Raw; TrashNet_Processed_Train,TrashNet_Raw::glass; TrashNet_Processed_Train::glass,data\raw\TrashNet\glass\glass309.jpg; data\processed\train\glass\glass309.jpg
EXACT_MD5,789bcd771ef56dce2d46446d844f58dd,2,TrashNet_Raw; TrashNet_Processed_Train,TrashNet_Raw::glass; TrashNet_Processed_Train::glass,data\raw\TrashNet\glass\glass31.jpg; data\processed\train\glass\glass31.jpg
EXACT_MD5,0e6784abf7c8b011f19c15ef6568788b,2,TrashNet_Raw; TrashNet_Processed_Train,TrashNet_Raw::glass; TrashNet_Processed_Train::glass,data\raw\TrashNet\glass\glass310.jpg; data\processed\train\glass\glass310.jpg
EXACT_MD5,09b0113ec9f3316a131501f9cd1ec601,2,TrashNet_Raw; TrashNet_Processed_Train,TrashNet_Raw::glass; TrashNet_Processed_Train::glass,data\raw\TrashNet\glass\glass311.jpg; data\processed\train\glass\glass311.jpg
EXACT_MD5,b08b39c6a3d6579c69d03f23dc17f19f,2,TrashNet_Raw; TrashNet_Processed_Val,TrashNet_Raw::glass; TrashNet_Processed_Val::glass,data\raw\TrashNet\glass\glass312.jpg; data\processed\val\glass\glass312.jpg
EXACT_MD5,0124a6e1eca89cf6625b195f8058a955,2,TrashNet_Raw; TrashNet_Processed_Train,TrashNet_Raw::glass; TrashNet_Processed_Train::glass,data\raw\TrashNet\glass\glass313.jpg; data\processed\train\glass\glass313.jpg
EXACT_MD5,e11b6f52ab63cbd6cb7c804fd5a8bc32,2,TrashNet_Raw; TrashNet_Processed_Train,TrashNet_Raw::glass; TrashNet_Processed_Train::glass,data\raw\TrashNet\glass\glass314.jpg; data\processed\train\glass\glass314.jpg
EXACT_MD5,d8f7ecb3592a6d532f2a95f7338d7a9a,2,TrashNet_Raw; TrashNet_Processed_Train,TrashNet_Raw::glass; TrashNet_Processed_Train::glass,data\raw\TrashNet\glass\glass315.jpg; data\processed\train\glass\glass315.jpg
EXACT_MD5,db3d9e35fb7d0d540d5decf4aaf4d528,2,TrashNet_Raw; TrashNet_Processed_Train,TrashNet_Raw::glass; TrashNet_Processed_Train::glass,data\raw\TrashNet\glass\glass316.jpg; data\processed\train\glass\glass316.jpg
EXACT_MD5,22f3c7e54d9230f3209bdcd8d14c7aba,2,TrashNet_Raw; TrashNet_Processed_Val,TrashNet_Raw::glass; TrashNet_Processed_Val::glass,data\raw\TrashNet\glass\glass317.jpg; data\processed\val\glass\glass317.jpg
EXACT_MD5,53d67bdddd9f9ec16b91d884535e5c7d,2,TrashNet_Raw; TrashNet_Processed_Train,TrashNet_Raw::glass; TrashNet_Processed_Train::glass,data\raw\TrashNet\glass\glass318.jpg; data\processed\train\glass\glass318.jpg
EXACT_MD5,0db25ba2b14f89ef73d568fec80e4386,2,TrashNet_Raw; TrashNet_Processed_Train,TrashNet_Raw::glass; TrashNet_Processed_Train::glass,data\raw\TrashNet\glass\glass319.jpg; data\processed\train\glass\glass319.jpg
EXACT_MD5,2fc0f2fe743ac9a2827ba234565344de,2,TrashNet_Raw; TrashNet_Processed_Train,TrashNet_Raw::glass; TrashNet_Processed_Train::glass,data\raw\TrashNet\glass\glass32.jpg; data\processed\train\glass\glass32.jpg
EXACT_MD5,fdbb7733cd973ae9b35f8aaeaafb5f78,2,TrashNet_Raw; TrashNet_Processed_Train,TrashNet_Raw::glass; TrashNet_Processed_Train::glass,data\raw\TrashNet\glass\glass320.jpg; data\processed\train\glass\glass320.jpg
EXACT_MD5,fd4d7478a901f36ba836044f814bcbeb,2,TrashNet_Raw; TrashNet_Processed_Train,TrashNet_Raw::glass; TrashNet_Processed_Train::glass,data\raw\TrashNet\glass\glass321.jpg; data\processed\train\glass\glass321.jpg
EXACT_MD5,0f493fade4a02c6729a05b48a313b730,2,TrashNet_Raw; TrashNet_Processed_Train,TrashNet_Raw::glass; TrashNet_Processed_Train::glass,data\raw\TrashNet\glass\glass322.jpg; data\processed\train\glass\glass322.jpg
EXACT_MD5,051e01e03c2b1fd51892defee1713755,2,TrashNet_Raw; TrashNet_Processed_Train,TrashNet_Raw::glass; TrashNet_Processed_Train::glass,data\raw\TrashNet\glass\glass323.jpg; data\processed\train\glass\glass323.jpg
EXACT_MD5,788c76b9a30a351a52c53f9b79494220,2,TrashNet_Raw; TrashNet_Processed_Train,TrashNet_Raw::glass; TrashNet_Processed_Train::glass,data\raw\TrashNet\glass\glass324.jpg; data\processed\train\glass\glass324.jpg
EXACT_MD5,aa2bd91be6bb1bfb6b5072286b1cf94e,2,TrashNet_Raw; TrashNet_Processed_Train,TrashNet_Raw::glass; TrashNet_Processed_Train::glass,data\raw\TrashNet\glass\glass325.jpg; data\processed\train\glass\glass325.jpg
EXACT_MD5,1c1d07fdef40be2d55e1da52f6c0fe45,2,TrashNet_Raw; TrashNet_Processed_Train,TrashNet_Raw::glass; TrashNet_Processed_Train::glass,data\raw\TrashNet\glass\glass326.jpg; data\processed\train\glass\glass326.jpg
EXACT_MD5,ba0ad595ee417e053ccd4feaacd17fe9,2,TrashNet_Raw; TrashNet_Processed_Train,TrashNet_Raw::glass; TrashNet_Processed_Train::glass,data\raw\TrashNet\glass\glass327.jpg; data\processed\train\glass\glass327.jpg
EXACT_MD5,9339fe4c3fdf4516dca2c133a68cabfb,2,TrashNet_Raw; TrashNet_Processed_Train,TrashNet_Raw::glass; TrashNet_Processed_Train::glass,data\raw\TrashNet\glass\glass328.jpg; data\processed\train\glass\glass328.jpg
EXACT_MD5,7cc6a1e71206ac9a78cf2e1cfeb43051,2,TrashNet_Raw; TrashNet_Processed_Train,TrashNet_Raw::glass; TrashNet_Processed_Train::glass,data\raw\TrashNet\glass\glass329.jpg; data\processed\train\glass\glass329.jpg
EXACT_MD5,66e4b8f55504a92b8f9eb7a680f3e357,2,TrashNet_Raw; TrashNet_Processed_Train,TrashNet_Raw::glass; TrashNet_Processed_Train::glass,data\raw\TrashNet\glass\glass33.jpg; data\processed\train\glass\glass33.jpg
EXACT_MD5,856146b0953ecc10a9867c94b2406885,2,TrashNet_Raw; TrashNet_Processed_Train,TrashNet_Raw::glass; TrashNet_Processed_Train::glass,data\raw\TrashNet\glass\glass330.jpg; data\processed\train\glass\glass330.jpg
EXACT_MD5,7a87ec4f409090f830ab736920ef3186,2,TrashNet_Raw; TrashNet_Processed_Train,TrashNet_Raw::glass; TrashNet_Processed_Train::glass,data\raw\TrashNet\glass\glass331.jpg; data\processed\train\glass\glass331.jpg
EXACT_MD5,462df03a5cd0ea69da7a934a1fc5f6e9,2,TrashNet_Raw; TrashNet_Processed_Train,TrashNet_Raw::glass; TrashNet_Processed_Train::glass,data\raw\TrashNet\glass\glass332.jpg; data\processed\train\glass\glass332.jpg
EXACT_MD5,140e6929f0b8e63766b912fcf8d715e1,2,TrashNet_Raw; TrashNet_Processed_Train,TrashNet_Raw::glass; TrashNet_Processed_Train::glass,data\raw\TrashNet\glass\glass333.jpg; data\processed\train\glass\glass333.jpg
EXACT_MD5,10a17efa8cd90ee35b76ff3271a71115,2,TrashNet_Raw; TrashNet_Processed_Val,TrashNet_Raw::glass; TrashNet_Processed_Val::glass,data\raw\TrashNet\glass\glass334.jpg; data\processed\val\glass\glass334.jpg
EXACT_MD5,ebe5d6156df77010a5349240bc7025ab,2,TrashNet_Raw; TrashNet_Processed_Val,TrashNet_Raw::glass; TrashNet_Processed_Val::glass,data\raw\TrashNet\glass\glass335.jpg; data\processed\val\glass\glass335.jpg
EXACT_MD5,3bffd366a1a8d6e8e4782e6521d0e1d5,2,TrashNet_Raw; TrashNet_Processed_Val,TrashNet_Raw::glass; TrashNet_Processed_Val::glass,data\raw\TrashNet\glass\glass336.jpg; data\processed\val\glass\glass336.jpg
EXACT_MD5,2bbe5b95b9cbfb44730602892280be8e,2,TrashNet_Raw; TrashNet_Processed_Train,TrashNet_Raw::glass; TrashNet_Processed_Train::glass,data\raw\TrashNet\glass\glass337.jpg; data\processed\train\glass\glass337.jpg
EXACT_MD5,0e5ac3310131ff2d607eb2633798f5c9,2,TrashNet_Raw; TrashNet_Processed_Train,TrashNet_Raw::glass; TrashNet_Processed_Train::glass,data\raw\TrashNet\glass\glass338.jpg; data\processed\train\glass\glass338.jpg
EXACT_MD5,164e2a96812bcd9fc40c309d43a7f044,2,TrashNet_Raw; TrashNet_Processed_Train,TrashNet_Raw::glass; TrashNet_Processed_Train::glass,data\raw\TrashNet\glass\glass339.jpg; data\processed\train\glass\glass339.jpg
EXACT_MD5,88891cc4ba38eec9be038a203618edf2,2,TrashNet_Raw; TrashNet_Processed_Train,TrashNet_Raw::glass; TrashNet_Processed_Train::glass,data\raw\TrashNet\glass\glass34.jpg; data\processed\train\glass\glass34.jpg
EXACT_MD5,9546524359d0a2949d2c5aabeca9413e,2,TrashNet_Raw; TrashNet_Processed_Val,TrashNet_Raw::glass; TrashNet_Processed_Val::glass,data\raw\TrashNet\glass\glass340.jpg; data\processed\val\glass\glass340.jpg
EXACT_MD5,26c6c26f3c11ea74fa1bc2d9a3f4b78f,2,TrashNet_Raw; TrashNet_Processed_Train,TrashNet_Raw::glass; TrashNet_Processed_Train::glass,data\raw\TrashNet\glass\glass341.jpg; data\processed\train\glass\glass341.jpg
EXACT_MD5,5d5c3175899b0caeae795e59d6009a97,2,TrashNet_Raw; TrashNet_Processed_Train,TrashNet_Raw::glass; TrashNet_Processed_Train::glass,data\raw\TrashNet\glass\glass342.jpg; data\processed\train\glass\glass342.jpg
EXACT_MD5,d81d0c1d18b07f26959b720f314df112,2,TrashNet_Raw; TrashNet_Processed_Train,TrashNet_Raw::glass; TrashNet_Processed_Train::glass,data\raw\TrashNet\glass\glass343.jpg; data\processed\train\glass\glass343.jpg
EXACT_MD5,4b730085e835ef95e6e1ede6ba5ab6a8,2,TrashNet_Raw; TrashNet_Processed_Train,TrashNet_Raw::glass; TrashNet_Processed_Train::glass,data\raw\TrashNet\glass\glass344.jpg; data\processed\train\glass\glass344.jpg
EXACT_MD5,0c20444d50ca3eb229edc961f4e90fea,2,TrashNet_Raw; TrashNet_Processed_Train,TrashNet_Raw::glass; TrashNet_Processed_Train::glass,data\raw\TrashNet\glass\glass345.jpg; data\processed\train\glass\glass345.jpg
EXACT_MD5,8cf12b8e02a87f66db93fdb63b28b5e1,2,TrashNet_Raw; TrashNet_Processed_Train,TrashNet_Raw::glass; TrashNet_Processed_Train::glass,data\raw\TrashNet\glass\glass346.jpg; data\processed\train\glass\glass346.jpg
EXACT_MD5,22895be5f08b7aebba14bc58a2352ce6,2,TrashNet_Raw; TrashNet_Processed_Train,TrashNet_Raw::glass; TrashNet_Processed_Train::glass,data\raw\TrashNet\glass\glass347.jpg; data\processed\train\glass\glass347.jpg
EXACT_MD5,5173574244c3a06d3879d0d9aa996bfb,2,TrashNet_Raw; TrashNet_Processed_Val,TrashNet_Raw::glass; TrashNet_Processed_Val::glass,data\raw\TrashNet\glass\glass348.jpg; data\processed\val\glass\glass348.jpg
EXACT_MD5,14d765fef2a1604dd86238eee5b1b91a,2,TrashNet_Raw; TrashNet_Processed_Val,TrashNet_Raw::glass; TrashNet_Processed_Val::glass,data\raw\TrashNet\glass\glass349.jpg; data\processed\val\glass\glass349.jpg
EXACT_MD5,b56f7cf1251934e56416d3d4586fedcc,2,TrashNet_Raw; TrashNet_Processed_Train,TrashNet_Raw::glass; TrashNet_Processed_Train::glass,data\raw\TrashNet\glass\glass35.jpg; data\processed\train\glass\glass35.jpg
EXACT_MD5,fcd984445ef22028e3c2ab46c301056b,2,TrashNet_Raw; TrashNet_Processed_Train,TrashNet_Raw::glass; TrashNet_Processed_Train::glass,data\raw\TrashNet\glass\glass350.jpg; data\processed\train\glass\glass350.jpg
EXACT_MD5,b50bc94ca84aa06d951b336110cf54a0,2,TrashNet_Raw; TrashNet_Processed_Train,TrashNet_Raw::glass; TrashNet_Processed_Train::glass,data\raw\TrashNet\glass\glass351.jpg; data\processed\train\glass\glass351.jpg
EXACT_MD5,2ff8e2c29b85bb7a40194a59ca95940b,2,TrashNet_Raw; TrashNet_Processed_Test,TrashNet_Raw::glass; TrashNet_Processed_Test::glass,data\raw\TrashNet\glass\glass352.jpg; data\processed\test\glass\glass352.jpg
EXACT_MD5,14e9ff5bb8563180277d26c9f17b4f51,2,TrashNet_Raw; TrashNet_Processed_Train,TrashNet_Raw::glass; TrashNet_Processed_Train::glass,data\raw\TrashNet\glass\glass353.jpg; data\processed\train\glass\glass353.jpg
EXACT_MD5,2db3ce427499106655dba9f855a16d13,2,TrashNet_Raw; TrashNet_Processed_Train,TrashNet_Raw::glass; TrashNet_Processed_Train::glass,data\raw\TrashNet\glass\glass354.jpg; data\processed\train\glass\glass354.jpg
EXACT_MD5,773baf6cdbd175fe798e206b83e8ffa7,2,TrashNet_Raw; TrashNet_Processed_Test,TrashNet_Raw::glass; TrashNet_Processed_Test::glass,data\raw\TrashNet\glass\glass355.jpg; data\processed\test\glass\glass355.jpg
EXACT_MD5,2ce3bfed0d2461de6fcec9596b0de99e,2,TrashNet_Raw; TrashNet_Processed_Train,TrashNet_Raw::glass; TrashNet_Processed_Train::glass,data\raw\TrashNet\glass\glass356.jpg; data\processed\train\glass\glass356.jpg
EXACT_MD5,78a5bcb2405e1dbe463ce36862a0c242,2,TrashNet_Raw; TrashNet_Processed_Train,TrashNet_Raw::glass; TrashNet_Processed_Train::glass,data\raw\TrashNet\glass\glass357.jpg; data\processed\train\glass\glass357.jpg
EXACT_MD5,3d7d613b5f78638699bce0594430171c,2,TrashNet_Raw; TrashNet_Processed_Train,TrashNet_Raw::glass; TrashNet_Processed_Train::glass,data\raw\TrashNet\glass\glass358.jpg; data\processed\train\glass\glass358.jpg
EXACT_MD5,93956e3b69d9f613afeda0b722360319,2,TrashNet_Raw; TrashNet_Processed_Test,TrashNet_Raw::glass; TrashNet_Processed_Test::glass,data\raw\TrashNet\glass\glass359.jpg; data\processed\test\glass\glass359.jpg
EXACT_MD5,2e1b0c15e737a6aefc7f39b54f3e0372,2,TrashNet_Raw; TrashNet_Processed_Test,TrashNet_Raw::glass; TrashNet_Processed_Test::glass,data\raw\TrashNet\glass\glass36.jpg; data\processed\test\glass\glass36.jpg
EXACT_MD5,8c6f5faeda1e90cda12dca89f38471d5,2,TrashNet_Raw; TrashNet_Processed_Train,TrashNet_Raw::glass; TrashNet_Processed_Train::glass,data\raw\TrashNet\glass\glass360.jpg; data\processed\train\glass\glass360.jpg
EXACT_MD5,8b2f128552a9fd81b9343bc0962f08f2,2,TrashNet_Raw; TrashNet_Processed_Train,TrashNet_Raw::glass; TrashNet_Processed_Train::glass,data\raw\TrashNet\glass\glass361.jpg; data\processed\train\glass\glass361.jpg
EXACT_MD5,ab22412f86c60fd15157855c2af090ec,2,TrashNet_Raw; TrashNet_Processed_Train,TrashNet_Raw::glass; TrashNet_Processed_Train::glass,data\raw\TrashNet\glass\glass362.jpg; data\processed\train\glass\glass362.jpg
EXACT_MD5,748f47b19e45a2fd10d41b8238567eec,2,TrashNet_Raw; TrashNet_Processed_Train,TrashNet_Raw::glass; TrashNet_Processed_Train::glass,data\raw\TrashNet\glass\glass363.jpg; data\processed\train\glass\glass363.jpg
EXACT_MD5,f0e6939940433e009161a90d8b4a2461,2,TrashNet_Raw; TrashNet_Processed_Train,TrashNet_Raw::glass; TrashNet_Processed_Train::glass,data\raw\TrashNet\glass\glass364.jpg; data\processed\train\glass\glass364.jpg
EXACT_MD5,67172d0eb038aba135eceb2b59ec0af5,2,TrashNet_Raw; TrashNet_Processed_Train,TrashNet_Raw::glass; TrashNet_Processed_Train::glass,data\raw\TrashNet\glass\glass365.jpg; data\processed\train\glass\glass365.jpg
EXACT_MD5,2e4404d80e5640cabbfaaa9b35b0a73f,2,TrashNet_Raw; TrashNet_Processed_Train,TrashNet_Raw::glass; TrashNet_Processed_Train::glass,data\raw\TrashNet\glass\glass366.jpg; data\processed\train\glass\glass366.jpg
EXACT_MD5,5347c23111180482de83778996c02805,2,TrashNet_Raw; TrashNet_Processed_Val,TrashNet_Raw::glass; TrashNet_Processed_Val::glass,data\raw\TrashNet\glass\glass367.jpg; data\processed\val\glass\glass367.jpg
EXACT_MD5,81633c5718dbb6439a79ebf0e06154e0,2,TrashNet_Raw; TrashNet_Processed_Train,TrashNet_Raw::glass; TrashNet_Processed_Train::glass,data\raw\TrashNet\glass\glass368.jpg; data\processed\train\glass\glass368.jpg
EXACT_MD5,35b84c54b9709b2b3bab7838ced26da7,2,TrashNet_Raw; TrashNet_Processed_Val,TrashNet_Raw::glass; TrashNet_Processed_Val::glass,data\raw\TrashNet\glass\glass369.jpg; data\processed\val\glass\glass369.jpg
EXACT_MD5,6d26b514a673e22d99fc7f45cc8c571c,2,TrashNet_Raw; TrashNet_Processed_Test,TrashNet_Raw::glass; TrashNet_Processed_Test::glass,data\raw\TrashNet\glass\glass37.jpg; data\processed\test\glass\glass37.jpg
EXACT_MD5,280281a61c84b4d96262d3fcf90a0478,2,TrashNet_Raw; TrashNet_Processed_Train,TrashNet_Raw::glass; TrashNet_Processed_Train::glass,data\raw\TrashNet\glass\glass370.jpg; data\processed\train\glass\glass370.jpg
EXACT_MD5,4693180ac59f5b682e5a47412e942bca,2,TrashNet_Raw; TrashNet_Processed_Train,TrashNet_Raw::glass; TrashNet_Processed_Train::glass,data\raw\TrashNet\glass\glass371.jpg; data\processed\train\glass\glass371.jpg
EXACT_MD5,50304c45fc4138ededb4696e5b665d43,2,TrashNet_Raw; TrashNet_Processed_Train,TrashNet_Raw::glass; TrashNet_Processed_Train::glass,data\raw\TrashNet\glass\glass372.jpg; data\processed\train\glass\glass372.jpg
EXACT_MD5,5d2a70c122f5c2c38323e833526d730d,2,TrashNet_Raw; TrashNet_Processed_Train,TrashNet_Raw::glass; TrashNet_Processed_Train::glass,data\raw\TrashNet\glass\glass373.jpg; data\processed\train\glass\glass373.jpg
EXACT_MD5,aa8aa3af5878236d6d910cb7ef62c593,2,TrashNet_Raw; TrashNet_Processed_Train,TrashNet_Raw::glass; TrashNet_Processed_Train::glass,data\raw\TrashNet\glass\glass374.jpg; data\processed\train\glass\glass374.jpg
EXACT_MD5,0ca61ad1ec76b19a8193c11e05b5e11c,2,TrashNet_Raw; TrashNet_Processed_Train,TrashNet_Raw::glass; TrashNet_Processed_Train::glass,data\raw\TrashNet\glass\glass375.jpg; data\processed\train\glass\glass375.jpg
EXACT_MD5,1e6762cccc81ae7b4402e092458337ff,2,TrashNet_Raw; TrashNet_Processed_Val,TrashNet_Raw::glass; TrashNet_Processed_Val::glass,data\raw\TrashNet\glass\glass376.jpg; data\processed\val\glass\glass376.jpg
EXACT_MD5,a6d93a53fc8d34b15f18af2c3407988f,2,TrashNet_Raw; TrashNet_Processed_Train,TrashNet_Raw::glass; TrashNet_Processed_Train::glass,data\raw\TrashNet\glass\glass377.jpg; data\processed\train\glass\glass377.jpg
EXACT_MD5,3dd3c20403dbe8573650a482e464f5bf,2,TrashNet_Raw; TrashNet_Processed_Train,TrashNet_Raw::glass; TrashNet_Processed_Train::glass,data\raw\TrashNet\glass\glass378.jpg; data\processed\train\glass\glass378.jpg
EXACT_MD5,d30f5ea4448830b04b6830089e11326f,2,TrashNet_Raw; TrashNet_Processed_Train,TrashNet_Raw::glass; TrashNet_Processed_Train::glass,data\raw\TrashNet\glass\glass379.jpg; data\processed\train\glass\glass379.jpg
EXACT_MD5,127a7c73cd2e9a308d5d826105652f04,2,TrashNet_Raw; TrashNet_Processed_Train,TrashNet_Raw::glass; TrashNet_Processed_Train::glass,data\raw\TrashNet\glass\glass38.jpg; data\processed\train\glass\glass38.jpg
EXACT_MD5,3737c480a9cfecceb8462d5798915bbf,2,TrashNet_Raw; TrashNet_Processed_Val,TrashNet_Raw::glass; TrashNet_Processed_Val::glass,data\raw\TrashNet\glass\glass380.jpg; data\processed\val\glass\glass380.jpg
EXACT_MD5,65c509973e094452232666790f938bfd,2,TrashNet_Raw; TrashNet_Processed_Train,TrashNet_Raw::glass; TrashNet_Processed_Train::glass,data\raw\TrashNet\glass\glass381.jpg; data\processed\train\glass\glass381.jpg
EXACT_MD5,64238b95786b817e9c4d24426d34e34a,2,TrashNet_Raw; TrashNet_Processed_Train,TrashNet_Raw::glass; TrashNet_Processed_Train::glass,data\raw\TrashNet\glass\glass382.jpg; data\processed\train\glass\glass382.jpg
EXACT_MD5,0bf34d8d05e94ef612cb2caabe2d0518,2,TrashNet_Raw; TrashNet_Processed_Train,TrashNet_Raw::glass; TrashNet_Processed_Train::glass,data\raw\TrashNet\glass\glass383.jpg; data\processed\train\glass\glass383.jpg
EXACT_MD5,d6cab519c38793b3d562fc6c55432c0e,2,TrashNet_Raw; TrashNet_Processed_Train,TrashNet_Raw::glass; TrashNet_Processed_Train::glass,data\raw\TrashNet\glass\glass384.jpg; data\processed\train\glass\glass384.jpg
EXACT_MD5,00c079114751bb40d9ca1d31bfb388b4,2,TrashNet_Raw; TrashNet_Processed_Train,TrashNet_Raw::glass; TrashNet_Processed_Train::glass,data\raw\TrashNet\glass\glass385.jpg; data\processed\train\glass\glass385.jpg
EXACT_MD5,9da4768cd9e62d393acc4157f43ed951,2,TrashNet_Raw; TrashNet_Processed_Train,TrashNet_Raw::glass; TrashNet_Processed_Train::glass,data\raw\TrashNet\glass\glass386.jpg; data\processed\train\glass\glass386.jpg
EXACT_MD5,7a75eb76d00f13a29520bd55e392e0b7,2,TrashNet_Raw; TrashNet_Processed_Test,TrashNet_Raw::glass; TrashNet_Processed_Test::glass,data\raw\TrashNet\glass\glass387.jpg; data\processed\test\glass\glass387.jpg
EXACT_MD5,86ffc40348722269dd87a2671bc1f2a7,2,TrashNet_Raw; TrashNet_Processed_Train,TrashNet_Raw::glass; TrashNet_Processed_Train::glass,data\raw\TrashNet\glass\glass388.jpg; data\processed\train\glass\glass388.jpg
EXACT_MD5,e52ec9a8f6089b5780728b148c9f795e,4,TrashNet_Raw; TrashNet_Processed_Train,TrashNet_Raw::glass; TrashNet_Processed_Train::glass; TrashNet_Processed_Train::plastic; TrashNet_Raw::plastic,data\raw\TrashNet\glass\glass389.jpg; data\raw\TrashNet\plastic\plastic332.jpg; data\processed\train\glass\glass389.jpg; data\processed\train\plastic\plastic332.jpg
EXACT_MD5,8d25cab883a6311b707ba8e5dc22d94b,2,TrashNet_Raw; TrashNet_Processed_Val,TrashNet_Raw::glass; TrashNet_Processed_Val::glass,data\raw\TrashNet\glass\glass39.jpg; data\processed\val\glass\glass39.jpg
EXACT_MD5,848b6a0f0dc1cfac5bf13bd2743984f8,2,TrashNet_Raw; TrashNet_Processed_Train,TrashNet_Raw::glass; TrashNet_Processed_Train::glass,data\raw\TrashNet\glass\glass390.jpg; data\processed\train\glass\glass390.jpg
EXACT_MD5,3f506e87d9254a97d32df5ff5dfd2dd7,2,TrashNet_Raw; TrashNet_Processed_Train,TrashNet_Raw::glass; TrashNet_Processed_Train::glass,data\raw\TrashNet\glass\glass391.jpg; data\processed\train\glass\glass391.jpg
EXACT_MD5,b053507bb2924adee7e02404d14c30d6,2,TrashNet_Raw; TrashNet_Processed_Train,TrashNet_Raw::glass; TrashNet_Processed_Train::glass,data\raw\TrashNet\glass\glass392.jpg; data\processed\train\glass\glass392.jpg
EXACT_MD5,78a8c05aa8c0c1cf9fbe3d907862be28,2,TrashNet_Raw; TrashNet_Processed_Train,TrashNet_Raw::glass; TrashNet_Processed_Train::glass,data\raw\TrashNet\glass\glass393.jpg; data\processed\train\glass\glass393.jpg
EXACT_MD5,9f2691a6d6f59e310411b3304e30410c,2,TrashNet_Raw; TrashNet_Processed_Test,TrashNet_Raw::glass; TrashNet_Processed_Test::glass,data\raw\TrashNet\glass\glass394.jpg; data\processed\test\glass\glass394.jpg
EXACT_MD5,4225e7676422414729c496c3961e775c,2,TrashNet_Raw; TrashNet_Processed_Train,TrashNet_Raw::glass; TrashNet_Processed_Train::glass,data\raw\TrashNet\glass\glass395.jpg; data\processed\train\glass\glass395.jpg
EXACT_MD5,551466957a599b56c1e47844235de13b,2,TrashNet_Raw; TrashNet_Processed_Test,TrashNet_Raw::glass; TrashNet_Processed_Test::glass,data\raw\TrashNet\glass\glass396.jpg; data\processed\test\glass\glass396.jpg
EXACT_MD5,84dd048f8f1225a4dcc668503bae8db3,2,TrashNet_Raw; TrashNet_Processed_Train,TrashNet_Raw::glass; TrashNet_Processed_Train::glass,data\raw\TrashNet\glass\glass397.jpg; data\processed\train\glass\glass397.jpg
EXACT_MD5,22678376748907431676ac359f002131,2,TrashNet_Raw; TrashNet_Processed_Val,TrashNet_Raw::glass; TrashNet_Processed_Val::glass,data\raw\TrashNet\glass\glass398.jpg; data\processed\val\glass\glass398.jpg
EXACT_MD5,6d20dddcb3c50c671a90d6acfca68b71,2,TrashNet_Raw; TrashNet_Processed_Train,TrashNet_Raw::glass; TrashNet_Processed_Train::glass,data\raw\TrashNet\glass\glass399.jpg; data\processed\train\glass\glass399.jpg
EXACT_MD5,2890961c89ddfeb6dc15b87583fa793b,2,TrashNet_Raw; TrashNet_Processed_Train,TrashNet_Raw::glass; TrashNet_Processed_Train::glass,data\raw\TrashNet\glass\glass4.jpg; data\processed\train\glass\glass4.jpg
EXACT_MD5,316de4c5805395796798bffcffaed802,2,TrashNet_Raw; TrashNet_Processed_Train,TrashNet_Raw::glass; TrashNet_Processed_Train::glass,data\raw\TrashNet\glass\glass40.jpg; data\processed\train\glass\glass40.jpg
EXACT_MD5,1c965027a5cf705835279b48ffd59d57,2,TrashNet_Raw; TrashNet_Processed_Train,TrashNet_Raw::glass; TrashNet_Processed_Train::glass,data\raw\TrashNet\glass\glass400.jpg; data\processed\train\glass\glass400.jpg
EXACT_MD5,ffdee6b168ead80a0387c84047aff8d3,2,TrashNet_Raw; TrashNet_Processed_Train,TrashNet_Raw::glass; TrashNet_Processed_Train::glass,data\raw\TrashNet\glass\glass401.jpg; data\processed\train\glass\glass401.jpg
EXACT_MD5,8d59ec890d9101716d45e2c28cf6b0db,2,TrashNet_Raw; TrashNet_Processed_Train,TrashNet_Raw::glass; TrashNet_Processed_Train::glass,data\raw\TrashNet\glass\glass402.jpg; data\processed\train\glass\glass402.jpg
EXACT_MD5,14635803c01359038dc00ceff67c9e84,2,TrashNet_Raw; TrashNet_Processed_Train,TrashNet_Raw::glass; TrashNet_Processed_Train::glass,data\raw\TrashNet\glass\glass403.jpg; data\processed\train\glass\glass403.jpg
EXACT_MD5,48a605244d97b5972679e85ee67f792c,2,TrashNet_Raw; TrashNet_Processed_Train,TrashNet_Raw::glass; TrashNet_Processed_Train::glass,data\raw\TrashNet\glass\glass404.jpg; data\processed\train\glass\glass404.jpg
EXACT_MD5,9c4e5b71f0408fcb839b9705baeab661,2,TrashNet_Raw; TrashNet_Processed_Val,TrashNet_Raw::glass; TrashNet_Processed_Val::glass,data\raw\TrashNet\glass\glass405.jpg; data\processed\val\glass\glass405.jpg
EXACT_MD5,378f223144c222f98a4ea1ca2e408be8,2,TrashNet_Raw; TrashNet_Processed_Train,TrashNet_Raw::glass; TrashNet_Processed_Train::glass,data\raw\TrashNet\glass\glass406.jpg; data\processed\train\glass\glass406.jpg
EXACT_MD5,bbbe096a7d8f4783b7086a163d8e1fe2,2,TrashNet_Raw; TrashNet_Processed_Val,TrashNet_Raw::glass; TrashNet_Processed_Val::glass,data\raw\TrashNet\glass\glass407.jpg; data\processed\val\glass\glass407.jpg
EXACT_MD5,31180fe6e985f3b94b670909f196c9af,2,TrashNet_Raw; TrashNet_Processed_Val,TrashNet_Raw::glass; TrashNet_Processed_Val::glass,data\raw\TrashNet\glass\glass408.jpg; data\processed\val\glass\glass408.jpg
EXACT_MD5,4c2dca2368d2da48d39fc0cd26f6d413,2,TrashNet_Raw; TrashNet_Processed_Test,TrashNet_Raw::glass; TrashNet_Processed_Test::glass,data\raw\TrashNet\glass\glass409.jpg; data\processed\test\glass\glass409.jpg
EXACT_MD5,99c3e40712a8c9d9f0ede0c473514497,2,TrashNet_Raw; TrashNet_Processed_Test,TrashNet_Raw::glass; TrashNet_Processed_Test::glass,data\raw\TrashNet\glass\glass41.jpg; data\processed\test\glass\glass41.jpg
EXACT_MD5,5a499cfa0c28b2f8678638f6518f1e61,2,TrashNet_Raw; TrashNet_Processed_Val,TrashNet_Raw::glass; TrashNet_Processed_Val::glass,data\raw\TrashNet\glass\glass410.jpg; data\processed\val\glass\glass410.jpg
EXACT_MD5,c3d8628d3f15c3c2d9fe184b98c36014,2,TrashNet_Raw; TrashNet_Processed_Train,TrashNet_Raw::glass; TrashNet_Processed_Train::glass,data\raw\TrashNet\glass\glass411.jpg; data\processed\train\glass\glass411.jpg
EXACT_MD5,2a8f3dc331528d90411cbe2269079542,2,TrashNet_Raw; TrashNet_Processed_Train,TrashNet_Raw::glass; TrashNet_Processed_Train::glass,data\raw\TrashNet\glass\glass412.jpg; data\processed\train\glass\glass412.jpg
EXACT_MD5,58a23d5d92611be89bd8382e2825af5f,2,TrashNet_Raw; TrashNet_Processed_Train,TrashNet_Raw::glass; TrashNet_Processed_Train::glass,data\raw\TrashNet\glass\glass413.jpg; data\processed\train\glass\glass413.jpg
EXACT_MD5,1f1d6cb4d4b22c469c3f9722a53e8602,2,TrashNet_Raw; TrashNet_Processed_Val,TrashNet_Raw::glass; TrashNet_Processed_Val::glass,data\raw\TrashNet\glass\glass414.jpg; data\processed\val\glass\glass414.jpg
EXACT_MD5,0d640c758a6527a5b64dc609e63997c9,2,TrashNet_Raw; TrashNet_Processed_Train,TrashNet_Raw::glass; TrashNet_Processed_Train::glass,data\raw\TrashNet\glass\glass415.jpg; data\processed\train\glass\glass415.jpg
EXACT_MD5,a981f8c460aff6579f195213b019c86e,2,TrashNet_Raw; TrashNet_Processed_Test,TrashNet_Raw::glass; TrashNet_Processed_Test::glass,data\raw\TrashNet\glass\glass416.jpg; data\processed\test\glass\glass416.jpg
EXACT_MD5,5cc108b9d8df4b0a70bfa598fdb1da1a,2,TrashNet_Raw; TrashNet_Processed_Train,TrashNet_Raw::glass; TrashNet_Processed_Train::glass,data\raw\TrashNet\glass\glass417.jpg; data\processed\train\glass\glass417.jpg
EXACT_MD5,22ac04e1bb9b86d1ad93472aa5135649,2,TrashNet_Raw; TrashNet_Processed_Val,TrashNet_Raw::glass; TrashNet_Processed_Val::glass,data\raw\TrashNet\glass\glass418.jpg; data\processed\val\glass\glass418.jpg
EXACT_MD5,ae4150e7d50924a39d1fba35b4d415ae,2,TrashNet_Raw; TrashNet_Processed_Train,TrashNet_Raw::glass; TrashNet_Processed_Train::glass,data\raw\TrashNet\glass\glass419.jpg; data\processed\train\glass\glass419.jpg
EXACT_MD5,dc51c35af858eb4df96b9262efc2ec82,2,TrashNet_Raw; TrashNet_Processed_Test,TrashNet_Raw::glass; TrashNet_Processed_Test::glass,data\raw\TrashNet\glass\glass42.jpg; data\processed\test\glass\glass42.jpg
EXACT_MD5,cf47f20d76396b80288e2d16a255b4ea,2,TrashNet_Raw; TrashNet_Processed_Train,TrashNet_Raw::glass; TrashNet_Processed_Train::glass,data\raw\TrashNet\glass\glass420.jpg; data\processed\train\glass\glass420.jpg
EXACT_MD5,336f0e4679fcf6295bb2499ea160e815,2,TrashNet_Raw; TrashNet_Processed_Train,TrashNet_Raw::glass; TrashNet_Processed_Train::glass,data\raw\TrashNet\glass\glass421.jpg; data\processed\train\glass\glass421.jpg
EXACT_MD5,ed691f9df40b5a234dadb1f51ed41800,2,TrashNet_Raw; TrashNet_Processed_Train,TrashNet_Raw::glass; TrashNet_Processed_Train::glass,data\raw\TrashNet\glass\glass422.jpg; data\processed\train\glass\glass422.jpg
EXACT_MD5,6751251abf22bc5ab460c38d0b33942c,2,TrashNet_Raw; TrashNet_Processed_Train,TrashNet_Raw::glass; TrashNet_Processed_Train::glass,data\raw\TrashNet\glass\glass423.jpg; data\processed\train\glass\glass423.jpg
EXACT_MD5,24f94b8b9c520873d6048aaab430f1c8,2,TrashNet_Raw; TrashNet_Processed_Train,TrashNet_Raw::glass; TrashNet_Processed_Train::glass,data\raw\TrashNet\glass\glass424.jpg; data\processed\train\glass\glass424.jpg
EXACT_MD5,00948dca2654e651f81db9d8c803501e,2,TrashNet_Raw; TrashNet_Processed_Val,TrashNet_Raw::glass; TrashNet_Processed_Val::glass,data\raw\TrashNet\glass\glass425.jpg; data\processed\val\glass\glass425.jpg
EXACT_MD5,362aa1a98b3827f52bbe3c2906b41cb7,2,TrashNet_Raw; TrashNet_Processed_Train,TrashNet_Raw::glass; TrashNet_Processed_Train::glass,data\raw\TrashNet\glass\glass426.jpg; data\processed\train\glass\glass426.jpg
EXACT_MD5,55e095568d53a8585f825d30a2518f93,2,TrashNet_Raw; TrashNet_Processed_Test,TrashNet_Raw::glass; TrashNet_Processed_Test::glass,data\raw\TrashNet\glass\glass427.jpg; data\processed\test\glass\glass427.jpg
EXACT_MD5,0b70bcfde344c51ad7044cf6c96563d4,2,TrashNet_Raw; TrashNet_Processed_Val,TrashNet_Raw::glass; TrashNet_Processed_Val::glass,data\raw\TrashNet\glass\glass428.jpg; data\processed\val\glass\glass428.jpg
EXACT_MD5,c44cc41d1d215a91d6b6a81878c2d960,2,TrashNet_Raw; TrashNet_Processed_Train,TrashNet_Raw::glass; TrashNet_Processed_Train::glass,data\raw\TrashNet\glass\glass429.jpg; data\processed\train\glass\glass429.jpg
EXACT_MD5,9d86afa1ab135d04dbd3006c53f43af4,2,TrashNet_Raw; TrashNet_Processed_Train,TrashNet_Raw::glass; TrashNet_Processed_Train::glass,data\raw\TrashNet\glass\glass43.jpg; data\processed\train\glass\glass43.jpg
EXACT_MD5,2eaf375fb7376935525fabc58b1f2640,2,TrashNet_Raw; TrashNet_Processed_Train,TrashNet_Raw::glass; TrashNet_Processed_Train::glass,data\raw\TrashNet\glass\glass430.jpg; data\processed\train\glass\glass430.jpg
EXACT_MD5,4f70f09bc0b56edaafc35870df8c51ad,2,TrashNet_Raw; TrashNet_Processed_Train,TrashNet_Raw::glass; TrashNet_Processed_Train::glass,data\raw\TrashNet\glass\glass431.jpg; data\processed\train\glass\glass431.jpg
EXACT_MD5,c1998bfcb01c606ce2a6de14744cb017,2,TrashNet_Raw; TrashNet_Processed_Train,TrashNet_Raw::glass; TrashNet_Processed_Train::glass,data\raw\TrashNet\glass\glass432.jpg; data\processed\train\glass\glass432.jpg
EXACT_MD5,a868ed3837c511feb5c605c7435c124f,2,TrashNet_Raw; TrashNet_Processed_Train,TrashNet_Raw::glass; TrashNet_Processed_Train::glass,data\raw\TrashNet\glass\glass433.jpg; data\processed\train\glass\glass433.jpg
EXACT_MD5,58c5922da769b62e44e9e42e1c7ea299,2,TrashNet_Raw; TrashNet_Processed_Train,TrashNet_Raw::glass; TrashNet_Processed_Train::glass,data\raw\TrashNet\glass\glass434.jpg; data\processed\train\glass\glass434.jpg
EXACT_MD5,8e2190ea1da5e8d31732da7746858399,2,TrashNet_Raw; TrashNet_Processed_Train,TrashNet_Raw::glass; TrashNet_Processed_Train::glass,data\raw\TrashNet\glass\glass435.jpg; data\processed\train\glass\glass435.jpg
EXACT_MD5,94043ab4a11c6d0da4b57924f655dc66,2,TrashNet_Raw; TrashNet_Processed_Train,TrashNet_Raw::glass; TrashNet_Processed_Train::glass,data\raw\TrashNet\glass\glass436.jpg; data\processed\train\glass\glass436.jpg
EXACT_MD5,d465abcae748396c311190ec00090b4c,2,TrashNet_Raw; TrashNet_Processed_Train,TrashNet_Raw::glass; TrashNet_Processed_Train::glass,data\raw\TrashNet\glass\glass437.jpg; data\processed\train\glass\glass437.jpg
EXACT_MD5,044164129c51fe1050d76dbb4355a15e,2,TrashNet_Raw; TrashNet_Processed_Val,TrashNet_Raw::glass; TrashNet_Processed_Val::glass,data\raw\TrashNet\glass\glass438.jpg; data\processed\val\glass\glass438.jpg
EXACT_MD5,208786b581e7e81051f3670f795a8ea5,2,TrashNet_Raw; TrashNet_Processed_Train,TrashNet_Raw::glass; TrashNet_Processed_Train::glass,data\raw\TrashNet\glass\glass439.jpg; data\processed\train\glass\glass439.jpg
EXACT_MD5,a069219506ab84a0e01280fd07ffa9b0,2,TrashNet_Raw; TrashNet_Processed_Train,TrashNet_Raw::glass; TrashNet_Processed_Train::glass,data\raw\TrashNet\glass\glass44.jpg; data\processed\train\glass\glass44.jpg
EXACT_MD5,ba990b0e82b90cb222e05b734a3d615f,2,TrashNet_Raw; TrashNet_Processed_Test,TrashNet_Raw::glass; TrashNet_Processed_Test::glass,data\raw\TrashNet\glass\glass440.jpg; data\processed\test\glass\glass440.jpg
EXACT_MD5,2bbacfbe047ba1127655a9bcbbae95c3,2,TrashNet_Raw; TrashNet_Processed_Test,TrashNet_Raw::glass; TrashNet_Processed_Test::glass,data\raw\TrashNet\glass\glass441.jpg; data\processed\test\glass\glass441.jpg
EXACT_MD5,94d457e6e121e76d39975081144799ef,2,TrashNet_Raw; TrashNet_Processed_Train,TrashNet_Raw::glass; TrashNet_Processed_Train::glass,data\raw\TrashNet\glass\glass442.jpg; data\processed\train\glass\glass442.jpg
EXACT_MD5,912b20b20d3bfe19394509c28486164d,2,TrashNet_Raw; TrashNet_Processed_Test,TrashNet_Raw::glass; TrashNet_Processed_Test::glass,data\raw\TrashNet\glass\glass443.jpg; data\processed\test\glass\glass443.jpg
EXACT_MD5,6123f691d14c9c6f7fdab1e30ccd177a,2,TrashNet_Raw; TrashNet_Processed_Train,TrashNet_Raw::glass; TrashNet_Processed_Train::glass,data\raw\TrashNet\glass\glass444.jpg; data\processed\train\glass\glass444.jpg
EXACT_MD5,9a26c47b2e3076906c076d88db42c9f9,2,TrashNet_Raw; TrashNet_Processed_Train,TrashNet_Raw::glass; TrashNet_Processed_Train::glass,data\raw\TrashNet\glass\glass445.jpg; data\processed\train\glass\glass445.jpg
EXACT_MD5,fc825f58d352166142f6508a1a1fdb7a,2,TrashNet_Raw; TrashNet_Processed_Train,TrashNet_Raw::glass; TrashNet_Processed_Train::glass,data\raw\TrashNet\glass\glass446.jpg; data\processed\train\glass\glass446.jpg
EXACT_MD5,c08e87a677777524923bdce83d54e550,2,TrashNet_Raw; TrashNet_Processed_Test,TrashNet_Raw::glass; TrashNet_Processed_Test::glass,data\raw\TrashNet\glass\glass447.jpg; data\processed\test\glass\glass447.jpg
EXACT_MD5,a0adc82e939deebf8abb38760957be20,2,TrashNet_Raw; TrashNet_Processed_Train,TrashNet_Raw::glass; TrashNet_Processed_Train::glass,data\raw\TrashNet\glass\glass448.jpg; data\processed\train\glass\glass448.jpg
EXACT_MD5,d14b68a3c1c45d761134ce12762658f8,2,TrashNet_Raw; TrashNet_Processed_Train,TrashNet_Raw::glass; TrashNet_Processed_Train::glass,data\raw\TrashNet\glass\glass449.jpg; data\processed\train\glass\glass449.jpg
EXACT_MD5,f0c68d5c285954b2af8678753b73e115,2,TrashNet_Raw; TrashNet_Processed_Train,TrashNet_Raw::glass; TrashNet_Processed_Train::glass,data\raw\TrashNet\glass\glass45.jpg; data\processed\train\glass\glass45.jpg
EXACT_MD5,cfb800824cc1249ab83fc77041d6f0fb,2,TrashNet_Raw; TrashNet_Processed_Train,TrashNet_Raw::glass; TrashNet_Processed_Train::glass,data\raw\TrashNet\glass\glass450.jpg; data\processed\train\glass\glass450.jpg
EXACT_MD5,02fcbe06956b699a7c706645e3480d55,2,TrashNet_Raw; TrashNet_Processed_Val,TrashNet_Raw::glass; TrashNet_Processed_Val::glass,data\raw\TrashNet\glass\glass451.jpg; data\processed\val\glass\glass451.jpg
EXACT_MD5,92f91f0c8c706cc67e9b041b762b20d6,2,TrashNet_Raw; TrashNet_Processed_Train,TrashNet_Raw::glass; TrashNet_Processed_Train::glass,data\raw\TrashNet\glass\glass452.jpg; data\processed\train\glass\glass452.jpg
EXACT_MD5,bf9ca3fddd5c2cc173c36bac968bb325,2,TrashNet_Raw; TrashNet_Processed_Val,TrashNet_Raw::glass; TrashNet_Processed_Val::glass,data\raw\TrashNet\glass\glass453.jpg; data\processed\val\glass\glass453.jpg
EXACT_MD5,d9d7993647c8d373185a991638b16a74,2,TrashNet_Raw; TrashNet_Processed_Train,TrashNet_Raw::glass; TrashNet_Processed_Train::glass,data\raw\TrashNet\glass\glass454.jpg; data\processed\train\glass\glass454.jpg
EXACT_MD5,23357db8de8d6c30cbea3e98f74eef5c,2,TrashNet_Raw; TrashNet_Processed_Train,TrashNet_Raw::glass; TrashNet_Processed_Train::glass,data\raw\TrashNet\glass\glass455.jpg; data\processed\train\glass\glass455.jpg
EXACT_MD5,2c8d081d31139e0c2bdb06d7d506ce69,2,TrashNet_Raw; TrashNet_Processed_Train,TrashNet_Raw::glass; TrashNet_Processed_Train::glass,data\raw\TrashNet\glass\glass456.jpg; data\processed\train\glass\glass456.jpg
EXACT_MD5,88732059cd2ea91e0a732632b3767fa9,2,TrashNet_Raw; TrashNet_Processed_Test,TrashNet_Raw::glass; TrashNet_Processed_Test::glass,data\raw\TrashNet\glass\glass457.jpg; data\processed\test\glass\glass457.jpg
EXACT_MD5,3fa1372eb2d4e712a9bd4f176581e6d4,2,TrashNet_Raw; TrashNet_Processed_Val,TrashNet_Raw::glass; TrashNet_Processed_Val::glass,data\raw\TrashNet\glass\glass458.jpg; data\processed\val\glass\glass458.jpg
EXACT_MD5,1b3675112d6f0a7ee7cef6e2ea01f0dd,2,TrashNet_Raw; TrashNet_Processed_Train,TrashNet_Raw::glass; TrashNet_Processed_Train::glass,data\raw\TrashNet\glass\glass459.jpg; data\processed\train\glass\glass459.jpg
EXACT_MD5,788d040a916dd0da883cda8095ee3b6f,2,TrashNet_Raw; TrashNet_Processed_Train,TrashNet_Raw::glass; TrashNet_Processed_Train::glass,data\raw\TrashNet\glass\glass46.jpg; data\processed\train\glass\glass46.jpg
EXACT_MD5,d99f66714dabad26956f9cf6be93d5dc,2,TrashNet_Raw; TrashNet_Processed_Train,TrashNet_Raw::glass; TrashNet_Processed_Train::glass,data\raw\TrashNet\glass\glass460.jpg; data\processed\train\glass\glass460.jpg
EXACT_MD5,1d38b5e5c3e7331920fc536023daa176,2,TrashNet_Raw; TrashNet_Processed_Test,TrashNet_Raw::glass; TrashNet_Processed_Test::glass,data\raw\TrashNet\glass\glass461.jpg; data\processed\test\glass\glass461.jpg
EXACT_MD5,267d57daf3fceeeac7243fdf1eef6bfc,2,TrashNet_Raw; TrashNet_Processed_Test,TrashNet_Raw::glass; TrashNet_Processed_Test::glass,data\raw\TrashNet\glass\glass462.jpg; data\processed\test\glass\glass462.jpg
EXACT_MD5,73b7fe8f874e6307759e378ca25537d5,2,TrashNet_Raw; TrashNet_Processed_Train,TrashNet_Raw::glass; TrashNet_Processed_Train::glass,data\raw\TrashNet\glass\glass463.jpg; data\processed\train\glass\glass463.jpg
EXACT_MD5,2d4259f0ee5595316c336f3437228c6b,2,TrashNet_Raw; TrashNet_Processed_Val,TrashNet_Raw::glass; TrashNet_Processed_Val::glass,data\raw\TrashNet\glass\glass464.jpg; data\processed\val\glass\glass464.jpg
EXACT_MD5,01d568b5a5c4ec203f6139efe45a9731,2,TrashNet_Raw; TrashNet_Processed_Val,TrashNet_Raw::glass; TrashNet_Processed_Val::glass,data\raw\TrashNet\glass\glass465.jpg; data\processed\val\glass\glass465.jpg
EXACT_MD5,61ef2a661899fb24087344d8c1067e36,2,TrashNet_Raw; TrashNet_Processed_Train,TrashNet_Raw::glass; TrashNet_Processed_Train::glass,data\raw\TrashNet\glass\glass466.jpg; data\processed\train\glass\glass466.jpg
EXACT_MD5,e35c940c1bffebfdb17b8ee779dc3729,2,TrashNet_Raw; TrashNet_Processed_Train,TrashNet_Raw::glass; TrashNet_Processed_Train::glass,data\raw\TrashNet\glass\glass467.jpg; data\processed\train\glass\glass467.jpg
EXACT_MD5,3e6227f80d6e7ea289885d9e8ce86eae,2,TrashNet_Raw; TrashNet_Processed_Train,TrashNet_Raw::glass; TrashNet_Processed_Train::glass,data\raw\TrashNet\glass\glass468.jpg; data\processed\train\glass\glass468.jpg
EXACT_MD5,115c7efc7494389588173125d3c24fae,2,TrashNet_Raw; TrashNet_Processed_Test,TrashNet_Raw::glass; TrashNet_Processed_Test::glass,data\raw\TrashNet\glass\glass469.jpg; data\processed\test\glass\glass469.jpg
EXACT_MD5,f7664d77b3b0a24dab94a5b6f2544b4c,2,TrashNet_Raw; TrashNet_Processed_Train,TrashNet_Raw::glass; TrashNet_Processed_Train::glass,data\raw\TrashNet\glass\glass47.jpg; data\processed\train\glass\glass47.jpg
EXACT_MD5,716db6faaded22a65ed179a27a17aeb8,2,TrashNet_Raw; TrashNet_Processed_Test,TrashNet_Raw::glass; TrashNet_Processed_Test::glass,data\raw\TrashNet\glass\glass470.jpg; data\processed\test\glass\glass470.jpg
EXACT_MD5,47fdfee2b2d433935828782fc9668883,2,TrashNet_Raw; TrashNet_Processed_Test,TrashNet_Raw::glass; TrashNet_Processed_Test::glass,data\raw\TrashNet\glass\glass471.jpg; data\processed\test\glass\glass471.jpg
EXACT_MD5,ced0e152ad3da41366236f62bfea4ed8,2,TrashNet_Raw; TrashNet_Processed_Train,TrashNet_Raw::glass; TrashNet_Processed_Train::glass,data\raw\TrashNet\glass\glass472.jpg; data\processed\train\glass\glass472.jpg
EXACT_MD5,292f1112d8e539d284c1aab99116e806,2,TrashNet_Raw; TrashNet_Processed_Train,TrashNet_Raw::glass; TrashNet_Processed_Train::glass,data\raw\TrashNet\glass\glass473.jpg; data\processed\train\glass\glass473.jpg
EXACT_MD5,65047e338cdd861384d18e9a0655c11e,2,TrashNet_Raw; TrashNet_Processed_Train,TrashNet_Raw::glass; TrashNet_Processed_Train::glass,data\raw\TrashNet\glass\glass474.jpg; data\processed\train\glass\glass474.jpg
EXACT_MD5,1f669345dcd666bf148792be96fdbc90,2,TrashNet_Raw; TrashNet_Processed_Train,TrashNet_Raw::glass; TrashNet_Processed_Train::glass,data\raw\TrashNet\glass\glass475.jpg; data\processed\train\glass\glass475.jpg
EXACT_MD5,42496a65478371b663d6be637db1a8f9,2,TrashNet_Raw; TrashNet_Processed_Test,TrashNet_Raw::glass; TrashNet_Processed_Test::glass,data\raw\TrashNet\glass\glass476.jpg; data\processed\test\glass\glass476.jpg
EXACT_MD5,af82a3939dbdb7d502fd0f0a3e34f5bd,2,TrashNet_Raw; TrashNet_Processed_Train,TrashNet_Raw::glass; TrashNet_Processed_Train::glass,data\raw\TrashNet\glass\glass477.jpg; data\processed\train\glass\glass477.jpg
EXACT_MD5,0258171e41bb713c5fb6af29d1ae9a82,2,TrashNet_Raw; TrashNet_Processed_Val,TrashNet_Raw::glass; TrashNet_Processed_Val::glass,data\raw\TrashNet\glass\glass478.jpg; data\processed\val\glass\glass478.jpg
EXACT_MD5,61e1410f420152faef782d91000daec8,2,TrashNet_Raw; TrashNet_Processed_Train,TrashNet_Raw::glass; TrashNet_Processed_Train::glass,data\raw\TrashNet\glass\glass479.jpg; data\processed\train\glass\glass479.jpg
EXACT_MD5,065fefd0bde34036684b600dadd12e00,2,TrashNet_Raw; TrashNet_Processed_Train,TrashNet_Raw::glass; TrashNet_Processed_Train::glass,data\raw\TrashNet\glass\glass48.jpg; data\processed\train\glass\glass48.jpg
EXACT_MD5,a82ff2d211bd8067345bcedc0dbf608d,2,TrashNet_Raw; TrashNet_Processed_Train,TrashNet_Raw::glass; TrashNet_Processed_Train::glass,data\raw\TrashNet\glass\glass480.jpg; data\processed\train\glass\glass480.jpg
EXACT_MD5,3b1acdc7a4e65cd6581da8552b2bd13b,2,TrashNet_Raw; TrashNet_Processed_Train,TrashNet_Raw::glass; TrashNet_Processed_Train::glass,data\raw\TrashNet\glass\glass481.jpg; data\processed\train\glass\glass481.jpg
EXACT_MD5,346cc47915f4679687f4be3b01fb80b4,2,TrashNet_Raw; TrashNet_Processed_Train,TrashNet_Raw::glass; TrashNet_Processed_Train::glass,data\raw\TrashNet\glass\glass482.jpg; data\processed\train\glass\glass482.jpg
EXACT_MD5,6638c207d3fef28280beb34ccc3c4196,2,TrashNet_Raw; TrashNet_Processed_Val,TrashNet_Raw::glass; TrashNet_Processed_Val::glass,data\raw\TrashNet\glass\glass483.jpg; data\processed\val\glass\glass483.jpg
EXACT_MD5,829fd782503b8f52f63cfe22f722a054,2,TrashNet_Raw; TrashNet_Processed_Test,TrashNet_Raw::glass; TrashNet_Processed_Test::glass,data\raw\TrashNet\glass\glass484.jpg; data\processed\test\glass\glass484.jpg
EXACT_MD5,27fab1d10a2db69c3646c32d45ee2069,2,TrashNet_Raw; TrashNet_Processed_Train,TrashNet_Raw::glass; TrashNet_Processed_Train::glass,data\raw\TrashNet\glass\glass485.jpg; data\processed\train\glass\glass485.jpg
EXACT_MD5,542c38c363985534b748b763c5d9d768,2,TrashNet_Raw; TrashNet_Processed_Val,TrashNet_Raw::glass; TrashNet_Processed_Val::glass,data\raw\TrashNet\glass\glass486.jpg; data\processed\val\glass\glass486.jpg
EXACT_MD5,b3572f76ae9efb0067198dc3e8853595,2,TrashNet_Raw; TrashNet_Processed_Test,TrashNet_Raw::glass; TrashNet_Processed_Test::glass,data\raw\TrashNet\glass\glass487.jpg; data\processed\test\glass\glass487.jpg
EXACT_MD5,d0710f00a3a77b290a057e6aa4dcdda0,2,TrashNet_Raw; TrashNet_Processed_Val,TrashNet_Raw::glass; TrashNet_Processed_Val::glass,data\raw\TrashNet\glass\glass488.jpg; data\processed\val\glass\glass488.jpg
EXACT_MD5,56ae8bc964d1c36fdce492c782328ef9,2,TrashNet_Raw; TrashNet_Processed_Train,TrashNet_Raw::glass; TrashNet_Processed_Train::glass,data\raw\TrashNet\glass\glass489.jpg; data\processed\train\glass\glass489.jpg
EXACT_MD5,9c497b3e61bc452a3d80950012b852f3,2,TrashNet_Raw; TrashNet_Processed_Val,TrashNet_Raw::glass; TrashNet_Processed_Val::glass,data\raw\TrashNet\glass\glass49.jpg; data\processed\val\glass\glass49.jpg
EXACT_MD5,1d483ce8946e52ec1db22c91d26d0cdd,2,TrashNet_Raw; TrashNet_Processed_Val,TrashNet_Raw::glass; TrashNet_Processed_Val::glass,data\raw\TrashNet\glass\glass490.jpg; data\processed\val\glass\glass490.jpg
EXACT_MD5,519eeb2c84c38b2ce5d98b24c34d5b59,2,TrashNet_Raw; TrashNet_Processed_Val,TrashNet_Raw::glass; TrashNet_Processed_Val::glass,data\raw\TrashNet\glass\glass491.jpg; data\processed\val\glass\glass491.jpg
EXACT_MD5,6cdf5dd2265c3de933a1e6310dfd96e2,2,TrashNet_Raw; TrashNet_Processed_Test,TrashNet_Raw::glass; TrashNet_Processed_Test::glass,data\raw\TrashNet\glass\glass492.jpg; data\processed\test\glass\glass492.jpg
EXACT_MD5,0e65da23941bc26e4ed446bda483dcf8,2,TrashNet_Raw; TrashNet_Processed_Train,TrashNet_Raw::glass; TrashNet_Processed_Train::glass,data\raw\TrashNet\glass\glass493.jpg; data\processed\train\glass\glass493.jpg
EXACT_MD5,8b349827147c6e668fcc921ee9a59f08,2,TrashNet_Raw; TrashNet_Processed_Test,TrashNet_Raw::glass; TrashNet_Processed_Test::glass,data\raw\TrashNet\glass\glass494.jpg; data\processed\test\glass\glass494.jpg
EXACT_MD5,793f341a9622825880a07602d3d2b0d5,2,TrashNet_Raw; TrashNet_Processed_Train,TrashNet_Raw::glass; TrashNet_Processed_Train::glass,data\raw\TrashNet\glass\glass495.jpg; data\processed\train\glass\glass495.jpg
EXACT_MD5,35ffebd2955b290d71d100e54238a336,2,TrashNet_Raw; TrashNet_Processed_Train,TrashNet_Raw::glass; TrashNet_Processed_Train::glass,data\raw\TrashNet\glass\glass496.jpg; data\processed\train\glass\glass496.jpg
EXACT_MD5,0f7c597eff6e34478bab7c2f388d5aeb,2,TrashNet_Raw; TrashNet_Processed_Train,TrashNet_Raw::glass; TrashNet_Processed_Train::glass,data\raw\TrashNet\glass\glass497.jpg; data\processed\train\glass\glass497.jpg
EXACT_MD5,bb1205e0fb6a306b02b206ffccafe418,2,TrashNet_Raw; TrashNet_Processed_Train,TrashNet_Raw::glass; TrashNet_Processed_Train::glass,data\raw\TrashNet\glass\glass498.jpg; data\processed\train\glass\glass498.jpg
EXACT_MD5,6c56131dfec31dbff0d499ce035cfc6c,2,TrashNet_Raw; TrashNet_Processed_Test,TrashNet_Raw::glass; TrashNet_Processed_Test::glass,data\raw\TrashNet\glass\glass499.jpg; data\processed\test\glass\glass499.jpg
EXACT_MD5,834d7faccbcfacc2d6ee21871e3b33f9,2,TrashNet_Raw; TrashNet_Processed_Train,TrashNet_Raw::glass; TrashNet_Processed_Train::glass,data\raw\TrashNet\glass\glass5.jpg; data\processed\train\glass\glass5.jpg
EXACT_MD5,3f572f7600c101e335b825ad808d6087,2,TrashNet_Raw; TrashNet_Processed_Train,TrashNet_Raw::glass; TrashNet_Processed_Train::glass,data\raw\TrashNet\glass\glass50.jpg; data\processed\train\glass\glass50.jpg
EXACT_MD5,6900aa95af4da68c9cb1c67c891b71e5,2,TrashNet_Raw; TrashNet_Processed_Train,TrashNet_Raw::glass; TrashNet_Processed_Train::glass,data\raw\TrashNet\glass\glass500.jpg; data\processed\train\glass\glass500.jpg
EXACT_MD5,6e86ab3c6bbac314a278bfe9c0e8d57d,2,TrashNet_Raw; TrashNet_Processed_Val,TrashNet_Raw::glass; TrashNet_Processed_Val::glass,data\raw\TrashNet\glass\glass501.jpg; data\processed\val\glass\glass501.jpg
EXACT_MD5,3beb502e65f1b166771d539d47b717a6,2,TrashNet_Raw; TrashNet_Processed_Train,TrashNet_Raw::glass; TrashNet_Processed_Train::glass,data\raw\TrashNet\glass\glass51.jpg; data\processed\train\glass\glass51.jpg
EXACT_MD5,891015f14dc4904ada5527deb0a7548b,2,TrashNet_Raw; TrashNet_Processed_Train,TrashNet_Raw::glass; TrashNet_Processed_Train::glass,data\raw\TrashNet\glass\glass52.jpg; data\processed\train\glass\glass52.jpg
EXACT_MD5,074360c7743db441b85ff2728a2a9880,2,TrashNet_Raw; TrashNet_Processed_Train,TrashNet_Raw::glass; TrashNet_Processed_Train::glass,data\raw\TrashNet\glass\glass53.jpg; data\processed\train\glass\glass53.jpg
EXACT_MD5,ce8ba5d73a1d1bd7bb937a7e8edac77e,2,TrashNet_Raw; TrashNet_Processed_Val,TrashNet_Raw::glass; TrashNet_Processed_Val::glass,data\raw\TrashNet\glass\glass54.jpg; data\processed\val\glass\glass54.jpg
EXACT_MD5,2d41ecf30172fe0501390ecaa61d94bb,2,TrashNet_Raw; TrashNet_Processed_Train,TrashNet_Raw::glass; TrashNet_Processed_Train::glass,data\raw\TrashNet\glass\glass55.jpg; data\processed\train\glass\glass55.jpg
EXACT_MD5,01f64a164d384ff6b00aa60474ac469f,2,TrashNet_Raw; TrashNet_Processed_Train,TrashNet_Raw::glass; TrashNet_Processed_Train::glass,data\raw\TrashNet\glass\glass56.jpg; data\processed\train\glass\glass56.jpg
EXACT_MD5,2d43346bfa99f9781ab6c975f913510b,2,TrashNet_Raw; TrashNet_Processed_Train,TrashNet_Raw::glass; TrashNet_Processed_Train::glass,data\raw\TrashNet\glass\glass57.jpg; data\processed\train\glass\glass57.jpg
EXACT_MD5,e7c1ad179f6f5f69ed87a1f7548b728f,2,TrashNet_Raw; TrashNet_Processed_Test,TrashNet_Raw::glass; TrashNet_Processed_Test::glass,data\raw\TrashNet\glass\glass58.jpg; data\processed\test\glass\glass58.jpg
EXACT_MD5,990e7a2c7450845b3e104036c7dbb4d3,2,TrashNet_Raw; TrashNet_Processed_Train,TrashNet_Raw::glass; TrashNet_Processed_Train::glass,data\raw\TrashNet\glass\glass59.jpg; data\processed\train\glass\glass59.jpg
EXACT_MD5,cbb956f0c19ffa95756c0debf9c2797f,2,TrashNet_Raw; TrashNet_Processed_Val,TrashNet_Raw::glass; TrashNet_Processed_Val::glass,data\raw\TrashNet\glass\glass6.jpg; data\processed\val\glass\glass6.jpg
EXACT_MD5,5800a0c47ee7a53f3c6f3cd451d7ab47,2,TrashNet_Raw; TrashNet_Processed_Val,TrashNet_Raw::glass; TrashNet_Processed_Val::glass,data\raw\TrashNet\glass\glass60.jpg; data\processed\val\glass\glass60.jpg
EXACT_MD5,56ea480a58377b60e1c21084281a4d6c,2,TrashNet_Raw; TrashNet_Processed_Train,TrashNet_Raw::glass; TrashNet_Processed_Train::glass,data\raw\TrashNet\glass\glass61.jpg; data\processed\train\glass\glass61.jpg
EXACT_MD5,9eef48669df82ace5e18e041caba2d16,2,TrashNet_Raw; TrashNet_Processed_Train,TrashNet_Raw::glass; TrashNet_Processed_Train::glass,data\raw\TrashNet\glass\glass62.jpg; data\processed\train\glass\glass62.jpg
EXACT_MD5,1c6d08cd48cc960181a84c362d21a33c,2,TrashNet_Raw; TrashNet_Processed_Train,TrashNet_Raw::glass; TrashNet_Processed_Train::glass,data\raw\TrashNet\glass\glass63.jpg; data\processed\train\glass\glass63.jpg
EXACT_MD5,b31ad1840aec3ba113b413fe000e32fe,2,TrashNet_Raw; TrashNet_Processed_Val,TrashNet_Raw::glass; TrashNet_Processed_Val::glass,data\raw\TrashNet\glass\glass64.jpg; data\processed\val\glass\glass64.jpg
EXACT_MD5,dba729c5ecc599db15336c5bab0f4729,2,TrashNet_Raw; TrashNet_Processed_Train,TrashNet_Raw::glass; TrashNet_Processed_Train::glass,data\raw\TrashNet\glass\glass65.jpg; data\processed\train\glass\glass65.jpg
EXACT_MD5,7d2d4c63a5fc6dbcb5aa426526e835f2,2,TrashNet_Raw; TrashNet_Processed_Train,TrashNet_Raw::glass; TrashNet_Processed_Train::glass,data\raw\TrashNet\glass\glass66.jpg; data\processed\train\glass\glass66.jpg
EXACT_MD5,9469fe4a2fb58c57cb2b93da24c02a86,2,TrashNet_Raw; TrashNet_Processed_Test,TrashNet_Raw::glass; TrashNet_Processed_Test::glass,data\raw\TrashNet\glass\glass67.jpg; data\processed\test\glass\glass67.jpg
EXACT_MD5,0f960eea54aefb72998fd163b5207a47,2,TrashNet_Raw; TrashNet_Processed_Test,TrashNet_Raw::glass; TrashNet_Processed_Test::glass,data\raw\TrashNet\glass\glass68.jpg; data\processed\test\glass\glass68.jpg
EXACT_MD5,466fe42175dc346d55c47735d89d129f,2,TrashNet_Raw; TrashNet_Processed_Test,TrashNet_Raw::glass; TrashNet_Processed_Test::glass,data\raw\TrashNet\glass\glass69.jpg; data\processed\test\glass\glass69.jpg
EXACT_MD5,ed30341c882dc9284dfb32830b50cbbb,2,TrashNet_Raw; TrashNet_Processed_Train,TrashNet_Raw::glass; TrashNet_Processed_Train::glass,data\raw\TrashNet\glass\glass7.jpg; data\processed\train\glass\glass7.jpg
EXACT_MD5,442e2da8e6a7fe32e8fef5a476a625bc,2,TrashNet_Raw; TrashNet_Processed_Train,TrashNet_Raw::glass; TrashNet_Processed_Train::glass,data\raw\TrashNet\glass\glass70.jpg; data\processed\train\glass\glass70.jpg
EXACT_MD5,b45dd3f25f278e9c7670fce16bcbb548,2,TrashNet_Raw; TrashNet_Processed_Train,TrashNet_Raw::glass; TrashNet_Processed_Train::glass,data\raw\TrashNet\glass\glass71.jpg; data\processed\train\glass\glass71.jpg
EXACT_MD5,37a3281752bd6aed7074c416addbacb2,2,TrashNet_Raw; TrashNet_Processed_Train,TrashNet_Raw::glass; TrashNet_Processed_Train::glass,data\raw\TrashNet\glass\glass72.jpg; data\processed\train\glass\glass72.jpg
EXACT_MD5,fbded90adb2c1105478fb8933c783d28,2,TrashNet_Raw; TrashNet_Processed_Train,TrashNet_Raw::glass; TrashNet_Processed_Train::glass,data\raw\TrashNet\glass\glass73.jpg; data\processed\train\glass\glass73.jpg
EXACT_MD5,b6a50a03b8efd246deb5a02872a4833e,2,TrashNet_Raw; TrashNet_Processed_Train,TrashNet_Raw::glass; TrashNet_Processed_Train::glass,data\raw\TrashNet\glass\glass74.jpg; data\processed\train\glass\glass74.jpg
EXACT_MD5,1f323d2f68ec9868ba57ecaa829bf72b,2,TrashNet_Raw; TrashNet_Processed_Train,TrashNet_Raw::glass; TrashNet_Processed_Train::glass,data\raw\TrashNet\glass\glass75.jpg; data\processed\train\glass\glass75.jpg
EXACT_MD5,a9b6691723f4086d03b5f5791705e87a,2,TrashNet_Raw; TrashNet_Processed_Train,TrashNet_Raw::glass; TrashNet_Processed_Train::glass,data\raw\TrashNet\glass\glass76.jpg; data\processed\train\glass\glass76.jpg
EXACT_MD5,5bb27b8ddcf2ba8e9b839f640652d6a6,2,TrashNet_Raw; TrashNet_Processed_Train,TrashNet_Raw::glass; TrashNet_Processed_Train::glass,data\raw\TrashNet\glass\glass77.jpg; data\processed\train\glass\glass77.jpg
EXACT_MD5,5eb8f8f6f3a68f04ac2ed107ef81dbb5,2,TrashNet_Raw; TrashNet_Processed_Train,TrashNet_Raw::glass; TrashNet_Processed_Train::glass,data\raw\TrashNet\glass\glass78.jpg; data\processed\train\glass\glass78.jpg
EXACT_MD5,be5a483982a4d122f11aa3ae77328bc0,2,TrashNet_Raw; TrashNet_Processed_Train,TrashNet_Raw::glass; TrashNet_Processed_Train::glass,data\raw\TrashNet\glass\glass79.jpg; data\processed\train\glass\glass79.jpg
EXACT_MD5,c14c57c2076293a4a0723f0f913c241f,2,TrashNet_Raw; TrashNet_Processed_Train,TrashNet_Raw::glass; TrashNet_Processed_Train::glass,data\raw\TrashNet\glass\glass8.jpg; data\processed\train\glass\glass8.jpg
EXACT_MD5,54773d2cc8694d53416fb4512f983b71,2,TrashNet_Raw; TrashNet_Processed_Test,TrashNet_Raw::glass; TrashNet_Processed_Test::glass,data\raw\TrashNet\glass\glass80.jpg; data\processed\test\glass\glass80.jpg
EXACT_MD5,fa00d9363498d94a07c346136efe2d46,2,TrashNet_Raw; TrashNet_Processed_Train,TrashNet_Raw::glass; TrashNet_Processed_Train::glass,data\raw\TrashNet\glass\glass81.jpg; data\processed\train\glass\glass81.jpg
EXACT_MD5,fcdb822eb05d36b696625cecb1820b60,2,TrashNet_Raw; TrashNet_Processed_Train,TrashNet_Raw::glass; TrashNet_Processed_Train::glass,data\raw\TrashNet\glass\glass82.jpg; data\processed\train\glass\glass82.jpg
EXACT_MD5,a515dd2a6fc8c059107a9a673d3f3cf1,2,TrashNet_Raw; TrashNet_Processed_Train,TrashNet_Raw::glass; TrashNet_Processed_Train::glass,data\raw\TrashNet\glass\glass83.jpg; data\processed\train\glass\glass83.jpg
EXACT_MD5,e93a53b8601f237752d8c8ce1b2b684e,2,TrashNet_Raw; TrashNet_Processed_Train,TrashNet_Raw::glass; TrashNet_Processed_Train::glass,data\raw\TrashNet\glass\glass84.jpg; data\processed\train\glass\glass84.jpg
EXACT_MD5,7ce17395ce57a211c6771f8a3079b088,2,TrashNet_Raw; TrashNet_Processed_Train,TrashNet_Raw::glass; TrashNet_Processed_Train::glass,data\raw\TrashNet\glass\glass85.jpg; data\processed\train\glass\glass85.jpg
EXACT_MD5,a8a307cbf6459663c7932da87f4cbbe7,2,TrashNet_Raw; TrashNet_Processed_Train,TrashNet_Raw::glass; TrashNet_Processed_Train::glass,data\raw\TrashNet\glass\glass86.jpg; data\processed\train\glass\glass86.jpg
EXACT_MD5,cb7a412278226aca9e2a7c23c1dc5800,2,TrashNet_Raw; TrashNet_Processed_Train,TrashNet_Raw::glass; TrashNet_Processed_Train::glass,data\raw\TrashNet\glass\glass87.jpg; data\processed\train\glass\glass87.jpg
EXACT_MD5,d3ef2c5108666e9f03b4b242eb096c16,2,TrashNet_Raw; TrashNet_Processed_Test,TrashNet_Raw::glass; TrashNet_Processed_Test::glass,data\raw\TrashNet\glass\glass88.jpg; data\processed\test\glass\glass88.jpg
EXACT_MD5,91ea12147a201934300111402e1d3f95,2,TrashNet_Raw; TrashNet_Processed_Train,TrashNet_Raw::glass; TrashNet_Processed_Train::glass,data\raw\TrashNet\glass\glass89.jpg; data\processed\train\glass\glass89.jpg
EXACT_MD5,a72dfd6da1272a88a5a47b474ad99a2d,2,TrashNet_Raw; TrashNet_Processed_Val,TrashNet_Raw::glass; TrashNet_Processed_Val::glass,data\raw\TrashNet\glass\glass9.jpg; data\processed\val\glass\glass9.jpg
EXACT_MD5,d56a473f839919f557366f525d930c96,2,TrashNet_Raw; TrashNet_Processed_Train,TrashNet_Raw::glass; TrashNet_Processed_Train::glass,data\raw\TrashNet\glass\glass90.jpg; data\processed\train\glass\glass90.jpg
EXACT_MD5,6a304f76201073e7278117170bf782e2,2,TrashNet_Raw; TrashNet_Processed_Val,TrashNet_Raw::glass; TrashNet_Processed_Val::glass,data\raw\TrashNet\glass\glass91.jpg; data\processed\val\glass\glass91.jpg
EXACT_MD5,4bbfc7c9c378c449d98787995da81ee8,2,TrashNet_Raw; TrashNet_Processed_Train,TrashNet_Raw::glass; TrashNet_Processed_Train::glass,data\raw\TrashNet\glass\glass92.jpg; data\processed\train\glass\glass92.jpg
EXACT_MD5,5a88cdbad621079d27be9f381f4191e3,2,TrashNet_Raw; TrashNet_Processed_Train,TrashNet_Raw::glass; TrashNet_Processed_Train::glass,data\raw\TrashNet\glass\glass93.jpg; data\processed\train\glass\glass93.jpg
EXACT_MD5,a98324623fff903e2aa381a54a581ba8,2,TrashNet_Raw; TrashNet_Processed_Train,TrashNet_Raw::glass; TrashNet_Processed_Train::glass,data\raw\TrashNet\glass\glass94.jpg; data\processed\train\glass\glass94.jpg
EXACT_MD5,9dffe060b01b83477aaf65e487b75088,2,TrashNet_Raw; TrashNet_Processed_Train,TrashNet_Raw::glass; TrashNet_Processed_Train::glass,data\raw\TrashNet\glass\glass95.jpg; data\processed\train\glass\glass95.jpg
EXACT_MD5,7ac121c2f7033510e5310ab76506d373,2,TrashNet_Raw; TrashNet_Processed_Train,TrashNet_Raw::glass; TrashNet_Processed_Train::glass,data\raw\TrashNet\glass\glass96.jpg; data\processed\train\glass\glass96.jpg
EXACT_MD5,a98fa4c32c3841dfd1f8cb04aef09ad7,2,TrashNet_Raw; TrashNet_Processed_Train,TrashNet_Raw::glass; TrashNet_Processed_Train::glass,data\raw\TrashNet\glass\glass97.jpg; data\processed\train\glass\glass97.jpg
EXACT_MD5,7a749b41ecc7256ddf7304e700cc40fa,2,TrashNet_Raw; TrashNet_Processed_Train,TrashNet_Raw::glass; TrashNet_Processed_Train::glass,data\raw\TrashNet\glass\glass98.jpg; data\processed\train\glass\glass98.jpg
EXACT_MD5,2cdc49182279c118cbdda6fb4cd30706,2,TrashNet_Raw; TrashNet_Processed_Train,TrashNet_Raw::glass; TrashNet_Processed_Train::glass,data\raw\TrashNet\glass\glass99.jpg; data\processed\train\glass\glass99.jpg
EXACT_MD5,ccc5ad9a2e2001d1bd6349f1e7971940,2,TrashNet_Raw; TrashNet_Processed_Train,TrashNet_Raw::metal; TrashNet_Processed_Train::metal,data\raw\TrashNet\metal\metal1.jpg; data\processed\train\metal\metal1.jpg
EXACT_MD5,49faef005384ebbc58c4a66631458b00,2,TrashNet_Raw; TrashNet_Processed_Val,TrashNet_Processed_Val::metal; TrashNet_Raw::metal,data\raw\TrashNet\metal\metal10.jpg; data\processed\val\metal\metal10.jpg
EXACT_MD5,1dd88c37266f4397c8f8f17e9f4b63f6,2,TrashNet_Raw; TrashNet_Processed_Train,TrashNet_Raw::metal; TrashNet_Processed_Train::metal,data\raw\TrashNet\metal\metal100.jpg; data\processed\train\metal\metal100.jpg
EXACT_MD5,a7305d1b35ad648969fd77cae71f0367,2,TrashNet_Raw; TrashNet_Processed_Train,TrashNet_Raw::metal; TrashNet_Processed_Train::metal,data\raw\TrashNet\metal\metal101.jpg; data\processed\train\metal\metal101.jpg
EXACT_MD5,acafa311ec6a308310c37a0ca3d19285,2,TrashNet_Raw; TrashNet_Processed_Train,TrashNet_Raw::metal; TrashNet_Processed_Train::metal,data\raw\TrashNet\metal\metal102.jpg; data\processed\train\metal\metal102.jpg
EXACT_MD5,a05094e175c5ae44ed4173ed0aed031f,2,TrashNet_Raw; TrashNet_Processed_Train,TrashNet_Raw::metal; TrashNet_Processed_Train::metal,data\raw\TrashNet\metal\metal103.jpg; data\processed\train\metal\metal103.jpg
EXACT_MD5,7c6c819a550a29fe3319e6d04e34f2a3,2,TrashNet_Raw; TrashNet_Processed_Test,TrashNet_Raw::metal; TrashNet_Processed_Test::metal,data\raw\TrashNet\metal\metal104.jpg; data\processed\test\metal\metal104.jpg
EXACT_MD5,e65d02ed8aeff0d622e040603a1ff4b8,2,TrashNet_Raw; TrashNet_Processed_Train,TrashNet_Raw::metal; TrashNet_Processed_Train::metal,data\raw\TrashNet\metal\metal105.jpg; data\processed\train\metal\metal105.jpg
EXACT_MD5,8dd579650a1e953c61de572cfe9c055a,2,TrashNet_Raw; TrashNet_Processed_Train,TrashNet_Raw::metal; TrashNet_Processed_Train::metal,data\raw\TrashNet\metal\metal106.jpg; data\processed\train\metal\metal106.jpg
EXACT_MD5,5439e5ac17bdb89e24ba33f8f762ae48,2,TrashNet_Raw; TrashNet_Processed_Train,TrashNet_Raw::metal; TrashNet_Processed_Train::metal,data\raw\TrashNet\metal\metal107.jpg; data\processed\train\metal\metal107.jpg
EXACT_MD5,d5e81c9dcd1b1422893b48b11c30ae5e,2,TrashNet_Raw; TrashNet_Processed_Val,TrashNet_Processed_Val::metal; TrashNet_Raw::metal,data\raw\TrashNet\metal\metal108.jpg; data\processed\val\metal\metal108.jpg
EXACT_MD5,ae2730ef1c23bd04efafb27149981e64,2,TrashNet_Raw; TrashNet_Processed_Train,TrashNet_Raw::metal; TrashNet_Processed_Train::metal,data\raw\TrashNet\metal\metal109.jpg; data\processed\train\metal\metal109.jpg
EXACT_MD5,a276b77d467ea464040fa0e02f861bbd,2,TrashNet_Raw; TrashNet_Processed_Train,TrashNet_Raw::metal; TrashNet_Processed_Train::metal,data\raw\TrashNet\metal\metal11.jpg; data\processed\train\metal\metal11.jpg
EXACT_MD5,3cd2f88cc8cf133025c6c14ba248c72e,2,TrashNet_Raw; TrashNet_Processed_Val,TrashNet_Processed_Val::metal; TrashNet_Raw::metal,data\raw\TrashNet\metal\metal110.jpg; data\processed\val\metal\metal110.jpg
EXACT_MD5,25ca9664026137dc20bb6077b4c7fa74,2,TrashNet_Raw; TrashNet_Processed_Train,TrashNet_Raw::metal; TrashNet_Processed_Train::metal,data\raw\TrashNet\metal\metal111.jpg; data\processed\train\metal\metal111.jpg
EXACT_MD5,b4896e10b799efaa3051576b96b4dc6c,2,TrashNet_Raw; TrashNet_Processed_Train,TrashNet_Raw::metal; TrashNet_Processed_Train::metal,data\raw\TrashNet\metal\metal112.jpg; data\processed\train\metal\metal112.jpg
EXACT_MD5,e279297a9dc3d7e20c4f45a93ed9c7dc,2,TrashNet_Raw; TrashNet_Processed_Val,TrashNet_Processed_Val::metal; TrashNet_Raw::metal,data\raw\TrashNet\metal\metal113.jpg; data\processed\val\metal\metal113.jpg
EXACT_MD5,51e9b3f522922368b92a89dd101d3068,2,TrashNet_Raw; TrashNet_Processed_Train,TrashNet_Raw::metal; TrashNet_Processed_Train::metal,data\raw\TrashNet\metal\metal114.jpg; data\processed\train\metal\metal114.jpg
EXACT_MD5,8d0b157d4554d2ec4838d1c3589a028c,2,TrashNet_Raw; TrashNet_Processed_Train,TrashNet_Raw::metal; TrashNet_Processed_Train::metal,data\raw\TrashNet\metal\metal115.jpg; data\processed\train\metal\metal115.jpg
EXACT_MD5,2e7ff24544dbb26d3d50cafdf3a5afcc,2,TrashNet_Raw; TrashNet_Processed_Train,TrashNet_Raw::metal; TrashNet_Processed_Train::metal,data\raw\TrashNet\metal\metal116.jpg; data\processed\train\metal\metal116.jpg
EXACT_MD5,c1b2bb662e2b39ff9ea0b881df901fe7,2,TrashNet_Raw; TrashNet_Processed_Val,TrashNet_Processed_Val::metal; TrashNet_Raw::metal,data\raw\TrashNet\metal\metal117.jpg; data\processed\val\metal\metal117.jpg
EXACT_MD5,44a475c07473110f43f3752e9d3538ad,2,TrashNet_Raw; TrashNet_Processed_Train,TrashNet_Raw::metal; TrashNet_Processed_Train::metal,data\raw\TrashNet\metal\metal118.jpg; data\processed\train\metal\metal118.jpg
EXACT_MD5,18e3f8260030fcc0f429ef23f137d7c2,2,TrashNet_Raw; TrashNet_Processed_Train,TrashNet_Raw::metal; TrashNet_Processed_Train::metal,data\raw\TrashNet\metal\metal119.jpg; data\processed\train\metal\metal119.jpg
EXACT_MD5,ccae50bf4a6b1caae086873ab815392d,2,TrashNet_Raw; TrashNet_Processed_Train,TrashNet_Raw::metal; TrashNet_Processed_Train::metal,data\raw\TrashNet\metal\metal12.jpg; data\processed\train\metal\metal12.jpg
EXACT_MD5,4f866d929b0934487d69e55aca6a5821,2,TrashNet_Raw; TrashNet_Processed_Train,TrashNet_Raw::metal; TrashNet_Processed_Train::metal,data\raw\TrashNet\metal\metal120.jpg; data\processed\train\metal\metal120.jpg
EXACT_MD5,d45e78d95b24c3c2e5aa45782a9f1b8b,2,TrashNet_Raw; TrashNet_Processed_Train,TrashNet_Raw::metal; TrashNet_Processed_Train::metal,data\raw\TrashNet\metal\metal121.jpg; data\processed\train\metal\metal121.jpg
EXACT_MD5,118d2765a1adb4d74e32d437e38d5478,2,TrashNet_Raw; TrashNet_Processed_Test,TrashNet_Raw::metal; TrashNet_Processed_Test::metal,data\raw\TrashNet\metal\metal122.jpg; data\processed\test\metal\metal122.jpg
EXACT_MD5,82a4c9d7d730f35437859137408c59ef,2,TrashNet_Raw; TrashNet_Processed_Test,TrashNet_Raw::metal; TrashNet_Processed_Test::metal,data\raw\TrashNet\metal\metal123.jpg; data\processed\test\metal\metal123.jpg
EXACT_MD5,4dc7d8acb7ef29a3b159b0c0076399a9,2,TrashNet_Raw; TrashNet_Processed_Train,TrashNet_Raw::metal; TrashNet_Processed_Train::metal,data\raw\TrashNet\metal\metal124.jpg; data\processed\train\metal\metal124.jpg
EXACT_MD5,0b0dafc63da482605bac609d6e327a0a,2,TrashNet_Raw; TrashNet_Processed_Train,TrashNet_Raw::metal; TrashNet_Processed_Train::metal,data\raw\TrashNet\metal\metal125.jpg; data\processed\train\metal\metal125.jpg
EXACT_MD5,08e7857d0c8236f7afc59afa6667d8c1,2,TrashNet_Raw; TrashNet_Processed_Test,TrashNet_Raw::metal; TrashNet_Processed_Test::metal,data\raw\TrashNet\metal\metal126.jpg; data\processed\test\metal\metal126.jpg
EXACT_MD5,2ab5d43a9e04adb2e5bd4601d7e3f1ed,2,TrashNet_Raw; TrashNet_Processed_Train,TrashNet_Raw::metal; TrashNet_Processed_Train::metal,data\raw\TrashNet\metal\metal127.jpg; data\processed\train\metal\metal127.jpg
EXACT_MD5,575a75e14a257ad756318ab3d0398dfd,2,TrashNet_Raw; TrashNet_Processed_Train,TrashNet_Raw::metal; TrashNet_Processed_Train::metal,data\raw\TrashNet\metal\metal128.jpg; data\processed\train\metal\metal128.jpg
EXACT_MD5,e84107c2d883bea57667bd183fb0328a,2,TrashNet_Raw; TrashNet_Processed_Test,TrashNet_Raw::metal; TrashNet_Processed_Test::metal,data\raw\TrashNet\metal\metal129.jpg; data\processed\test\metal\metal129.jpg
EXACT_MD5,912c87a6febd0538de563353ce7a5a4d,2,TrashNet_Raw; TrashNet_Processed_Train,TrashNet_Raw::metal; TrashNet_Processed_Train::metal,data\raw\TrashNet\metal\metal13.jpg; data\processed\train\metal\metal13.jpg
EXACT_MD5,6e26a43aa73259b0cf1722ef48f185d1,2,TrashNet_Raw; TrashNet_Processed_Train,TrashNet_Raw::metal; TrashNet_Processed_Train::metal,data\raw\TrashNet\metal\metal130.jpg; data\processed\train\metal\metal130.jpg
EXACT_MD5,8d9a2dc8bf0c81b85155c3b921b25f1e,2,TrashNet_Raw; TrashNet_Processed_Val,TrashNet_Processed_Val::metal; TrashNet_Raw::metal,data\raw\TrashNet\metal\metal131.jpg; data\processed\val\metal\metal131.jpg
EXACT_MD5,9abab5883e4e6b6aaf717ac727e0e547,2,TrashNet_Raw; TrashNet_Processed_Test,TrashNet_Raw::metal; TrashNet_Processed_Test::metal,data\raw\TrashNet\metal\metal132.jpg; data\processed\test\metal\metal132.jpg
EXACT_MD5,5c817aa95bcd1baf691432ee041e7f45,2,TrashNet_Raw; TrashNet_Processed_Val,TrashNet_Processed_Val::metal; TrashNet_Raw::metal,data\raw\TrashNet\metal\metal133.jpg; data\processed\val\metal\metal133.jpg
EXACT_MD5,3b11115cb2075aa7cc6c1e0b7129c504,2,TrashNet_Raw; TrashNet_Processed_Train,TrashNet_Raw::metal; TrashNet_Processed_Train::metal,data\raw\TrashNet\metal\metal134.jpg; data\processed\train\metal\metal134.jpg
EXACT_MD5,f74f876ea2e151f7948459adbda9ceaf,2,TrashNet_Raw; TrashNet_Processed_Train,TrashNet_Raw::metal; TrashNet_Processed_Train::metal,data\raw\TrashNet\metal\metal135.jpg; data\processed\train\metal\metal135.jpg
EXACT_MD5,39d65adb15e6327ff0cdb886049ead8f,2,TrashNet_Raw; TrashNet_Processed_Test,TrashNet_Raw::metal; TrashNet_Processed_Test::metal,data\raw\TrashNet\metal\metal136.jpg; data\processed\test\metal\metal136.jpg
EXACT_MD5,aba53855e9f6e91cb23bdd20c875dffb,2,TrashNet_Raw; TrashNet_Processed_Train,TrashNet_Raw::metal; TrashNet_Processed_Train::metal,data\raw\TrashNet\metal\metal137.jpg; data\processed\train\metal\metal137.jpg
EXACT_MD5,da0d81cae859893eb681c3d8bae60773,2,TrashNet_Raw; TrashNet_Processed_Test,TrashNet_Raw::metal; TrashNet_Processed_Test::metal,data\raw\TrashNet\metal\metal138.jpg; data\processed\test\metal\metal138.jpg
EXACT_MD5,769b8b928dc5e05af59c3a1e29cb1493,2,TrashNet_Raw; TrashNet_Processed_Train,TrashNet_Raw::metal; TrashNet_Processed_Train::metal,data\raw\TrashNet\metal\metal139.jpg; data\processed\train\metal\metal139.jpg
EXACT_MD5,3c9f2f50c5e41c7180a4b334436907c1,2,TrashNet_Raw; TrashNet_Processed_Train,TrashNet_Raw::metal; TrashNet_Processed_Train::metal,data\raw\TrashNet\metal\metal14.jpg; data\processed\train\metal\metal14.jpg
EXACT_MD5,f2c6feaad30ce7adac170757f7c73973,2,TrashNet_Raw; TrashNet_Processed_Val,TrashNet_Processed_Val::metal; TrashNet_Raw::metal,data\raw\TrashNet\metal\metal140.jpg; data\processed\val\metal\metal140.jpg
EXACT_MD5,5b6e83f396ec99a3d03490171ed78118,2,TrashNet_Raw; TrashNet_Processed_Train,TrashNet_Raw::metal; TrashNet_Processed_Train::metal,data\raw\TrashNet\metal\metal141.jpg; data\processed\train\metal\metal141.jpg
EXACT_MD5,5c400def2bc4109c9122633f418307c4,2,TrashNet_Raw; TrashNet_Processed_Train,TrashNet_Raw::metal; TrashNet_Processed_Train::metal,data\raw\TrashNet\metal\metal142.jpg; data\processed\train\metal\metal142.jpg
EXACT_MD5,9815d5a1ab25e35f72ddd106469aea68,2,TrashNet_Raw; TrashNet_Processed_Train,TrashNet_Raw::metal; TrashNet_Processed_Train::metal,data\raw\TrashNet\metal\metal143.jpg; data\processed\train\metal\metal143.jpg
EXACT_MD5,017a585de08a7c77a46e8a0c2ba416fa,2,TrashNet_Raw; TrashNet_Processed_Test,TrashNet_Raw::metal; TrashNet_Processed_Test::metal,data\raw\TrashNet\metal\metal144.jpg; data\processed\test\metal\metal144.jpg
EXACT_MD5,666d7458ba4c511ad559fe2e23d9bac4,2,TrashNet_Raw; TrashNet_Processed_Train,TrashNet_Raw::metal; TrashNet_Processed_Train::metal,data\raw\TrashNet\metal\metal145.jpg; data\processed\train\metal\metal145.jpg
EXACT_MD5,6cdad3e843c45da57da025c4b1764b0d,2,TrashNet_Raw; TrashNet_Processed_Test,TrashNet_Raw::metal; TrashNet_Processed_Test::metal,data\raw\TrashNet\metal\metal146.jpg; data\processed\test\metal\metal146.jpg
EXACT_MD5,19417ea482beb675049600fe1207810e,2,TrashNet_Raw; TrashNet_Processed_Train,TrashNet_Raw::metal; TrashNet_Processed_Train::metal,data\raw\TrashNet\metal\metal147.jpg; data\processed\train\metal\metal147.jpg
EXACT_MD5,858def999bc47a424f2e5e501da559be,2,TrashNet_Raw; TrashNet_Processed_Train,TrashNet_Raw::metal; TrashNet_Processed_Train::metal,data\raw\TrashNet\metal\metal148.jpg; data\processed\train\metal\metal148.jpg
EXACT_MD5,1e2522ca21831af0b92124336ec9132c,2,TrashNet_Raw; TrashNet_Processed_Train,TrashNet_Raw::metal; TrashNet_Processed_Train::metal,data\raw\TrashNet\metal\metal149.jpg; data\processed\train\metal\metal149.jpg
EXACT_MD5,51a9aa51cfc5f7b15c75896b1c45b391,2,TrashNet_Raw; TrashNet_Processed_Train,TrashNet_Raw::metal; TrashNet_Processed_Train::metal,data\raw\TrashNet\metal\metal15.jpg; data\processed\train\metal\metal15.jpg
EXACT_MD5,596f02ca386669a20c0edc7bc70e9e83,2,TrashNet_Raw; TrashNet_Processed_Train,TrashNet_Raw::metal; TrashNet_Processed_Train::metal,data\raw\TrashNet\metal\metal150.jpg; data\processed\train\metal\metal150.jpg
EXACT_MD5,8dd120a558d2d6a9cda9db313068d9e3,2,TrashNet_Raw; TrashNet_Processed_Test,TrashNet_Raw::metal; TrashNet_Processed_Test::metal,data\raw\TrashNet\metal\metal151.jpg; data\processed\test\metal\metal151.jpg
EXACT_MD5,3cee4201a3017d982568ec060b4ae1e6,2,TrashNet_Raw; TrashNet_Processed_Train,TrashNet_Raw::metal; TrashNet_Processed_Train::metal,data\raw\TrashNet\metal\metal152.jpg; data\processed\train\metal\metal152.jpg
EXACT_MD5,c0c41fbf5bb421fc2208a673d03b380b,2,TrashNet_Raw; TrashNet_Processed_Test,TrashNet_Raw::metal; TrashNet_Processed_Test::metal,data\raw\TrashNet\metal\metal153.jpg; data\processed\test\metal\metal153.jpg
EXACT_MD5,398dd77d121d526aac651e36c4ab8d64,2,TrashNet_Raw; TrashNet_Processed_Train,TrashNet_Raw::metal; TrashNet_Processed_Train::metal,data\raw\TrashNet\metal\metal154.jpg; data\processed\train\metal\metal154.jpg
EXACT_MD5,122260252a9c79d775b574a25ee4e364,2,TrashNet_Raw; TrashNet_Processed_Train,TrashNet_Raw::metal; TrashNet_Processed_Train::metal,data\raw\TrashNet\metal\metal155.jpg; data\processed\train\metal\metal155.jpg
EXACT_MD5,a5fe609c2ce4f13ad92104eb4859d721,2,TrashNet_Raw; TrashNet_Processed_Val,TrashNet_Processed_Val::metal; TrashNet_Raw::metal,data\raw\TrashNet\metal\metal156.jpg; data\processed\val\metal\metal156.jpg
EXACT_MD5,9f23d5ad41b4cfa291dc55020c0e51ae,2,TrashNet_Raw; TrashNet_Processed_Test,TrashNet_Raw::metal; TrashNet_Processed_Test::metal,data\raw\TrashNet\metal\metal157.jpg; data\processed\test\metal\metal157.jpg
EXACT_MD5,5e1e3d96a45ae156e86be0a39ae75a79,2,TrashNet_Raw; TrashNet_Processed_Train,TrashNet_Raw::metal; TrashNet_Processed_Train::metal,data\raw\TrashNet\metal\metal158.jpg; data\processed\train\metal\metal158.jpg
EXACT_MD5,456b5a9c6cded3109893a91d365609d3,2,TrashNet_Raw; TrashNet_Processed_Train,TrashNet_Raw::metal; TrashNet_Processed_Train::metal,data\raw\TrashNet\metal\metal159.jpg; data\processed\train\metal\metal159.jpg
EXACT_MD5,6cf638820b1ccaefb24629ca49c26352,2,TrashNet_Raw; TrashNet_Processed_Train,TrashNet_Raw::metal; TrashNet_Processed_Train::metal,data\raw\TrashNet\metal\metal16.jpg; data\processed\train\metal\metal16.jpg
EXACT_MD5,91d4316721dd0c63ff7f1844bbd6c1a4,2,TrashNet_Raw; TrashNet_Processed_Train,TrashNet_Raw::metal; TrashNet_Processed_Train::metal,data\raw\TrashNet\metal\metal160.jpg; data\processed\train\metal\metal160.jpg
EXACT_MD5,b0a1fb38fc1e730da211c7b2492a6279,2,TrashNet_Raw; TrashNet_Processed_Train,TrashNet_Raw::metal; TrashNet_Processed_Train::metal,data\raw\TrashNet\metal\metal161.jpg; data\processed\train\metal\metal161.jpg
EXACT_MD5,89a8edbd86a6f94c249eeaa139de89bb,2,TrashNet_Raw; TrashNet_Processed_Train,TrashNet_Raw::metal; TrashNet_Processed_Train::metal,data\raw\TrashNet\metal\metal162.jpg; data\processed\train\metal\metal162.jpg
EXACT_MD5,81583aa70d4c4ff0ff6713a543043be7,2,TrashNet_Raw; TrashNet_Processed_Train,TrashNet_Raw::metal; TrashNet_Processed_Train::metal,data\raw\TrashNet\metal\metal163.jpg; data\processed\train\metal\metal163.jpg
EXACT_MD5,d1c312f4301d7f00e6cff17daa69dfee,2,TrashNet_Raw; TrashNet_Processed_Val,TrashNet_Processed_Val::metal; TrashNet_Raw::metal,data\raw\TrashNet\metal\metal164.jpg; data\processed\val\metal\metal164.jpg
EXACT_MD5,0be017a3a82b537470cc9ddf9e9833cd,2,TrashNet_Raw; TrashNet_Processed_Train,TrashNet_Raw::metal; TrashNet_Processed_Train::metal,data\raw\TrashNet\metal\metal165.jpg; data\processed\train\metal\metal165.jpg
EXACT_MD5,205aa5ebe367234dadd551e7967b478a,2,TrashNet_Raw; TrashNet_Processed_Train,TrashNet_Raw::metal; TrashNet_Processed_Train::metal,data\raw\TrashNet\metal\metal166.jpg; data\processed\train\metal\metal166.jpg
EXACT_MD5,f0b38ddb1bc9ee19f4a62680586d6f97,2,TrashNet_Raw; TrashNet_Processed_Train,TrashNet_Raw::metal; TrashNet_Processed_Train::metal,data\raw\TrashNet\metal\metal167.jpg; data\processed\train\metal\metal167.jpg
EXACT_MD5,4e41405f4b127185966636ca5f56aac2,2,TrashNet_Raw; TrashNet_Processed_Test,TrashNet_Raw::metal; TrashNet_Processed_Test::metal,data\raw\TrashNet\metal\metal168.jpg; data\processed\test\metal\metal168.jpg
EXACT_MD5,f068f276646c05502659a053fe615144,2,TrashNet_Raw; TrashNet_Processed_Test,TrashNet_Raw::metal; TrashNet_Processed_Test::metal,data\raw\TrashNet\metal\metal169.jpg; data\processed\test\metal\metal169.jpg
EXACT_MD5,07995256a130bfacabb51527cdd025b7,2,TrashNet_Raw; TrashNet_Processed_Train,TrashNet_Raw::metal; TrashNet_Processed_Train::metal,data\raw\TrashNet\metal\metal17.jpg; data\processed\train\metal\metal17.jpg
EXACT_MD5,f1e026f454049fad506d0ec23d85c355,2,TrashNet_Raw; TrashNet_Processed_Train,TrashNet_Raw::metal; TrashNet_Processed_Train::metal,data\raw\TrashNet\metal\metal170.jpg; data\processed\train\metal\metal170.jpg
EXACT_MD5,ca26ea89e34bafaecf6cedc19c909b36,2,TrashNet_Raw; TrashNet_Processed_Test,TrashNet_Raw::metal; TrashNet_Processed_Test::metal,data\raw\TrashNet\metal\metal171.jpg; data\processed\test\metal\metal171.jpg
EXACT_MD5,be8a0ef4421193396b8468e5d56be2e2,2,TrashNet_Raw; TrashNet_Processed_Train,TrashNet_Raw::metal; TrashNet_Processed_Train::metal,data\raw\TrashNet\metal\metal172.jpg; data\processed\train\metal\metal172.jpg
EXACT_MD5,51eb56e7269d894f7edf968a27a3e2ad,2,TrashNet_Raw; TrashNet_Processed_Train,TrashNet_Raw::metal; TrashNet_Processed_Train::metal,data\raw\TrashNet\metal\metal173.jpg; data\processed\train\metal\metal173.jpg
EXACT_MD5,a28559c81d147c6a8b58f288ec990306,2,TrashNet_Raw; TrashNet_Processed_Train,TrashNet_Raw::metal; TrashNet_Processed_Train::metal,data\raw\TrashNet\metal\metal174.jpg; data\processed\train\metal\metal174.jpg
EXACT_MD5,35b0df5d2604dcdd1c20d568d31544de,2,TrashNet_Raw; TrashNet_Processed_Val,TrashNet_Processed_Val::metal; TrashNet_Raw::metal,data\raw\TrashNet\metal\metal175.jpg; data\processed\val\metal\metal175.jpg
EXACT_MD5,3b9b8e7fac9df526a926fd4867e885fb,2,TrashNet_Raw; TrashNet_Processed_Train,TrashNet_Raw::metal; TrashNet_Processed_Train::metal,data\raw\TrashNet\metal\metal176.jpg; data\processed\train\metal\metal176.jpg
EXACT_MD5,daf0bdc3e9228c30eea66575cb643e7f,2,TrashNet_Raw; TrashNet_Processed_Train,TrashNet_Raw::metal; TrashNet_Processed_Train::metal,data\raw\TrashNet\metal\metal177.jpg; data\processed\train\metal\metal177.jpg
EXACT_MD5,8ea3638a89b94587bcf26c7d9b85a7e5,2,TrashNet_Raw; TrashNet_Processed_Train,TrashNet_Raw::metal; TrashNet_Processed_Train::metal,data\raw\TrashNet\metal\metal178.jpg; data\processed\train\metal\metal178.jpg
EXACT_MD5,fe2d1b00d68759a8c7a31afc95712306,2,TrashNet_Raw; TrashNet_Processed_Val,TrashNet_Processed_Val::metal; TrashNet_Raw::metal,data\raw\TrashNet\metal\metal179.jpg; data\processed\val\metal\metal179.jpg
EXACT_MD5,4b179d0edfa84a19f6c4cbb18713cec7,2,TrashNet_Raw; TrashNet_Processed_Val,TrashNet_Processed_Val::metal; TrashNet_Raw::metal,data\raw\TrashNet\metal\metal18.jpg; data\processed\val\metal\metal18.jpg
EXACT_MD5,3d1573dbef3ad1a066c0d0906d275842,2,TrashNet_Raw; TrashNet_Processed_Train,TrashNet_Raw::metal; TrashNet_Processed_Train::metal,data\raw\TrashNet\metal\metal180.jpg; data\processed\train\metal\metal180.jpg
EXACT_MD5,96e03f81661e149e1c7d27092afd8101,2,TrashNet_Raw; TrashNet_Processed_Train,TrashNet_Raw::metal; TrashNet_Processed_Train::metal,data\raw\TrashNet\metal\metal181.jpg; data\processed\train\metal\metal181.jpg
EXACT_MD5,b694792e4c01522ce505e6cb04e24b6a,2,TrashNet_Raw; TrashNet_Processed_Train,TrashNet_Raw::metal; TrashNet_Processed_Train::metal,data\raw\TrashNet\metal\metal182.jpg; data\processed\train\metal\metal182.jpg
EXACT_MD5,96bc78ad468e2abb031048e5ae2b1042,2,TrashNet_Raw; TrashNet_Processed_Train,TrashNet_Raw::metal; TrashNet_Processed_Train::metal,data\raw\TrashNet\metal\metal183.jpg; data\processed\train\metal\metal183.jpg
EXACT_MD5,c4b644f6ef695497f66d9feae9920a86,2,TrashNet_Raw; TrashNet_Processed_Test,TrashNet_Raw::metal; TrashNet_Processed_Test::metal,data\raw\TrashNet\metal\metal184.jpg; data\processed\test\metal\metal184.jpg
EXACT_MD5,4a0cc7b6520c92b06e69bbbf3deeab8d,2,TrashNet_Raw; TrashNet_Processed_Train,TrashNet_Raw::metal; TrashNet_Processed_Train::metal,data\raw\TrashNet\metal\metal185.jpg; data\processed\train\metal\metal185.jpg
EXACT_MD5,b41f25c93956fb1b7d6bb71b22f6966d,2,TrashNet_Raw; TrashNet_Processed_Train,TrashNet_Raw::metal; TrashNet_Processed_Train::metal,data\raw\TrashNet\metal\metal186.jpg; data\processed\train\metal\metal186.jpg
EXACT_MD5,950b817ea02699a6b18f691fd0175389,2,TrashNet_Raw; TrashNet_Processed_Train,TrashNet_Raw::metal; TrashNet_Processed_Train::metal,data\raw\TrashNet\metal\metal187.jpg; data\processed\train\metal\metal187.jpg
EXACT_MD5,b589c92aeb26c1bd70e5e5d83d574b42,2,TrashNet_Raw; TrashNet_Processed_Train,TrashNet_Raw::metal; TrashNet_Processed_Train::metal,data\raw\TrashNet\metal\metal188.jpg; data\processed\train\metal\metal188.jpg
EXACT_MD5,651fa83a9f2ac542dd38fd4c89ca252b,2,TrashNet_Raw; TrashNet_Processed_Train,TrashNet_Raw::metal; TrashNet_Processed_Train::metal,data\raw\TrashNet\metal\metal189.jpg; data\processed\train\metal\metal189.jpg
EXACT_MD5,ab2f85608e3187ade17328f80884a76b,2,TrashNet_Raw; TrashNet_Processed_Train,TrashNet_Raw::metal; TrashNet_Processed_Train::metal,data\raw\TrashNet\metal\metal19.jpg; data\processed\train\metal\metal19.jpg
EXACT_MD5,493bee60d01f14236539401735a713aa,2,TrashNet_Raw; TrashNet_Processed_Val,TrashNet_Processed_Val::metal; TrashNet_Raw::metal,data\raw\TrashNet\metal\metal190.jpg; data\processed\val\metal\metal190.jpg
EXACT_MD5,1d88257336c65e0b59fa542e28116a73,2,TrashNet_Raw; TrashNet_Processed_Train,TrashNet_Raw::metal; TrashNet_Processed_Train::metal,data\raw\TrashNet\metal\metal191.jpg; data\processed\train\metal\metal191.jpg
EXACT_MD5,f3884c0c707405300ef0698fa0b6509a,2,TrashNet_Raw; TrashNet_Processed_Train,TrashNet_Raw::metal; TrashNet_Processed_Train::metal,data\raw\TrashNet\metal\metal192.jpg; data\processed\train\metal\metal192.jpg
EXACT_MD5,0b855f51c8d724b0eb68797a48940469,2,TrashNet_Raw; TrashNet_Processed_Train,TrashNet_Raw::metal; TrashNet_Processed_Train::metal,data\raw\TrashNet\metal\metal193.jpg; data\processed\train\metal\metal193.jpg
EXACT_MD5,552c48c048b9beaaa4e7f5050986284f,2,TrashNet_Raw; TrashNet_Processed_Train,TrashNet_Raw::metal; TrashNet_Processed_Train::metal,data\raw\TrashNet\metal\metal194.jpg; data\processed\train\metal\metal194.jpg
EXACT_MD5,0eabce10a63229c9a3fc2c547d5f93ad,2,TrashNet_Raw; TrashNet_Processed_Test,TrashNet_Raw::metal; TrashNet_Processed_Test::metal,data\raw\TrashNet\metal\metal195.jpg; data\processed\test\metal\metal195.jpg
EXACT_MD5,e3ece2e26ba377c36b971b433d292531,2,TrashNet_Raw; TrashNet_Processed_Train,TrashNet_Raw::metal; TrashNet_Processed_Train::metal,data\raw\TrashNet\metal\metal196.jpg; data\processed\train\metal\metal196.jpg
EXACT_MD5,813a1ad010a6cfbb6d422601985258d1,2,TrashNet_Raw; TrashNet_Processed_Test,TrashNet_Raw::metal; TrashNet_Processed_Test::metal,data\raw\TrashNet\metal\metal197.jpg; data\processed\test\metal\metal197.jpg
EXACT_MD5,25dc8352df86fe64de523bd9e4201fae,2,TrashNet_Raw; TrashNet_Processed_Train,TrashNet_Raw::metal; TrashNet_Processed_Train::metal,data\raw\TrashNet\metal\metal198.jpg; data\processed\train\metal\metal198.jpg
EXACT_MD5,045e641f3758c47382b03b4b532a5c33,2,TrashNet_Raw; TrashNet_Processed_Train,TrashNet_Raw::metal; TrashNet_Processed_Train::metal,data\raw\TrashNet\metal\metal199.jpg; data\processed\train\metal\metal199.jpg
EXACT_MD5,4be17b10196979eb3884ccbd9516eca4,2,TrashNet_Raw; TrashNet_Processed_Train,TrashNet_Raw::metal; TrashNet_Processed_Train::metal,data\raw\TrashNet\metal\metal2.jpg; data\processed\train\metal\metal2.jpg
EXACT_MD5,22b1b3386bcc7f514aa71f9deb06de4f,2,TrashNet_Raw; TrashNet_Processed_Train,TrashNet_Raw::metal; TrashNet_Processed_Train::metal,data\raw\TrashNet\metal\metal20.jpg; data\processed\train\metal\metal20.jpg
EXACT_MD5,75c828337e7d7e02652b99c7e2610a49,2,TrashNet_Raw; TrashNet_Processed_Train,TrashNet_Raw::metal; TrashNet_Processed_Train::metal,data\raw\TrashNet\metal\metal200.jpg; data\processed\train\metal\metal200.jpg
EXACT_MD5,f52d9d21afb175b0dce83fe21e7996eb,2,TrashNet_Raw; TrashNet_Processed_Train,TrashNet_Raw::metal; TrashNet_Processed_Train::metal,data\raw\TrashNet\metal\metal201.jpg; data\processed\train\metal\metal201.jpg
EXACT_MD5,2df25975c09d8abfbd4b221d4afe4a10,2,TrashNet_Raw; TrashNet_Processed_Test,TrashNet_Raw::metal; TrashNet_Processed_Test::metal,data\raw\TrashNet\metal\metal202.jpg; data\processed\test\metal\metal202.jpg
EXACT_MD5,f26a76ff08e829273f75ac990a874978,2,TrashNet_Raw; TrashNet_Processed_Train,TrashNet_Raw::metal; TrashNet_Processed_Train::metal,data\raw\TrashNet\metal\metal203.jpg; data\processed\train\metal\metal203.jpg
EXACT_MD5,bab085ddde85560a99a06e6d40e8066c,2,TrashNet_Raw; TrashNet_Processed_Val,TrashNet_Processed_Val::metal; TrashNet_Raw::metal,data\raw\TrashNet\metal\metal204.jpg; data\processed\val\metal\metal204.jpg
EXACT_MD5,5d73ae25bb167525e7f72cd48bf50a4b,2,TrashNet_Raw; TrashNet_Processed_Val,TrashNet_Processed_Val::metal; TrashNet_Raw::metal,data\raw\TrashNet\metal\metal205.jpg; data\processed\val\metal\metal205.jpg
EXACT_MD5,10ea90cd871ec22ae5a720c2c52fc33b,2,TrashNet_Raw; TrashNet_Processed_Val,TrashNet_Processed_Val::metal; TrashNet_Raw::metal,data\raw\TrashNet\metal\metal206.jpg; data\processed\val\metal\metal206.jpg
EXACT_MD5,aa38c5891c6be241a70c6ca28b8ffd65,2,TrashNet_Raw; TrashNet_Processed_Train,TrashNet_Raw::metal; TrashNet_Processed_Train::metal,data\raw\TrashNet\metal\metal207.jpg; data\processed\train\metal\metal207.jpg
EXACT_MD5,74cce451241093be790ceb47fbfec6a1,2,TrashNet_Raw; TrashNet_Processed_Train,TrashNet_Raw::metal; TrashNet_Processed_Train::metal,data\raw\TrashNet\metal\metal208.jpg; data\processed\train\metal\metal208.jpg
EXACT_MD5,dd920c2eb0d73bb800d1898b1a01cfe3,2,TrashNet_Raw; TrashNet_Processed_Val,TrashNet_Processed_Val::metal; TrashNet_Raw::metal,data\raw\TrashNet\metal\metal209.jpg; data\processed\val\metal\metal209.jpg
EXACT_MD5,17227ee110e56e8805bcfc1bfa6a2e31,2,TrashNet_Raw; TrashNet_Processed_Train,TrashNet_Raw::metal; TrashNet_Processed_Train::metal,data\raw\TrashNet\metal\metal21.jpg; data\processed\train\metal\metal21.jpg
EXACT_MD5,a7048614b47f3e623fb8aba017ee654a,2,TrashNet_Raw; TrashNet_Processed_Train,TrashNet_Raw::metal; TrashNet_Processed_Train::metal,data\raw\TrashNet\metal\metal210.jpg; data\processed\train\metal\metal210.jpg
EXACT_MD5,ff8b2514b54ac83d4650d6fef276a698,2,TrashNet_Raw; TrashNet_Processed_Train,TrashNet_Raw::metal; TrashNet_Processed_Train::metal,data\raw\TrashNet\metal\metal211.jpg; data\processed\train\metal\metal211.jpg
EXACT_MD5,3c78667031468a5b483233d9828595ce,2,TrashNet_Raw; TrashNet_Processed_Train,TrashNet_Raw::metal; TrashNet_Processed_Train::metal,data\raw\TrashNet\metal\metal212.jpg; data\processed\train\metal\metal212.jpg
EXACT_MD5,e7981910c9f58c46871a59119c024f74,2,TrashNet_Raw; TrashNet_Processed_Test,TrashNet_Raw::metal; TrashNet_Processed_Test::metal,data\raw\TrashNet\metal\metal213.jpg; data\processed\test\metal\metal213.jpg
EXACT_MD5,d83088440ebe5047f41a0d93320814ab,2,TrashNet_Raw; TrashNet_Processed_Val,TrashNet_Processed_Val::metal; TrashNet_Raw::metal,data\raw\TrashNet\metal\metal214.jpg; data\processed\val\metal\metal214.jpg
EXACT_MD5,2178e6e209ef5b428bfa19471ee52e6c,2,TrashNet_Raw; TrashNet_Processed_Test,TrashNet_Raw::metal; TrashNet_Processed_Test::metal,data\raw\TrashNet\metal\metal215.jpg; data\processed\test\metal\metal215.jpg
EXACT_MD5,3af367028a25a0f173738800ba58acfb,2,TrashNet_Raw; TrashNet_Processed_Train,TrashNet_Raw::metal; TrashNet_Processed_Train::metal,data\raw\TrashNet\metal\metal216.jpg; data\processed\train\metal\metal216.jpg
EXACT_MD5,7925eec96c17870abcd87387830ecffc,2,TrashNet_Raw; TrashNet_Processed_Train,TrashNet_Raw::metal; TrashNet_Processed_Train::metal,data\raw\TrashNet\metal\metal217.jpg; data\processed\train\metal\metal217.jpg
EXACT_MD5,c35123faa9a7fe3cebdd638d1746ee9e,2,TrashNet_Raw; TrashNet_Processed_Train,TrashNet_Raw::metal; TrashNet_Processed_Train::metal,data\raw\TrashNet\metal\metal218.jpg; data\processed\train\metal\metal218.jpg
EXACT_MD5,178100b5b5056bacd54ceaa1f1065834,2,TrashNet_Raw; TrashNet_Processed_Train,TrashNet_Raw::metal; TrashNet_Processed_Train::metal,data\raw\TrashNet\metal\metal219.jpg; data\processed\train\metal\metal219.jpg
EXACT_MD5,9fe4a294fcdc88590b68e737760a9ce5,2,TrashNet_Raw; TrashNet_Processed_Train,TrashNet_Raw::metal; TrashNet_Processed_Train::metal,data\raw\TrashNet\metal\metal22.jpg; data\processed\train\metal\metal22.jpg
EXACT_MD5,585362604415537732f7d858cbaffa4f,2,TrashNet_Raw; TrashNet_Processed_Test,TrashNet_Raw::metal; TrashNet_Processed_Test::metal,data\raw\TrashNet\metal\metal220.jpg; data\processed\test\metal\metal220.jpg
EXACT_MD5,afd980eceb87cd317898a96d296dbcad,2,TrashNet_Raw; TrashNet_Processed_Val,TrashNet_Processed_Val::metal; TrashNet_Raw::metal,data\raw\TrashNet\metal\metal221.jpg; data\processed\val\metal\metal221.jpg
EXACT_MD5,866480483ff99816978b7823f1bddd41,2,TrashNet_Raw; TrashNet_Processed_Val,TrashNet_Processed_Val::metal; TrashNet_Raw::metal,data\raw\TrashNet\metal\metal222.jpg; data\processed\val\metal\metal222.jpg
EXACT_MD5,91ebc11d049523fe10348220bed0b676,2,TrashNet_Raw; TrashNet_Processed_Train,TrashNet_Raw::metal; TrashNet_Processed_Train::metal,data\raw\TrashNet\metal\metal223.jpg; data\processed\train\metal\metal223.jpg
EXACT_MD5,7d6930719f47cd23b083915da89475f6,2,TrashNet_Raw; TrashNet_Processed_Val,TrashNet_Processed_Val::metal; TrashNet_Raw::metal,data\raw\TrashNet\metal\metal224.jpg; data\processed\val\metal\metal224.jpg
EXACT_MD5,b3cdfca613b552c6242383ce53318c2b,2,TrashNet_Raw; TrashNet_Processed_Train,TrashNet_Raw::metal; TrashNet_Processed_Train::metal,data\raw\TrashNet\metal\metal225.jpg; data\processed\train\metal\metal225.jpg
EXACT_MD5,b211c95a8a3f1498c5d7821900059d9c,2,TrashNet_Raw; TrashNet_Processed_Train,TrashNet_Raw::metal; TrashNet_Processed_Train::metal,data\raw\TrashNet\metal\metal226.jpg; data\processed\train\metal\metal226.jpg
EXACT_MD5,f73e77077623ed83ebc5ec1fd0071f04,2,TrashNet_Raw; TrashNet_Processed_Val,TrashNet_Processed_Val::metal; TrashNet_Raw::metal,data\raw\TrashNet\metal\metal227.jpg; data\processed\val\metal\metal227.jpg
EXACT_MD5,c2e49c4b670c02ff050dfa54babef1da,2,TrashNet_Raw; TrashNet_Processed_Train,TrashNet_Raw::metal; TrashNet_Processed_Train::metal,data\raw\TrashNet\metal\metal228.jpg; data\processed\train\metal\metal228.jpg
EXACT_MD5,d80500aa3afd5336253eb53d82729129,2,TrashNet_Raw; TrashNet_Processed_Val,TrashNet_Processed_Val::metal; TrashNet_Raw::metal,data\raw\TrashNet\metal\metal229.jpg; data\processed\val\metal\metal229.jpg
EXACT_MD5,3bbcbcc20da671c8533de380ab147d0f,2,TrashNet_Raw; TrashNet_Processed_Test,TrashNet_Raw::metal; TrashNet_Processed_Test::metal,data\raw\TrashNet\metal\metal23.jpg; data\processed\test\metal\metal23.jpg
EXACT_MD5,48c9ef9965b44cd4292dff2a6c010f94,2,TrashNet_Raw; TrashNet_Processed_Train,TrashNet_Raw::metal; TrashNet_Processed_Train::metal,data\raw\TrashNet\metal\metal230.jpg; data\processed\train\metal\metal230.jpg
EXACT_MD5,0b4a1301b43400a6bd0be08575250511,2,TrashNet_Raw; TrashNet_Processed_Val,TrashNet_Processed_Val::metal; TrashNet_Raw::metal,data\raw\TrashNet\metal\metal231.jpg; data\processed\val\metal\metal231.jpg
EXACT_MD5,1acbbc41d59774e535bad8e28b1e59bf,2,TrashNet_Raw; TrashNet_Processed_Train,TrashNet_Raw::metal; TrashNet_Processed_Train::metal,data\raw\TrashNet\metal\metal232.jpg; data\processed\train\metal\metal232.jpg
EXACT_MD5,b249599ba5f1172f91af42a32a7a89fe,2,TrashNet_Raw; TrashNet_Processed_Test,TrashNet_Raw::metal; TrashNet_Processed_Test::metal,data\raw\TrashNet\metal\metal233.jpg; data\processed\test\metal\metal233.jpg
EXACT_MD5,90a6bd3e967bcb7a8915922f233d5d81,2,TrashNet_Raw; TrashNet_Processed_Train,TrashNet_Raw::metal; TrashNet_Processed_Train::metal,data\raw\TrashNet\metal\metal234.jpg; data\processed\train\metal\metal234.jpg
EXACT_MD5,4c683ab99df7267d1b2f066858e6b7d8,2,TrashNet_Raw; TrashNet_Processed_Train,TrashNet_Raw::metal; TrashNet_Processed_Train::metal,data\raw\TrashNet\metal\metal235.jpg; data\processed\train\metal\metal235.jpg
EXACT_MD5,34cc7f2b21539bfc17fae3ad8d254811,2,TrashNet_Raw; TrashNet_Processed_Test,TrashNet_Raw::metal; TrashNet_Processed_Test::metal,data\raw\TrashNet\metal\metal236.jpg; data\processed\test\metal\metal236.jpg
EXACT_MD5,003f63adebee527aa7990ab5e5729935,2,TrashNet_Raw; TrashNet_Processed_Train,TrashNet_Raw::metal; TrashNet_Processed_Train::metal,data\raw\TrashNet\metal\metal237.jpg; data\processed\train\metal\metal237.jpg
EXACT_MD5,7928c49d1d95418ee63e33b37ab26c7f,2,TrashNet_Raw; TrashNet_Processed_Train,TrashNet_Raw::metal; TrashNet_Processed_Train::metal,data\raw\TrashNet\metal\metal238.jpg; data\processed\train\metal\metal238.jpg
EXACT_MD5,bf99fe8cc0f17be4fecb56dc51166ee7,2,TrashNet_Raw; TrashNet_Processed_Test,TrashNet_Raw::metal; TrashNet_Processed_Test::metal,data\raw\TrashNet\metal\metal239.jpg; data\processed\test\metal\metal239.jpg
EXACT_MD5,eabc93c8c7ce67af74e6caed537546de,2,TrashNet_Raw; TrashNet_Processed_Test,TrashNet_Raw::metal; TrashNet_Processed_Test::metal,data\raw\TrashNet\metal\metal24.jpg; data\processed\test\metal\metal24.jpg
EXACT_MD5,f91fc579a677e2615e72072e0d2ec8b4,2,TrashNet_Raw; TrashNet_Processed_Val,TrashNet_Processed_Val::metal; TrashNet_Raw::metal,data\raw\TrashNet\metal\metal240.jpg; data\processed\val\metal\metal240.jpg
EXACT_MD5,809c66b254218c480c11a5b984edf0b5,2,TrashNet_Raw; TrashNet_Processed_Train,TrashNet_Raw::metal; TrashNet_Processed_Train::metal,data\raw\TrashNet\metal\metal241.jpg; data\processed\train\metal\metal241.jpg
EXACT_MD5,02e2442a901ad28ed6d327c9d8905488,2,TrashNet_Raw; TrashNet_Processed_Train,TrashNet_Raw::metal; TrashNet_Processed_Train::metal,data\raw\TrashNet\metal\metal242.jpg; data\processed\train\metal\metal242.jpg
EXACT_MD5,05305f969426296bf3be85af16ebff34,2,TrashNet_Raw; TrashNet_Processed_Train,TrashNet_Raw::metal; TrashNet_Processed_Train::metal,data\raw\TrashNet\metal\metal243.jpg; data\processed\train\metal\metal243.jpg
EXACT_MD5,8983d55fc34e6086895a99c7eb3cf875,2,TrashNet_Raw; TrashNet_Processed_Train,TrashNet_Raw::metal; TrashNet_Processed_Train::metal,data\raw\TrashNet\metal\metal244.jpg; data\processed\train\metal\metal244.jpg
EXACT_MD5,d5f07295dd8f5b257ea5b12809fd3e7e,2,TrashNet_Raw; TrashNet_Processed_Train,TrashNet_Raw::metal; TrashNet_Processed_Train::metal,data\raw\TrashNet\metal\metal245.jpg; data\processed\train\metal\metal245.jpg
EXACT_MD5,3108787895810a26e8ead1d55b44d91d,2,TrashNet_Raw; TrashNet_Processed_Train,TrashNet_Raw::metal; TrashNet_Processed_Train::metal,data\raw\TrashNet\metal\metal246.jpg; data\processed\train\metal\metal246.jpg
EXACT_MD5,b2fe66102bc4bfc02d0fdd866d6f81db,2,TrashNet_Raw; TrashNet_Processed_Train,TrashNet_Raw::metal; TrashNet_Processed_Train::metal,data\raw\TrashNet\metal\metal247.jpg; data\processed\train\metal\metal247.jpg
EXACT_MD5,450d50640aecfeecabc0f5014f427190,2,TrashNet_Raw; TrashNet_Processed_Val,TrashNet_Processed_Val::metal; TrashNet_Raw::metal,data\raw\TrashNet\metal\metal248.jpg; data\processed\val\metal\metal248.jpg
EXACT_MD5,fe9cb066799172285b5e01d0d6fae2d3,2,TrashNet_Raw; TrashNet_Processed_Train,TrashNet_Raw::metal; TrashNet_Processed_Train::metal,data\raw\TrashNet\metal\metal249.jpg; data\processed\train\metal\metal249.jpg
EXACT_MD5,91ecf51ed3afdc1d1018d638849456cd,2,TrashNet_Raw; TrashNet_Processed_Train,TrashNet_Raw::metal; TrashNet_Processed_Train::metal,data\raw\TrashNet\metal\metal25.jpg; data\processed\train\metal\metal25.jpg
EXACT_MD5,9c9bf12519864c49a72ab3fe0d6cc46c,2,TrashNet_Raw; TrashNet_Processed_Train,TrashNet_Raw::metal; TrashNet_Processed_Train::metal,data\raw\TrashNet\metal\metal250.jpg; data\processed\train\metal\metal250.jpg
EXACT_MD5,6f5b28e7e5748e497ebaccb81187120d,2,TrashNet_Raw; TrashNet_Processed_Train,TrashNet_Raw::metal; TrashNet_Processed_Train::metal,data\raw\TrashNet\metal\metal251.jpg; data\processed\train\metal\metal251.jpg
EXACT_MD5,8c9d44e02b0747f5d1d35c2500b5495e,2,TrashNet_Raw; TrashNet_Processed_Train,TrashNet_Raw::metal; TrashNet_Processed_Train::metal,data\raw\TrashNet\metal\metal252.jpg; data\processed\train\metal\metal252.jpg
EXACT_MD5,a026c8c34bc4451bb437b2a402dab353,2,TrashNet_Raw; TrashNet_Processed_Train,TrashNet_Raw::metal; TrashNet_Processed_Train::metal,data\raw\TrashNet\metal\metal253.jpg; data\processed\train\metal\metal253.jpg
EXACT_MD5,ce6a68be1f8b505ab76d578e306aa7ce,2,TrashNet_Raw; TrashNet_Processed_Train,TrashNet_Raw::metal; TrashNet_Processed_Train::metal,data\raw\TrashNet\metal\metal254.jpg; data\processed\train\metal\metal254.jpg
EXACT_MD5,ea375b56be6338fbb48225852e760c3a,2,TrashNet_Raw; TrashNet_Processed_Train,TrashNet_Raw::metal; TrashNet_Processed_Train::metal,data\raw\TrashNet\metal\metal255.jpg; data\processed\train\metal\metal255.jpg
EXACT_MD5,2dd4f1919736c9b0e2fda7e09f28e09d,2,TrashNet_Raw; TrashNet_Processed_Test,TrashNet_Raw::metal; TrashNet_Processed_Test::metal,data\raw\TrashNet\metal\metal256.jpg; data\processed\test\metal\metal256.jpg
EXACT_MD5,aac94e9d8d85100d8b8526887ce9785f,2,TrashNet_Raw; TrashNet_Processed_Train,TrashNet_Raw::metal; TrashNet_Processed_Train::metal,data\raw\TrashNet\metal\metal257.jpg; data\processed\train\metal\metal257.jpg
EXACT_MD5,3788925b0afa930b5587d0cc0273bd63,2,TrashNet_Raw; TrashNet_Processed_Train,TrashNet_Raw::metal; TrashNet_Processed_Train::metal,data\raw\TrashNet\metal\metal258.jpg; data\processed\train\metal\metal258.jpg
EXACT_MD5,13458034335146eba7e71bc71d777a12,2,TrashNet_Raw; TrashNet_Processed_Train,TrashNet_Raw::metal; TrashNet_Processed_Train::metal,data\raw\TrashNet\metal\metal259.jpg; data\processed\train\metal\metal259.jpg
EXACT_MD5,c6a31d27f2f956b0abc051378544fbd6,2,TrashNet_Raw; TrashNet_Processed_Train,TrashNet_Raw::metal; TrashNet_Processed_Train::metal,data\raw\TrashNet\metal\metal26.jpg; data\processed\train\metal\metal26.jpg
EXACT_MD5,3fc0f30fea50c0ded152c568424a2eda,2,TrashNet_Raw; TrashNet_Processed_Train,TrashNet_Raw::metal; TrashNet_Processed_Train::metal,data\raw\TrashNet\metal\metal260.jpg; data\processed\train\metal\metal260.jpg
EXACT_MD5,ba5148ad4ad9e38cd7aad2ac5d9f9774,2,TrashNet_Raw; TrashNet_Processed_Train,TrashNet_Raw::metal; TrashNet_Processed_Train::metal,data\raw\TrashNet\metal\metal261.jpg; data\processed\train\metal\metal261.jpg
EXACT_MD5,ca75f085d56d9ecceaaf1f08f88ffcce,2,TrashNet_Raw; TrashNet_Processed_Train,TrashNet_Raw::metal; TrashNet_Processed_Train::metal,data\raw\TrashNet\metal\metal262.jpg; data\processed\train\metal\metal262.jpg
EXACT_MD5,6b3ca30f5c739ce1b15bdab5c5594bcc,2,TrashNet_Raw; TrashNet_Processed_Train,TrashNet_Raw::metal; TrashNet_Processed_Train::metal,data\raw\TrashNet\metal\metal263.jpg; data\processed\train\metal\metal263.jpg
EXACT_MD5,b5fc8d017b9d3a0ff3f91944d1a547ff,2,TrashNet_Raw; TrashNet_Processed_Train,TrashNet_Raw::metal; TrashNet_Processed_Train::metal,data\raw\TrashNet\metal\metal264.jpg; data\processed\train\metal\metal264.jpg
EXACT_MD5,40211100c25920e7e2660d0c620f6556,2,TrashNet_Raw; TrashNet_Processed_Train,TrashNet_Raw::metal; TrashNet_Processed_Train::metal,data\raw\TrashNet\metal\metal265.jpg; data\processed\train\metal\metal265.jpg
EXACT_MD5,5cf0682304b01cb070cbcc67d6ec2f1f,2,TrashNet_Raw; TrashNet_Processed_Train,TrashNet_Raw::metal; TrashNet_Processed_Train::metal,data\raw\TrashNet\metal\metal266.jpg; data\processed\train\metal\metal266.jpg
EXACT_MD5,754d022b37e79127ba513012cc16f5c8,2,TrashNet_Raw; TrashNet_Processed_Train,TrashNet_Raw::metal; TrashNet_Processed_Train::metal,data\raw\TrashNet\metal\metal267.jpg; data\processed\train\metal\metal267.jpg
EXACT_MD5,07d0d45b25ec16f74f1b9439cd45bc98,2,TrashNet_Raw; TrashNet_Processed_Train,TrashNet_Raw::metal; TrashNet_Processed_Train::metal,data\raw\TrashNet\metal\metal268.jpg; data\processed\train\metal\metal268.jpg
EXACT_MD5,f7cfde46e09fbf98d09c96ee0a185ad3,2,TrashNet_Raw; TrashNet_Processed_Train,TrashNet_Raw::metal; TrashNet_Processed_Train::metal,data\raw\TrashNet\metal\metal269.jpg; data\processed\train\metal\metal269.jpg
EXACT_MD5,544de18e72364965e113872031cc90c7,2,TrashNet_Raw; TrashNet_Processed_Train,TrashNet_Raw::metal; TrashNet_Processed_Train::metal,data\raw\TrashNet\metal\metal27.jpg; data\processed\train\metal\metal27.jpg
EXACT_MD5,9c5b818cb50b14a374c383fb0fec67f4,2,TrashNet_Raw; TrashNet_Processed_Train,TrashNet_Raw::metal; TrashNet_Processed_Train::metal,data\raw\TrashNet\metal\metal270.jpg; data\processed\train\metal\metal270.jpg
EXACT_MD5,e6c6a2eae2038329ce927c1eaf6deb91,2,TrashNet_Raw; TrashNet_Processed_Train,TrashNet_Raw::metal; TrashNet_Processed_Train::metal,data\raw\TrashNet\metal\metal271.jpg; data\processed\train\metal\metal271.jpg
EXACT_MD5,1c569301456c3f7969dce5c37d8cfe93,2,TrashNet_Raw; TrashNet_Processed_Train,TrashNet_Raw::metal; TrashNet_Processed_Train::metal,data\raw\TrashNet\metal\metal272.jpg; data\processed\train\metal\metal272.jpg
EXACT_MD5,88279ac547f32d454c6dcfb3aa521b4e,2,TrashNet_Raw; TrashNet_Processed_Train,TrashNet_Raw::metal; TrashNet_Processed_Train::metal,data\raw\TrashNet\metal\metal273.jpg; data\processed\train\metal\metal273.jpg
EXACT_MD5,e57bc29b320d312d61637f9292e3422f,2,TrashNet_Raw; TrashNet_Processed_Test,TrashNet_Raw::metal; TrashNet_Processed_Test::metal,data\raw\TrashNet\metal\metal274.jpg; data\processed\test\metal\metal274.jpg
EXACT_MD5,a74d0f81604ce704fd21acc9b4c5aa34,2,TrashNet_Raw; TrashNet_Processed_Train,TrashNet_Raw::metal; TrashNet_Processed_Train::metal,data\raw\TrashNet\metal\metal275.jpg; data\processed\train\metal\metal275.jpg
EXACT_MD5,9ff99407567262c0191a82fcdaa130b8,2,TrashNet_Raw; TrashNet_Processed_Train,TrashNet_Raw::metal; TrashNet_Processed_Train::metal,data\raw\TrashNet\metal\metal276.jpg; data\processed\train\metal\metal276.jpg
EXACT_MD5,07a5a43446b2f0d67872a8a7d037a874,2,TrashNet_Raw; TrashNet_Processed_Train,TrashNet_Raw::metal; TrashNet_Processed_Train::metal,data\raw\TrashNet\metal\metal277.jpg; data\processed\train\metal\metal277.jpg
EXACT_MD5,f3b99b09f0b6d27624397e107e82cea3,2,TrashNet_Raw; TrashNet_Processed_Train,TrashNet_Raw::metal; TrashNet_Processed_Train::metal,data\raw\TrashNet\metal\metal278.jpg; data\processed\train\metal\metal278.jpg
EXACT_MD5,53121af7566e79d96eb8a83d4c22ed6c,2,TrashNet_Raw; TrashNet_Processed_Train,TrashNet_Raw::metal; TrashNet_Processed_Train::metal,data\raw\TrashNet\metal\metal279.jpg; data\processed\train\metal\metal279.jpg
EXACT_MD5,ce1aa0eced87ea1bf79ddc8f5d008c72,2,TrashNet_Raw; TrashNet_Processed_Train,TrashNet_Raw::metal; TrashNet_Processed_Train::metal,data\raw\TrashNet\metal\metal28.jpg; data\processed\train\metal\metal28.jpg
EXACT_MD5,67354b2f78c71feaf56e28e4eee44475,2,TrashNet_Raw; TrashNet_Processed_Train,TrashNet_Raw::metal; TrashNet_Processed_Train::metal,data\raw\TrashNet\metal\metal280.jpg; data\processed\train\metal\metal280.jpg
EXACT_MD5,7cb0ac7a522a1644415e9189d6c5c762,2,TrashNet_Raw; TrashNet_Processed_Train,TrashNet_Raw::metal; TrashNet_Processed_Train::metal,data\raw\TrashNet\metal\metal281.jpg; data\processed\train\metal\metal281.jpg
EXACT_MD5,35823df8e6e4a43758807c696c76120f,2,TrashNet_Raw; TrashNet_Processed_Train,TrashNet_Raw::metal; TrashNet_Processed_Train::metal,data\raw\TrashNet\metal\metal282.jpg; data\processed\train\metal\metal282.jpg
EXACT_MD5,3e9e183418762eafd06a4714a3f2a55c,2,TrashNet_Raw; TrashNet_Processed_Train,TrashNet_Raw::metal; TrashNet_Processed_Train::metal,data\raw\TrashNet\metal\metal283.jpg; data\processed\train\metal\metal283.jpg
EXACT_MD5,04687cc3a7df638d3bea397a0604e2de,2,TrashNet_Raw; TrashNet_Processed_Test,TrashNet_Raw::metal; TrashNet_Processed_Test::metal,data\raw\TrashNet\metal\metal284.jpg; data\processed\test\metal\metal284.jpg
EXACT_MD5,de484531fea93a6adc1a01959ff520ff,2,TrashNet_Raw; TrashNet_Processed_Val,TrashNet_Processed_Val::metal; TrashNet_Raw::metal,data\raw\TrashNet\metal\metal285.jpg; data\processed\val\metal\metal285.jpg
EXACT_MD5,063535171edd24135d3e7b04b2e2d3b1,2,TrashNet_Raw; TrashNet_Processed_Train,TrashNet_Raw::metal; TrashNet_Processed_Train::metal,data\raw\TrashNet\metal\metal286.jpg; data\processed\train\metal\metal286.jpg
EXACT_MD5,7fd47676a9cea927aee3b6635bdad4a9,2,TrashNet_Raw; TrashNet_Processed_Train,TrashNet_Raw::metal; TrashNet_Processed_Train::metal,data\raw\TrashNet\metal\metal287.jpg; data\processed\train\metal\metal287.jpg
EXACT_MD5,336a52709b5ade3b2c12dd8838125bba,2,TrashNet_Raw; TrashNet_Processed_Val,TrashNet_Processed_Val::metal; TrashNet_Raw::metal,data\raw\TrashNet\metal\metal288.jpg; data\processed\val\metal\metal288.jpg
EXACT_MD5,866621315302c841f8e61101c9683ba6,2,TrashNet_Raw; TrashNet_Processed_Train,TrashNet_Raw::metal; TrashNet_Processed_Train::metal,data\raw\TrashNet\metal\metal289.jpg; data\processed\train\metal\metal289.jpg
EXACT_MD5,27ea3f63d6fe84df09242dc13df46711,2,TrashNet_Raw; TrashNet_Processed_Train,TrashNet_Raw::metal; TrashNet_Processed_Train::metal,data\raw\TrashNet\metal\metal29.jpg; data\processed\train\metal\metal29.jpg
EXACT_MD5,8e113d4930a95421e2bf1238e87d9cbc,2,TrashNet_Raw; TrashNet_Processed_Train,TrashNet_Raw::metal; TrashNet_Processed_Train::metal,data\raw\TrashNet\metal\metal290.jpg; data\processed\train\metal\metal290.jpg
EXACT_MD5,007b6a7f5b5ee694dc8eb6c3c489d3e3,2,TrashNet_Raw; TrashNet_Processed_Test,TrashNet_Raw::metal; TrashNet_Processed_Test::metal,data\raw\TrashNet\metal\metal291.jpg; data\processed\test\metal\metal291.jpg
EXACT_MD5,59c7fa2f3caa09c14b4b82bd6572f44e,2,TrashNet_Raw; TrashNet_Processed_Train,TrashNet_Raw::metal; TrashNet_Processed_Train::metal,data\raw\TrashNet\metal\metal292.jpg; data\processed\train\metal\metal292.jpg
EXACT_MD5,e64ab402b2f5d71169cb3c078d0ccd9f,2,TrashNet_Raw; TrashNet_Processed_Train,TrashNet_Raw::metal; TrashNet_Processed_Train::metal,data\raw\TrashNet\metal\metal293.jpg; data\processed\train\metal\metal293.jpg
EXACT_MD5,925f010e389602a72e68f296ed5ff9c8,2,TrashNet_Raw; TrashNet_Processed_Train,TrashNet_Raw::metal; TrashNet_Processed_Train::metal,data\raw\TrashNet\metal\metal294.jpg; data\processed\train\metal\metal294.jpg
EXACT_MD5,b4b8b113f4eb914af67d1db49f9c6c95,2,TrashNet_Raw; TrashNet_Processed_Val,TrashNet_Processed_Val::metal; TrashNet_Raw::metal,data\raw\TrashNet\metal\metal295.jpg; data\processed\val\metal\metal295.jpg
EXACT_MD5,8c97aeb0a703ea22e5ca1a2f902ef03c,2,TrashNet_Raw; TrashNet_Processed_Train,TrashNet_Raw::metal; TrashNet_Processed_Train::metal,data\raw\TrashNet\metal\metal296.jpg; data\processed\train\metal\metal296.jpg
EXACT_MD5,847a42d91d465fd33699a2413b8e1daa,2,TrashNet_Raw; TrashNet_Processed_Test,TrashNet_Raw::metal; TrashNet_Processed_Test::metal,data\raw\TrashNet\metal\metal297.jpg; data\processed\test\metal\metal297.jpg
EXACT_MD5,662b55bcf896270944a85efad1eef848,2,TrashNet_Raw; TrashNet_Processed_Train,TrashNet_Raw::metal; TrashNet_Processed_Train::metal,data\raw\TrashNet\metal\metal298.jpg; data\processed\train\metal\metal298.jpg
EXACT_MD5,42845dd4108a60305cb643c6f3cf4946,2,TrashNet_Raw; TrashNet_Processed_Val,TrashNet_Processed_Val::metal; TrashNet_Raw::metal,data\raw\TrashNet\metal\metal299.jpg; data\processed\val\metal\metal299.jpg
EXACT_MD5,dd9f48534674c5a588b506e183d713f9,2,TrashNet_Raw; TrashNet_Processed_Train,TrashNet_Raw::metal; TrashNet_Processed_Train::metal,data\raw\TrashNet\metal\metal3.jpg; data\processed\train\metal\metal3.jpg
EXACT_MD5,ce74ba70c13457b0876fdaaf8d20311b,2,TrashNet_Raw; TrashNet_Processed_Train,TrashNet_Raw::metal; TrashNet_Processed_Train::metal,data\raw\TrashNet\metal\metal30.jpg; data\processed\train\metal\metal30.jpg
EXACT_MD5,30f26a997de03e125680b755a4ec137b,2,TrashNet_Raw; TrashNet_Processed_Val,TrashNet_Processed_Val::metal; TrashNet_Raw::metal,data\raw\TrashNet\metal\metal300.jpg; data\processed\val\metal\metal300.jpg
EXACT_MD5,d17cb05aefd1dcfa07653f379f246efb,2,TrashNet_Raw; TrashNet_Processed_Test,TrashNet_Raw::metal; TrashNet_Processed_Test::metal,data\raw\TrashNet\metal\metal301.jpg; data\processed\test\metal\metal301.jpg
EXACT_MD5,c9eb06bf6d5fd0e31cd9a9f500cacf70,2,TrashNet_Raw; TrashNet_Processed_Test,TrashNet_Raw::metal; TrashNet_Processed_Test::metal,data\raw\TrashNet\metal\metal302.jpg; data\processed\test\metal\metal302.jpg
EXACT_MD5,79d81404286bb2e3efe8b80b58f488af,2,TrashNet_Raw; TrashNet_Processed_Train,TrashNet_Raw::metal; TrashNet_Processed_Train::metal,data\raw\TrashNet\metal\metal303.jpg; data\processed\train\metal\metal303.jpg
EXACT_MD5,a1e4ef31071499ca603dabd00083296b,2,TrashNet_Raw; TrashNet_Processed_Train,TrashNet_Raw::metal; TrashNet_Processed_Train::metal,data\raw\TrashNet\metal\metal304.jpg; data\processed\train\metal\metal304.jpg
EXACT_MD5,b6b2a3a38efda1b2d56833663c7986ba,2,TrashNet_Raw; TrashNet_Processed_Train,TrashNet_Raw::metal; TrashNet_Processed_Train::metal,data\raw\TrashNet\metal\metal305.jpg; data\processed\train\metal\metal305.jpg
EXACT_MD5,1601e86e9c69d6db1721c2cff973d0ba,2,TrashNet_Raw; TrashNet_Processed_Test,TrashNet_Raw::metal; TrashNet_Processed_Test::metal,data\raw\TrashNet\metal\metal306.jpg; data\processed\test\metal\metal306.jpg
EXACT_MD5,822ab4d4f33014bc036bc2e378183ddb,2,TrashNet_Raw; TrashNet_Processed_Train,TrashNet_Raw::metal; TrashNet_Processed_Train::metal,data\raw\TrashNet\metal\metal307.jpg; data\processed\train\metal\metal307.jpg
EXACT_MD5,7228c5a1c01752583751c7532707ff04,2,TrashNet_Raw; TrashNet_Processed_Val,TrashNet_Processed_Val::metal; TrashNet_Raw::metal,data\raw\TrashNet\metal\metal308.jpg; data\processed\val\metal\metal308.jpg
EXACT_MD5,263fa08c0204cba826bb6a2b348cdeb2,2,TrashNet_Raw; TrashNet_Processed_Train,TrashNet_Raw::metal; TrashNet_Processed_Train::metal,data\raw\TrashNet\metal\metal309.jpg; data\processed\train\metal\metal309.jpg
EXACT_MD5,e1c0bdaa7c04db805a016d296a975d74,2,TrashNet_Raw; TrashNet_Processed_Train,TrashNet_Raw::metal; TrashNet_Processed_Train::metal,data\raw\TrashNet\metal\metal31.jpg; data\processed\train\metal\metal31.jpg
EXACT_MD5,c5b439862873961bcda15efd57b5fd7e,2,TrashNet_Raw; TrashNet_Processed_Train,TrashNet_Raw::metal; TrashNet_Processed_Train::metal,data\raw\TrashNet\metal\metal310.jpg; data\processed\train\metal\metal310.jpg
EXACT_MD5,ad593d19afc8b2f5838f62d9f5e20877,2,TrashNet_Raw; TrashNet_Processed_Train,TrashNet_Raw::metal; TrashNet_Processed_Train::metal,data\raw\TrashNet\metal\metal311.jpg; data\processed\train\metal\metal311.jpg
EXACT_MD5,8d8e1dc443356f1b876a22fcdf0f52f3,2,TrashNet_Raw; TrashNet_Processed_Train,TrashNet_Raw::metal; TrashNet_Processed_Train::metal,data\raw\TrashNet\metal\metal312.jpg; data\processed\train\metal\metal312.jpg
EXACT_MD5,780f726f6d07d83e0e52d831a6ec4209,2,TrashNet_Raw; TrashNet_Processed_Train,TrashNet_Raw::metal; TrashNet_Processed_Train::metal,data\raw\TrashNet\metal\metal313.jpg; data\processed\train\metal\metal313.jpg
EXACT_MD5,d8bba7103097ee5dafe9609af51e5872,2,TrashNet_Raw; TrashNet_Processed_Val,TrashNet_Processed_Val::metal; TrashNet_Raw::metal,data\raw\TrashNet\metal\metal314.jpg; data\processed\val\metal\metal314.jpg
EXACT_MD5,b4c185590278636c367c5ed5722afdfa,2,TrashNet_Raw; TrashNet_Processed_Test,TrashNet_Raw::metal; TrashNet_Processed_Test::metal,data\raw\TrashNet\metal\metal315.jpg; data\processed\test\metal\metal315.jpg
EXACT_MD5,0d2eb9be8afe9d25e9e8edeb6a0356a6,2,TrashNet_Raw; TrashNet_Processed_Train,TrashNet_Raw::metal; TrashNet_Processed_Train::metal,data\raw\TrashNet\metal\metal316.jpg; data\processed\train\metal\metal316.jpg
EXACT_MD5,f6446f8c59b0023d0c7e273487ddbcd6,2,TrashNet_Raw; TrashNet_Processed_Train,TrashNet_Raw::metal; TrashNet_Processed_Train::metal,data\raw\TrashNet\metal\metal317.jpg; data\processed\train\metal\metal317.jpg
EXACT_MD5,74ace1d4e790eb7cd5ee7d4d5f4c7946,2,TrashNet_Raw; TrashNet_Processed_Train,TrashNet_Raw::metal; TrashNet_Processed_Train::metal,data\raw\TrashNet\metal\metal318.jpg; data\processed\train\metal\metal318.jpg
EXACT_MD5,353bb332995ec6664e18091eadf5b068,2,TrashNet_Raw; TrashNet_Processed_Test,TrashNet_Raw::metal; TrashNet_Processed_Test::metal,data\raw\TrashNet\metal\metal319.jpg; data\processed\test\metal\metal319.jpg
EXACT_MD5,af6a47b769175dc12acbef1d7217a3e0,2,TrashNet_Raw; TrashNet_Processed_Test,TrashNet_Raw::metal; TrashNet_Processed_Test::metal,data\raw\TrashNet\metal\metal32.jpg; data\processed\test\metal\metal32.jpg
EXACT_MD5,cd176c5a28687c81ef9b9aabbf837912,2,TrashNet_Raw; TrashNet_Processed_Train,TrashNet_Raw::metal; TrashNet_Processed_Train::metal,data\raw\TrashNet\metal\metal320.jpg; data\processed\train\metal\metal320.jpg
EXACT_MD5,11d331e3a2eca06664775918f41589d8,2,TrashNet_Raw; TrashNet_Processed_Train,TrashNet_Raw::metal; TrashNet_Processed_Train::metal,data\raw\TrashNet\metal\metal321.jpg; data\processed\train\metal\metal321.jpg
EXACT_MD5,68b28784588e60f4d3970bceba2a6c3f,2,TrashNet_Raw; TrashNet_Processed_Train,TrashNet_Raw::metal; TrashNet_Processed_Train::metal,data\raw\TrashNet\metal\metal322.jpg; data\processed\train\metal\metal322.jpg
EXACT_MD5,939cdd13825abe3e6a84a2e8b4bf061e,2,TrashNet_Raw; TrashNet_Processed_Train,TrashNet_Raw::metal; TrashNet_Processed_Train::metal,data\raw\TrashNet\metal\metal323.jpg; data\processed\train\metal\metal323.jpg
EXACT_MD5,12ca073d3485a0b299fb5757c317dd55,2,TrashNet_Raw; TrashNet_Processed_Train,TrashNet_Raw::metal; TrashNet_Processed_Train::metal,data\raw\TrashNet\metal\metal324.jpg; data\processed\train\metal\metal324.jpg
EXACT_MD5,74b93c7db96487bc018ba6d0667a312f,2,TrashNet_Raw; TrashNet_Processed_Test,TrashNet_Raw::metal; TrashNet_Processed_Test::metal,data\raw\TrashNet\metal\metal325.jpg; data\processed\test\metal\metal325.jpg
EXACT_MD5,883ce84e16fb622ea36bd63ffd245aa3,2,TrashNet_Raw; TrashNet_Processed_Val,TrashNet_Processed_Val::metal; TrashNet_Raw::metal,data\raw\TrashNet\metal\metal326.jpg; data\processed\val\metal\metal326.jpg
EXACT_MD5,369922874b9fba867a1ff74b98fc0ed0,2,TrashNet_Raw; TrashNet_Processed_Train,TrashNet_Raw::metal; TrashNet_Processed_Train::metal,data\raw\TrashNet\metal\metal327.jpg; data\processed\train\metal\metal327.jpg
EXACT_MD5,8546530a259a0b2ec9270b261d4ec12c,2,TrashNet_Raw; TrashNet_Processed_Train,TrashNet_Raw::metal; TrashNet_Processed_Train::metal,data\raw\TrashNet\metal\metal328.jpg; data\processed\train\metal\metal328.jpg
EXACT_MD5,8299b861d71f80c14dbbf2c9e926f48e,2,TrashNet_Raw; TrashNet_Processed_Train,TrashNet_Raw::metal; TrashNet_Processed_Train::metal,data\raw\TrashNet\metal\metal329.jpg; data\processed\train\metal\metal329.jpg
EXACT_MD5,4c9f66f5f93fc1243b19f0fc4b8cd35e,2,TrashNet_Raw; TrashNet_Processed_Val,TrashNet_Processed_Val::metal; TrashNet_Raw::metal,data\raw\TrashNet\metal\metal33.jpg; data\processed\val\metal\metal33.jpg
EXACT_MD5,9bc8202379d8628287151203a81056f8,2,TrashNet_Raw; TrashNet_Processed_Train,TrashNet_Raw::metal; TrashNet_Processed_Train::metal,data\raw\TrashNet\metal\metal330.jpg; data\processed\train\metal\metal330.jpg
EXACT_MD5,9e3220ce5b7f291795644b3cf73ab262,2,TrashNet_Raw; TrashNet_Processed_Train,TrashNet_Raw::metal; TrashNet_Processed_Train::metal,data\raw\TrashNet\metal\metal331.jpg; data\processed\train\metal\metal331.jpg
EXACT_MD5,b6d5e26955e2fe0acf2262e627b1f7b8,2,TrashNet_Raw; TrashNet_Processed_Train,TrashNet_Raw::metal; TrashNet_Processed_Train::metal,data\raw\TrashNet\metal\metal332.jpg; data\processed\train\metal\metal332.jpg
EXACT_MD5,942c30b1adbd5f9923ccbed2a44be4af,2,TrashNet_Raw; TrashNet_Processed_Train,TrashNet_Raw::metal; TrashNet_Processed_Train::metal,data\raw\TrashNet\metal\metal333.jpg; data\processed\train\metal\metal333.jpg
EXACT_MD5,86b888f09ca10c815101331b7a264a4f,2,TrashNet_Raw; TrashNet_Processed_Train,TrashNet_Raw::metal; TrashNet_Processed_Train::metal,data\raw\TrashNet\metal\metal334.jpg; data\processed\train\metal\metal334.jpg
EXACT_MD5,c377ccf9d5a62b8c1cb254d16cef302f,2,TrashNet_Raw; TrashNet_Processed_Train,TrashNet_Raw::metal; TrashNet_Processed_Train::metal,data\raw\TrashNet\metal\metal335.jpg; data\processed\train\metal\metal335.jpg
EXACT_MD5,7202859ede5b98de9d3033a814283116,2,TrashNet_Raw; TrashNet_Processed_Train,TrashNet_Raw::metal; TrashNet_Processed_Train::metal,data\raw\TrashNet\metal\metal336.jpg; data\processed\train\metal\metal336.jpg
EXACT_MD5,236e72b38a081f0171ca998773d22198,2,TrashNet_Raw; TrashNet_Processed_Train,TrashNet_Raw::metal; TrashNet_Processed_Train::metal,data\raw\TrashNet\metal\metal337.jpg; data\processed\train\metal\metal337.jpg
EXACT_MD5,d05f5c438ad09039cf4e9da6b3604d90,2,TrashNet_Raw; TrashNet_Processed_Val,TrashNet_Processed_Val::metal; TrashNet_Raw::metal,data\raw\TrashNet\metal\metal338.jpg; data\processed\val\metal\metal338.jpg
EXACT_MD5,640a87008199ba71007a65e34bbc8474,2,TrashNet_Raw; TrashNet_Processed_Train,TrashNet_Raw::metal; TrashNet_Processed_Train::metal,data\raw\TrashNet\metal\metal339.jpg; data\processed\train\metal\metal339.jpg
EXACT_MD5,f69b636eaa2177881a1ec8b73a03fc08,2,TrashNet_Raw; TrashNet_Processed_Test,TrashNet_Raw::metal; TrashNet_Processed_Test::metal,data\raw\TrashNet\metal\metal34.jpg; data\processed\test\metal\metal34.jpg
EXACT_MD5,1f955a9ccee0c056657cecd8833bce83,2,TrashNet_Raw; TrashNet_Processed_Train,TrashNet_Raw::metal; TrashNet_Processed_Train::metal,data\raw\TrashNet\metal\metal340.jpg; data\processed\train\metal\metal340.jpg
EXACT_MD5,1f80c6ab1b7c9d2bc0aaea5f31a32cd1,2,TrashNet_Raw; TrashNet_Processed_Train,TrashNet_Raw::metal; TrashNet_Processed_Train::metal,data\raw\TrashNet\metal\metal341.jpg; data\processed\train\metal\metal341.jpg
EXACT_MD5,334c9d6d0f26f1798dbc830b16a3ec07,2,TrashNet_Raw; TrashNet_Processed_Train,TrashNet_Raw::metal; TrashNet_Processed_Train::metal,data\raw\TrashNet\metal\metal342.jpg; data\processed\train\metal\metal342.jpg
EXACT_MD5,d16c035e712e7c77ee6ddc402b2bf0e0,2,TrashNet_Raw; TrashNet_Processed_Train,TrashNet_Raw::metal; TrashNet_Processed_Train::metal,data\raw\TrashNet\metal\metal343.jpg; data\processed\train\metal\metal343.jpg
EXACT_MD5,345e6cf3869a7b32be3a5e9927fcce36,2,TrashNet_Raw; TrashNet_Processed_Train,TrashNet_Raw::metal; TrashNet_Processed_Train::metal,data\raw\TrashNet\metal\metal344.jpg; data\processed\train\metal\metal344.jpg
EXACT_MD5,8bd1b1f42c6fb02520c50d36fd7dbeac,2,TrashNet_Raw; TrashNet_Processed_Train,TrashNet_Raw::metal; TrashNet_Processed_Train::metal,data\raw\TrashNet\metal\metal345.jpg; data\processed\train\metal\metal345.jpg
EXACT_MD5,7eb0755e1fc17a2d1611c5f50cb797b8,2,TrashNet_Raw; TrashNet_Processed_Train,TrashNet_Raw::metal; TrashNet_Processed_Train::metal,data\raw\TrashNet\metal\metal346.jpg; data\processed\train\metal\metal346.jpg
EXACT_MD5,bb2b118e825417483c6c556599000179,2,TrashNet_Raw; TrashNet_Processed_Train,TrashNet_Raw::metal; TrashNet_Processed_Train::metal,data\raw\TrashNet\metal\metal347.jpg; data\processed\train\metal\metal347.jpg
EXACT_MD5,b74171386528d406ad8ee3b71cec731b,2,TrashNet_Raw; TrashNet_Processed_Val,TrashNet_Processed_Val::metal; TrashNet_Raw::metal,data\raw\TrashNet\metal\metal348.jpg; data\processed\val\metal\metal348.jpg
EXACT_MD5,cc53b48de041061915a86a52e45bcb9e,2,TrashNet_Raw; TrashNet_Processed_Train,TrashNet_Raw::metal; TrashNet_Processed_Train::metal,data\raw\TrashNet\metal\metal349.jpg; data\processed\train\metal\metal349.jpg
EXACT_MD5,96f60815cbfa57ee02488ab9f70920d9,2,TrashNet_Raw; TrashNet_Processed_Val,TrashNet_Processed_Val::metal; TrashNet_Raw::metal,data\raw\TrashNet\metal\metal35.jpg; data\processed\val\metal\metal35.jpg
EXACT_MD5,c646d585c2821ff821406bfe74d12499,2,TrashNet_Raw; TrashNet_Processed_Train,TrashNet_Raw::metal; TrashNet_Processed_Train::metal,data\raw\TrashNet\metal\metal350.jpg; data\processed\train\metal\metal350.jpg
EXACT_MD5,ce367be6c547dee5454f81f368dbb17c,2,TrashNet_Raw; TrashNet_Processed_Train,TrashNet_Raw::metal; TrashNet_Processed_Train::metal,data\raw\TrashNet\metal\metal351.jpg; data\processed\train\metal\metal351.jpg
EXACT_MD5,552f8370dde233f7cad4f38f9fa23383,2,TrashNet_Raw; TrashNet_Processed_Train,TrashNet_Raw::metal; TrashNet_Processed_Train::metal,data\raw\TrashNet\metal\metal352.jpg; data\processed\train\metal\metal352.jpg
EXACT_MD5,a1d938a288de8bceec876197b897d053,2,TrashNet_Raw; TrashNet_Processed_Val,TrashNet_Processed_Val::metal; TrashNet_Raw::metal,data\raw\TrashNet\metal\metal353.jpg; data\processed\val\metal\metal353.jpg
EXACT_MD5,a4ff45117e39490e54246e2e84a60043,2,TrashNet_Raw; TrashNet_Processed_Test,TrashNet_Raw::metal; TrashNet_Processed_Test::metal,data\raw\TrashNet\metal\metal354.jpg; data\processed\test\metal\metal354.jpg
EXACT_MD5,e632ced8db172de98ac384e28ec80c01,2,TrashNet_Raw; TrashNet_Processed_Train,TrashNet_Raw::metal; TrashNet_Processed_Train::metal,data\raw\TrashNet\metal\metal355.jpg; data\processed\train\metal\metal355.jpg
EXACT_MD5,4eed5f7bcfca1d0d6ab9ba22379f1836,2,TrashNet_Raw; TrashNet_Processed_Test,TrashNet_Raw::metal; TrashNet_Processed_Test::metal,data\raw\TrashNet\metal\metal356.jpg; data\processed\test\metal\metal356.jpg
EXACT_MD5,53e1cad843ffff3953572d6a75c16d63,2,TrashNet_Raw; TrashNet_Processed_Train,TrashNet_Raw::metal; TrashNet_Processed_Train::metal,data\raw\TrashNet\metal\metal357.jpg; data\processed\train\metal\metal357.jpg
EXACT_MD5,9fd9f5bc5655b840c94f5f9a8c9fe452,2,TrashNet_Raw; TrashNet_Processed_Train,TrashNet_Raw::metal; TrashNet_Processed_Train::metal,data\raw\TrashNet\metal\metal358.jpg; data\processed\train\metal\metal358.jpg
EXACT_MD5,b804b2f7c43080ec089f53008889dd9e,2,TrashNet_Raw; TrashNet_Processed_Test,TrashNet_Raw::metal; TrashNet_Processed_Test::metal,data\raw\TrashNet\metal\metal359.jpg; data\processed\test\metal\metal359.jpg
EXACT_MD5,b180e432d3066c39221221ee99f1441f,2,TrashNet_Raw; TrashNet_Processed_Train,TrashNet_Raw::metal; TrashNet_Processed_Train::metal,data\raw\TrashNet\metal\metal36.jpg; data\processed\train\metal\metal36.jpg
EXACT_MD5,8f0be28adb622513f3413684bff35e01,2,TrashNet_Raw; TrashNet_Processed_Train,TrashNet_Raw::metal; TrashNet_Processed_Train::metal,data\raw\TrashNet\metal\metal360.jpg; data\processed\train\metal\metal360.jpg
EXACT_MD5,39c6cde01e31bfbd3cb14eb1c9c6911a,2,TrashNet_Raw; TrashNet_Processed_Test,TrashNet_Raw::metal; TrashNet_Processed_Test::metal,data\raw\TrashNet\metal\metal361.jpg; data\processed\test\metal\metal361.jpg
EXACT_MD5,160e2c628dfa6a735f3292c6ebe993ab,2,TrashNet_Raw; TrashNet_Processed_Train,TrashNet_Raw::metal; TrashNet_Processed_Train::metal,data\raw\TrashNet\metal\metal362.jpg; data\processed\train\metal\metal362.jpg
EXACT_MD5,a51e0b869282661f74ee610968858ebc,2,TrashNet_Raw; TrashNet_Processed_Test,TrashNet_Raw::metal; TrashNet_Processed_Test::metal,data\raw\TrashNet\metal\metal363.jpg; data\processed\test\metal\metal363.jpg
EXACT_MD5,c6c465864b2fc43c44a451f815c42b32,2,TrashNet_Raw; TrashNet_Processed_Train,TrashNet_Raw::metal; TrashNet_Processed_Train::metal,data\raw\TrashNet\metal\metal364.jpg; data\processed\train\metal\metal364.jpg
EXACT_MD5,de3da0b77e42c9243f90aed3d2d0f52a,2,TrashNet_Raw; TrashNet_Processed_Test,TrashNet_Raw::metal; TrashNet_Processed_Test::metal,data\raw\TrashNet\metal\metal365.jpg; data\processed\test\metal\metal365.jpg
EXACT_MD5,67577d83b2c5cc4dcd9b51b030cf9c63,2,TrashNet_Raw; TrashNet_Processed_Train,TrashNet_Raw::metal; TrashNet_Processed_Train::metal,data\raw\TrashNet\metal\metal366.jpg; data\processed\train\metal\metal366.jpg
EXACT_MD5,606f8ed1869510b2566198dc9591e718,2,TrashNet_Raw; TrashNet_Processed_Train,TrashNet_Raw::metal; TrashNet_Processed_Train::metal,data\raw\TrashNet\metal\metal367.jpg; data\processed\train\metal\metal367.jpg
EXACT_MD5,6fc5a8be152378d0e0a2f484f365c4df,2,TrashNet_Raw; TrashNet_Processed_Train,TrashNet_Raw::metal; TrashNet_Processed_Train::metal,data\raw\TrashNet\metal\metal368.jpg; data\processed\train\metal\metal368.jpg
EXACT_MD5,8b44214da2a2817c0878a7d9f009c60b,2,TrashNet_Raw; TrashNet_Processed_Train,TrashNet_Raw::metal; TrashNet_Processed_Train::metal,data\raw\TrashNet\metal\metal369.jpg; data\processed\train\metal\metal369.jpg
EXACT_MD5,5019caa8e2c8916870ff5bf0d6d72055,2,TrashNet_Raw; TrashNet_Processed_Val,TrashNet_Processed_Val::metal; TrashNet_Raw::metal,data\raw\TrashNet\metal\metal37.jpg; data\processed\val\metal\metal37.jpg
EXACT_MD5,88f752d90f075be3d1e6dbefd0a671b3,2,TrashNet_Raw; TrashNet_Processed_Test,TrashNet_Raw::metal; TrashNet_Processed_Test::metal,data\raw\TrashNet\metal\metal370.jpg; data\processed\test\metal\metal370.jpg
EXACT_MD5,0f658fe0dc2b6cb96d2c96125c752107,2,TrashNet_Raw; TrashNet_Processed_Train,TrashNet_Raw::metal; TrashNet_Processed_Train::metal,data\raw\TrashNet\metal\metal371.jpg; data\processed\train\metal\metal371.jpg
EXACT_MD5,5adf60fd659db3575d2ee96fc817b07f,2,TrashNet_Raw; TrashNet_Processed_Train,TrashNet_Raw::metal; TrashNet_Processed_Train::metal,data\raw\TrashNet\metal\metal372.jpg; data\processed\train\metal\metal372.jpg
EXACT_MD5,fbdbdbf46a3045e1cc52dba1c37fc45a,2,TrashNet_Raw; TrashNet_Processed_Val,TrashNet_Processed_Val::metal; TrashNet_Raw::metal,data\raw\TrashNet\metal\metal373.jpg; data\processed\val\metal\metal373.jpg
EXACT_MD5,201ecb4b8a36824657fbe0f73d910e1b,2,TrashNet_Raw; TrashNet_Processed_Test,TrashNet_Raw::metal; TrashNet_Processed_Test::metal,data\raw\TrashNet\metal\metal374.jpg; data\processed\test\metal\metal374.jpg
EXACT_MD5,d56de860cc3cb4d83cda64afe88a58ad,2,TrashNet_Raw; TrashNet_Processed_Train,TrashNet_Raw::metal; TrashNet_Processed_Train::metal,data\raw\TrashNet\metal\metal375.jpg; data\processed\train\metal\metal375.jpg
EXACT_MD5,8806b7a8c48cc231307f925dbc5cbd1e,2,TrashNet_Raw; TrashNet_Processed_Train,TrashNet_Raw::metal; TrashNet_Processed_Train::metal,data\raw\TrashNet\metal\metal376.jpg; data\processed\train\metal\metal376.jpg
EXACT_MD5,502696cc20a51e79e8e7e4a6131b477c,2,TrashNet_Raw; TrashNet_Processed_Train,TrashNet_Raw::metal; TrashNet_Processed_Train::metal,data\raw\TrashNet\metal\metal377.jpg; data\processed\train\metal\metal377.jpg
EXACT_MD5,3d8d98b5c20d0e7fbc34f482ec0988c5,2,TrashNet_Raw; TrashNet_Processed_Train,TrashNet_Raw::metal; TrashNet_Processed_Train::metal,data\raw\TrashNet\metal\metal378.jpg; data\processed\train\metal\metal378.jpg
EXACT_MD5,8be95a46058cdc7f2ec57c6327df9219,2,TrashNet_Raw; TrashNet_Processed_Test,TrashNet_Raw::metal; TrashNet_Processed_Test::metal,data\raw\TrashNet\metal\metal379.jpg; data\processed\test\metal\metal379.jpg
EXACT_MD5,d06dd47797638545cc2290c35fe99177,2,TrashNet_Raw; TrashNet_Processed_Val,TrashNet_Processed_Val::metal; TrashNet_Raw::metal,data\raw\TrashNet\metal\metal38.jpg; data\processed\val\metal\metal38.jpg
EXACT_MD5,65c8dec8a8e57a12ba28fdc2c040e8f1,2,TrashNet_Raw; TrashNet_Processed_Test,TrashNet_Raw::metal; TrashNet_Processed_Test::metal,data\raw\TrashNet\metal\metal380.jpg; data\processed\test\metal\metal380.jpg
EXACT_MD5,db94af2c9222b7408f9998ef744c04dd,2,TrashNet_Raw; TrashNet_Processed_Train,TrashNet_Raw::metal; TrashNet_Processed_Train::metal,data\raw\TrashNet\metal\metal381.jpg; data\processed\train\metal\metal381.jpg
EXACT_MD5,0e278b7ef9ba53a340964f09c9b6301b,2,TrashNet_Raw; TrashNet_Processed_Train,TrashNet_Raw::metal; TrashNet_Processed_Train::metal,data\raw\TrashNet\metal\metal382.jpg; data\processed\train\metal\metal382.jpg
EXACT_MD5,14dd7045bf5542260e9b730d7fe1a49d,2,TrashNet_Raw; TrashNet_Processed_Train,TrashNet_Raw::metal; TrashNet_Processed_Train::metal,data\raw\TrashNet\metal\metal383.jpg; data\processed\train\metal\metal383.jpg
EXACT_MD5,cac1fbad16079a22bdbf6a864bcd7deb,2,TrashNet_Raw; TrashNet_Processed_Test,TrashNet_Raw::metal; TrashNet_Processed_Test::metal,data\raw\TrashNet\metal\metal384.jpg; data\processed\test\metal\metal384.jpg
EXACT_MD5,6c8901ae55f1663094d57c1bd0a6ee6b,2,TrashNet_Raw; TrashNet_Processed_Test,TrashNet_Raw::metal; TrashNet_Processed_Test::metal,data\raw\TrashNet\metal\metal385.jpg; data\processed\test\metal\metal385.jpg
EXACT_MD5,97f593651af08deb521d289fbc5493e5,2,TrashNet_Raw; TrashNet_Processed_Train,TrashNet_Raw::metal; TrashNet_Processed_Train::metal,data\raw\TrashNet\metal\metal386.jpg; data\processed\train\metal\metal386.jpg
EXACT_MD5,c8985ac0c6678091f08051ccf9b56b2e,2,TrashNet_Raw; TrashNet_Processed_Train,TrashNet_Raw::metal; TrashNet_Processed_Train::metal,data\raw\TrashNet\metal\metal387.jpg; data\processed\train\metal\metal387.jpg
EXACT_MD5,10e8164ec274170cd51ded1573aeb2e0,2,TrashNet_Raw; TrashNet_Processed_Test,TrashNet_Raw::metal; TrashNet_Processed_Test::metal,data\raw\TrashNet\metal\metal388.jpg; data\processed\test\metal\metal388.jpg
EXACT_MD5,4336e6ac471b3ff8d81811554a8c62ef,2,TrashNet_Raw; TrashNet_Processed_Train,TrashNet_Raw::metal; TrashNet_Processed_Train::metal,data\raw\TrashNet\metal\metal389.jpg; data\processed\train\metal\metal389.jpg
EXACT_MD5,4bb1d202069f484e5cf157b6cee9a91d,2,TrashNet_Raw; TrashNet_Processed_Test,TrashNet_Raw::metal; TrashNet_Processed_Test::metal,data\raw\TrashNet\metal\metal39.jpg; data\processed\test\metal\metal39.jpg
EXACT_MD5,25648c36cfc4c25135812198c420e250,2,TrashNet_Raw; TrashNet_Processed_Train,TrashNet_Raw::metal; TrashNet_Processed_Train::metal,data\raw\TrashNet\metal\metal390.jpg; data\processed\train\metal\metal390.jpg
EXACT_MD5,5fa4c5fbad2a7d1b7fee8cefd3b3945c,2,TrashNet_Raw; TrashNet_Processed_Train,TrashNet_Raw::metal; TrashNet_Processed_Train::metal,data\raw\TrashNet\metal\metal391.jpg; data\processed\train\metal\metal391.jpg
EXACT_MD5,bcd7f0cb31c78864d733df02b0b26133,2,TrashNet_Raw; TrashNet_Processed_Train,TrashNet_Raw::metal; TrashNet_Processed_Train::metal,data\raw\TrashNet\metal\metal392.jpg; data\processed\train\metal\metal392.jpg
EXACT_MD5,67e735629c662789187f2e9d847210af,2,TrashNet_Raw; TrashNet_Processed_Test,TrashNet_Raw::metal; TrashNet_Processed_Test::metal,data\raw\TrashNet\metal\metal393.jpg; data\processed\test\metal\metal393.jpg
EXACT_MD5,e80a30ec7ec1e8a81e79f8e3ae04c94c,2,TrashNet_Raw; TrashNet_Processed_Train,TrashNet_Raw::metal; TrashNet_Processed_Train::metal,data\raw\TrashNet\metal\metal394.jpg; data\processed\train\metal\metal394.jpg
EXACT_MD5,5636d32228ccbb071bc2af9701e1527b,2,TrashNet_Raw; TrashNet_Processed_Train,TrashNet_Raw::metal; TrashNet_Processed_Train::metal,data\raw\TrashNet\metal\metal395.jpg; data\processed\train\metal\metal395.jpg
EXACT_MD5,7c02ab7114ada32c3551681343c82ded,2,TrashNet_Raw; TrashNet_Processed_Train,TrashNet_Raw::metal; TrashNet_Processed_Train::metal,data\raw\TrashNet\metal\metal396.jpg; data\processed\train\metal\metal396.jpg
EXACT_MD5,2f357dbb8456a6e6766728337ae5b6ea,2,TrashNet_Raw; TrashNet_Processed_Train,TrashNet_Raw::metal; TrashNet_Processed_Train::metal,data\raw\TrashNet\metal\metal397.jpg; data\processed\train\metal\metal397.jpg
EXACT_MD5,7c8a3ce342d09a20151d452988b02c0e,2,TrashNet_Raw; TrashNet_Processed_Val,TrashNet_Processed_Val::metal; TrashNet_Raw::metal,data\raw\TrashNet\metal\metal398.jpg; data\processed\val\metal\metal398.jpg
EXACT_MD5,6e821c8c8050a8d510e0a6fe94922fab,2,TrashNet_Raw; TrashNet_Processed_Train,TrashNet_Raw::metal; TrashNet_Processed_Train::metal,data\raw\TrashNet\metal\metal399.jpg; data\processed\train\metal\metal399.jpg
EXACT_MD5,c6c084ee554d5049f5ab08a16a92ac68,2,TrashNet_Raw; TrashNet_Processed_Train,TrashNet_Raw::metal; TrashNet_Processed_Train::metal,data\raw\TrashNet\metal\metal4.jpg; data\processed\train\metal\metal4.jpg
EXACT_MD5,c83844d4f7f420abf49143b843583abb,2,TrashNet_Raw; TrashNet_Processed_Val,TrashNet_Processed_Val::metal; TrashNet_Raw::metal,data\raw\TrashNet\metal\metal40.jpg; data\processed\val\metal\metal40.jpg
EXACT_MD5,dc62a41768c3399735f1b576218bfd1e,2,TrashNet_Raw; TrashNet_Processed_Train,TrashNet_Raw::metal; TrashNet_Processed_Train::metal,data\raw\TrashNet\metal\metal400.jpg; data\processed\train\metal\metal400.jpg
EXACT_MD5,6def04c0d882fef0198e55dc69894815,2,TrashNet_Raw; TrashNet_Processed_Train,TrashNet_Raw::metal; TrashNet_Processed_Train::metal,data\raw\TrashNet\metal\metal401.jpg; data\processed\train\metal\metal401.jpg
EXACT_MD5,081c22c7496a35fa9d65bb72530faf34,2,TrashNet_Raw; TrashNet_Processed_Train,TrashNet_Raw::metal; TrashNet_Processed_Train::metal,data\raw\TrashNet\metal\metal402.jpg; data\processed\train\metal\metal402.jpg
EXACT_MD5,81489b0b945c37c91f1ae6d804e34db9,2,TrashNet_Raw; TrashNet_Processed_Test,TrashNet_Raw::metal; TrashNet_Processed_Test::metal,data\raw\TrashNet\metal\metal403.jpg; data\processed\test\metal\metal403.jpg
EXACT_MD5,9617408b5db0393b7a70397c812521d1,2,TrashNet_Raw; TrashNet_Processed_Val,TrashNet_Processed_Val::metal; TrashNet_Raw::metal,data\raw\TrashNet\metal\metal404.jpg; data\processed\val\metal\metal404.jpg
EXACT_MD5,359c70c1aca63d96bdd3be00c7f19346,2,TrashNet_Raw; TrashNet_Processed_Train,TrashNet_Raw::metal; TrashNet_Processed_Train::metal,data\raw\TrashNet\metal\metal405.jpg; data\processed\train\metal\metal405.jpg
EXACT_MD5,6d814e142dec6f9e980a74bcb9b2845d,2,TrashNet_Raw; TrashNet_Processed_Train,TrashNet_Raw::metal; TrashNet_Processed_Train::metal,data\raw\TrashNet\metal\metal406.jpg; data\processed\train\metal\metal406.jpg
EXACT_MD5,d8f321a61fef94cd0a1d207e360bcf18,2,TrashNet_Raw; TrashNet_Processed_Train,TrashNet_Raw::metal; TrashNet_Processed_Train::metal,data\raw\TrashNet\metal\metal407.jpg; data\processed\train\metal\metal407.jpg
EXACT_MD5,ad61f6380bf87a01e54048d5cdb7719f,2,TrashNet_Raw; TrashNet_Processed_Train,TrashNet_Raw::metal; TrashNet_Processed_Train::metal,data\raw\TrashNet\metal\metal408.jpg; data\processed\train\metal\metal408.jpg
EXACT_MD5,886a83fae9363e227a507557fe046134,2,TrashNet_Raw; TrashNet_Processed_Train,TrashNet_Raw::metal; TrashNet_Processed_Train::metal,data\raw\TrashNet\metal\metal409.jpg; data\processed\train\metal\metal409.jpg
EXACT_MD5,aaa20086f6217153980af9178c60e392,2,TrashNet_Raw; TrashNet_Processed_Train,TrashNet_Raw::metal; TrashNet_Processed_Train::metal,data\raw\TrashNet\metal\metal41.jpg; data\processed\train\metal\metal41.jpg
EXACT_MD5,f04fa478177a39dc44dc3e7af208a9f4,2,TrashNet_Raw; TrashNet_Processed_Train,TrashNet_Raw::metal; TrashNet_Processed_Train::metal,data\raw\TrashNet\metal\metal410.jpg; data\processed\train\metal\metal410.jpg
EXACT_MD5,fd6728a9b76a947f45126313e8522e4d,2,TrashNet_Raw; TrashNet_Processed_Train,TrashNet_Raw::metal; TrashNet_Processed_Train::metal,data\raw\TrashNet\metal\metal42.jpg; data\processed\train\metal\metal42.jpg
EXACT_MD5,00a2922958ff6ffc4696f8d107648812,2,TrashNet_Raw; TrashNet_Processed_Val,TrashNet_Processed_Val::metal; TrashNet_Raw::metal,data\raw\TrashNet\metal\metal43.jpg; data\processed\val\metal\metal43.jpg
EXACT_MD5,33be0849fcee62ce3a1b19a7aa2c99e2,2,TrashNet_Raw; TrashNet_Processed_Val,TrashNet_Processed_Val::metal; TrashNet_Raw::metal,data\raw\TrashNet\metal\metal44.jpg; data\processed\val\metal\metal44.jpg
EXACT_MD5,221f4d7d3c1369bfb57ecb229ff10315,2,TrashNet_Raw; TrashNet_Processed_Val,TrashNet_Processed_Val::metal; TrashNet_Raw::metal,data\raw\TrashNet\metal\metal45.jpg; data\processed\val\metal\metal45.jpg
EXACT_MD5,b2da6be9956705e160a2b48c0d012e5e,2,TrashNet_Raw; TrashNet_Processed_Test,TrashNet_Raw::metal; TrashNet_Processed_Test::metal,data\raw\TrashNet\metal\metal46.jpg; data\processed\test\metal\metal46.jpg
EXACT_MD5,9d35239fafa4ca5d1df69ccb91e93fac,2,TrashNet_Raw; TrashNet_Processed_Train,TrashNet_Raw::metal; TrashNet_Processed_Train::metal,data\raw\TrashNet\metal\metal47.jpg; data\processed\train\metal\metal47.jpg
EXACT_MD5,f7e2bbcd6d632451e398a445b8718d40,2,TrashNet_Raw; TrashNet_Processed_Val,TrashNet_Processed_Val::metal; TrashNet_Raw::metal,data\raw\TrashNet\metal\metal48.jpg; data\processed\val\metal\metal48.jpg
EXACT_MD5,8d994fa0d392fa09562c44cdd3ffe149,2,TrashNet_Raw; TrashNet_Processed_Train,TrashNet_Raw::metal; TrashNet_Processed_Train::metal,data\raw\TrashNet\metal\metal49.jpg; data\processed\train\metal\metal49.jpg
EXACT_MD5,28c64e423db8821deea8d51dc83c0d30,2,TrashNet_Raw; TrashNet_Processed_Train,TrashNet_Raw::metal; TrashNet_Processed_Train::metal,data\raw\TrashNet\metal\metal5.jpg; data\processed\train\metal\metal5.jpg
EXACT_MD5,bcf908fd52beaa79d3142987ed6aecae,2,TrashNet_Raw; TrashNet_Processed_Train,TrashNet_Raw::metal; TrashNet_Processed_Train::metal,data\raw\TrashNet\metal\metal50.jpg; data\processed\train\metal\metal50.jpg
EXACT_MD5,b51d6ec7828e6fc8397a42641faaf9e2,2,TrashNet_Raw; TrashNet_Processed_Test,TrashNet_Raw::metal; TrashNet_Processed_Test::metal,data\raw\TrashNet\metal\metal51.jpg; data\processed\test\metal\metal51.jpg
EXACT_MD5,3c87797b9b7730288f1241a61ea94576,2,TrashNet_Raw; TrashNet_Processed_Train,TrashNet_Raw::metal; TrashNet_Processed_Train::metal,data\raw\TrashNet\metal\metal52.jpg; data\processed\train\metal\metal52.jpg
EXACT_MD5,bd2c94fcab1fc1f8f85ced251f1294b2,2,TrashNet_Raw; TrashNet_Processed_Val,TrashNet_Processed_Val::metal; TrashNet_Raw::metal,data\raw\TrashNet\metal\metal53.jpg; data\processed\val\metal\metal53.jpg
EXACT_MD5,aa4b989944bd3bb2e8af415e6a59e149,2,TrashNet_Raw; TrashNet_Processed_Train,TrashNet_Raw::metal; TrashNet_Processed_Train::metal,data\raw\TrashNet\metal\metal54.jpg; data\processed\train\metal\metal54.jpg
EXACT_MD5,4362ae683113d78bbec5912d194f34a8,2,TrashNet_Raw; TrashNet_Processed_Train,TrashNet_Raw::metal; TrashNet_Processed_Train::metal,data\raw\TrashNet\metal\metal55.jpg; data\processed\train\metal\metal55.jpg
EXACT_MD5,7fd11a7c7ef13e4b511a9d35afe7f04c,2,TrashNet_Raw; TrashNet_Processed_Val,TrashNet_Processed_Val::metal; TrashNet_Raw::metal,data\raw\TrashNet\metal\metal56.jpg; data\processed\val\metal\metal56.jpg
EXACT_MD5,376d6f5a13457127bf72dc8666327d56,2,TrashNet_Raw; TrashNet_Processed_Train,TrashNet_Raw::metal; TrashNet_Processed_Train::metal,data\raw\TrashNet\metal\metal57.jpg; data\processed\train\metal\metal57.jpg
EXACT_MD5,5b14cd811d4109c589d2c27ac37d4352,2,TrashNet_Raw; TrashNet_Processed_Val,TrashNet_Processed_Val::metal; TrashNet_Raw::metal,data\raw\TrashNet\metal\metal58.jpg; data\processed\val\metal\metal58.jpg
EXACT_MD5,0bc7f1ea8305fd783051d25e46599d2f,2,TrashNet_Raw; TrashNet_Processed_Val,TrashNet_Processed_Val::metal; TrashNet_Raw::metal,data\raw\TrashNet\metal\metal59.jpg; data\processed\val\metal\metal59.jpg
EXACT_MD5,940d0da19d7e029cebd0b49489967d8b,2,TrashNet_Raw; TrashNet_Processed_Train,TrashNet_Raw::metal; TrashNet_Processed_Train::metal,data\raw\TrashNet\metal\metal6.jpg; data\processed\train\metal\metal6.jpg
EXACT_MD5,bf001c0d088af70e9f1c2a16f8f041d6,2,TrashNet_Raw; TrashNet_Processed_Train,TrashNet_Raw::metal; TrashNet_Processed_Train::metal,data\raw\TrashNet\metal\metal60.jpg; data\processed\train\metal\metal60.jpg
EXACT_MD5,b9fd50ee742aa750334ecaddf4aef2c8,2,TrashNet_Raw; TrashNet_Processed_Val,TrashNet_Processed_Val::metal; TrashNet_Raw::metal,data\raw\TrashNet\metal\metal61.jpg; data\processed\val\metal\metal61.jpg
EXACT_MD5,e0783ea27fb706787c6a12331b08d5bb,2,TrashNet_Raw; TrashNet_Processed_Train,TrashNet_Raw::metal; TrashNet_Processed_Train::metal,data\raw\TrashNet\metal\metal62.jpg; data\processed\train\metal\metal62.jpg
EXACT_MD5,906c5f63b66e9c638331270dc81530a0,2,TrashNet_Raw; TrashNet_Processed_Train,TrashNet_Raw::metal; TrashNet_Processed_Train::metal,data\raw\TrashNet\metal\metal63.jpg; data\processed\train\metal\metal63.jpg
EXACT_MD5,b3571e4617004a34ee41f0f985c0c077,2,TrashNet_Raw; TrashNet_Processed_Train,TrashNet_Raw::metal; TrashNet_Processed_Train::metal,data\raw\TrashNet\metal\metal64.jpg; data\processed\train\metal\metal64.jpg
EXACT_MD5,e256c40dda1d00e874ae9873bd91a094,2,TrashNet_Raw; TrashNet_Processed_Train,TrashNet_Raw::metal; TrashNet_Processed_Train::metal,data\raw\TrashNet\metal\metal65.jpg; data\processed\train\metal\metal65.jpg
EXACT_MD5,bccb5c5d3f2517341e4e4cc98cee7047,2,TrashNet_Raw; TrashNet_Processed_Train,TrashNet_Raw::metal; TrashNet_Processed_Train::metal,data\raw\TrashNet\metal\metal66.jpg; data\processed\train\metal\metal66.jpg
EXACT_MD5,8febf933f612f6389a4c98083a0f429d,2,TrashNet_Raw; TrashNet_Processed_Train,TrashNet_Raw::metal; TrashNet_Processed_Train::metal,data\raw\TrashNet\metal\metal67.jpg; data\processed\train\metal\metal67.jpg
EXACT_MD5,99253eb1ce8180ac104118687000fa42,2,TrashNet_Raw; TrashNet_Processed_Train,TrashNet_Raw::metal; TrashNet_Processed_Train::metal,data\raw\TrashNet\metal\metal68.jpg; data\processed\train\metal\metal68.jpg
EXACT_MD5,80aa9d1b5aaa4f19b8d7438e002c0b79,2,TrashNet_Raw; TrashNet_Processed_Train,TrashNet_Raw::metal; TrashNet_Processed_Train::metal,data\raw\TrashNet\metal\metal69.jpg; data\processed\train\metal\metal69.jpg
EXACT_MD5,d38bdb99fd9ae6302321e72366525702,2,TrashNet_Raw; TrashNet_Processed_Val,TrashNet_Processed_Val::metal; TrashNet_Raw::metal,data\raw\TrashNet\metal\metal7.jpg; data\processed\val\metal\metal7.jpg
EXACT_MD5,d3aacae8d205e3908f043d90e2f61b2b,2,TrashNet_Raw; TrashNet_Processed_Train,TrashNet_Raw::metal; TrashNet_Processed_Train::metal,data\raw\TrashNet\metal\metal70.jpg; data\processed\train\metal\metal70.jpg
EXACT_MD5,93a119d0416ad03b22fba40670b65a4b,2,TrashNet_Raw; TrashNet_Processed_Val,TrashNet_Processed_Val::metal; TrashNet_Raw::metal,data\raw\TrashNet\metal\metal71.jpg; data\processed\val\metal\metal71.jpg
EXACT_MD5,8baca245fbf008fcb540c23bb8c11da8,2,TrashNet_Raw; TrashNet_Processed_Train,TrashNet_Raw::metal; TrashNet_Processed_Train::metal,data\raw\TrashNet\metal\metal72.jpg; data\processed\train\metal\metal72.jpg
EXACT_MD5,8818bf709b6328f54f10800f537bbed8,2,TrashNet_Raw; TrashNet_Processed_Train,TrashNet_Raw::metal; TrashNet_Processed_Train::metal,data\raw\TrashNet\metal\metal73.jpg; data\processed\train\metal\metal73.jpg
EXACT_MD5,76b52fd9d036c3e70fe282305ca1f906,2,TrashNet_Raw; TrashNet_Processed_Val,TrashNet_Processed_Val::metal; TrashNet_Raw::metal,data\raw\TrashNet\metal\metal74.jpg; data\processed\val\metal\metal74.jpg
EXACT_MD5,643e14cb7341a23b79e4078f6d4940ef,2,TrashNet_Raw; TrashNet_Processed_Train,TrashNet_Raw::metal; TrashNet_Processed_Train::metal,data\raw\TrashNet\metal\metal75.jpg; data\processed\train\metal\metal75.jpg
EXACT_MD5,17b24ebc095de565f0478273569d3519,2,TrashNet_Raw; TrashNet_Processed_Train,TrashNet_Raw::metal; TrashNet_Processed_Train::metal,data\raw\TrashNet\metal\metal76.jpg; data\processed\train\metal\metal76.jpg
EXACT_MD5,321422ff370aeb0a98626af34c523171,2,TrashNet_Raw; TrashNet_Processed_Test,TrashNet_Raw::metal; TrashNet_Processed_Test::metal,data\raw\TrashNet\metal\metal77.jpg; data\processed\test\metal\metal77.jpg
EXACT_MD5,efaac6fb2e3612a5d786a267edb6bd21,2,TrashNet_Raw; TrashNet_Processed_Train,TrashNet_Raw::metal; TrashNet_Processed_Train::metal,data\raw\TrashNet\metal\metal78.jpg; data\processed\train\metal\metal78.jpg
EXACT_MD5,e2905473e08b742230f974d71795fc52,2,TrashNet_Raw; TrashNet_Processed_Train,TrashNet_Raw::metal; TrashNet_Processed_Train::metal,data\raw\TrashNet\metal\metal79.jpg; data\processed\train\metal\metal79.jpg
EXACT_MD5,99cc210d76cfcf11720e9b9c01c5652c,2,TrashNet_Raw; TrashNet_Processed_Train,TrashNet_Raw::metal; TrashNet_Processed_Train::metal,data\raw\TrashNet\metal\metal8.jpg; data\processed\train\metal\metal8.jpg
EXACT_MD5,8df829fe1e0e96165f80f6145392a143,2,TrashNet_Raw; TrashNet_Processed_Val,TrashNet_Processed_Val::metal; TrashNet_Raw::metal,data\raw\TrashNet\metal\metal80.jpg; data\processed\val\metal\metal80.jpg
EXACT_MD5,92be66970def2b4ed7b2fb1a0d51a367,2,TrashNet_Raw; TrashNet_Processed_Train,TrashNet_Raw::metal; TrashNet_Processed_Train::metal,data\raw\TrashNet\metal\metal81.jpg; data\processed\train\metal\metal81.jpg
EXACT_MD5,fff04d06796cb2a08501c841abce1512,2,TrashNet_Raw; TrashNet_Processed_Train,TrashNet_Raw::metal; TrashNet_Processed_Train::metal,data\raw\TrashNet\metal\metal82.jpg; data\processed\train\metal\metal82.jpg
EXACT_MD5,db9253260903de25be3eb797eb76bca2,2,TrashNet_Raw; TrashNet_Processed_Train,TrashNet_Raw::metal; TrashNet_Processed_Train::metal,data\raw\TrashNet\metal\metal83.jpg; data\processed\train\metal\metal83.jpg
EXACT_MD5,d652352d871f5dc847d76be85fbbdb8e,2,TrashNet_Raw; TrashNet_Processed_Train,TrashNet_Raw::metal; TrashNet_Processed_Train::metal,data\raw\TrashNet\metal\metal84.jpg; data\processed\train\metal\metal84.jpg
EXACT_MD5,faa479e487a9e44d0544467a9542a286,2,TrashNet_Raw; TrashNet_Processed_Train,TrashNet_Raw::metal; TrashNet_Processed_Train::metal,data\raw\TrashNet\metal\metal85.jpg; data\processed\train\metal\metal85.jpg
EXACT_MD5,3f8ae37ea226adc4576739ef876da776,2,TrashNet_Raw; TrashNet_Processed_Train,TrashNet_Raw::metal; TrashNet_Processed_Train::metal,data\raw\TrashNet\metal\metal86.jpg; data\processed\train\metal\metal86.jpg
EXACT_MD5,73204f142d61846e0affb8cb5238431d,2,TrashNet_Raw; TrashNet_Processed_Train,TrashNet_Raw::metal; TrashNet_Processed_Train::metal,data\raw\TrashNet\metal\metal87.jpg; data\processed\train\metal\metal87.jpg
EXACT_MD5,e1b9a197cc2e221594554b565e5d5b6c,2,TrashNet_Raw; TrashNet_Processed_Val,TrashNet_Processed_Val::metal; TrashNet_Raw::metal,data\raw\TrashNet\metal\metal88.jpg; data\processed\val\metal\metal88.jpg
EXACT_MD5,7048eb15728e4cfa6bde371062e35426,2,TrashNet_Raw; TrashNet_Processed_Train,TrashNet_Raw::metal; TrashNet_Processed_Train::metal,data\raw\TrashNet\metal\metal89.jpg; data\processed\train\metal\metal89.jpg
EXACT_MD5,7fd43fab76fec9e3c3bda072305d9561,2,TrashNet_Raw; TrashNet_Processed_Train,TrashNet_Raw::metal; TrashNet_Processed_Train::metal,data\raw\TrashNet\metal\metal9.jpg; data\processed\train\metal\metal9.jpg
EXACT_MD5,1600ecd1362766a14a98bad5c168a8b8,2,TrashNet_Raw; TrashNet_Processed_Train,TrashNet_Raw::metal; TrashNet_Processed_Train::metal,data\raw\TrashNet\metal\metal90.jpg; data\processed\train\metal\metal90.jpg
EXACT_MD5,8f00be687e87756e56bf3d50a84b17e2,2,TrashNet_Raw; TrashNet_Processed_Train,TrashNet_Raw::metal; TrashNet_Processed_Train::metal,data\raw\TrashNet\metal\metal92.jpg; data\processed\train\metal\metal92.jpg
EXACT_MD5,04fcf289b6b59cad89f9348cd29d76fd,2,TrashNet_Raw; TrashNet_Processed_Test,TrashNet_Raw::metal; TrashNet_Processed_Test::metal,data\raw\TrashNet\metal\metal93.jpg; data\processed\test\metal\metal93.jpg
EXACT_MD5,378afd0fe79957402eca1d99c5b5476d,2,TrashNet_Raw; TrashNet_Processed_Train,TrashNet_Raw::metal; TrashNet_Processed_Train::metal,data\raw\TrashNet\metal\metal94.jpg; data\processed\train\metal\metal94.jpg
EXACT_MD5,573aafcdcda66fff30a497b58df03f0d,2,TrashNet_Raw; TrashNet_Processed_Train,TrashNet_Raw::metal; TrashNet_Processed_Train::metal,data\raw\TrashNet\metal\metal95.jpg; data\processed\train\metal\metal95.jpg
EXACT_MD5,150cb43138fd89cc8cdcb229ddf62125,2,TrashNet_Raw; TrashNet_Processed_Train,TrashNet_Raw::metal; TrashNet_Processed_Train::metal,data\raw\TrashNet\metal\metal96.jpg; data\processed\train\metal\metal96.jpg
EXACT_MD5,23e96b896a6d43b5606b3f7f60ce581c,2,TrashNet_Raw; TrashNet_Processed_Val,TrashNet_Processed_Val::metal; TrashNet_Raw::metal,data\raw\TrashNet\metal\metal97.jpg; data\processed\val\metal\metal97.jpg
EXACT_MD5,27bbdd3aab40c08211d7c9be8aede0a9,2,TrashNet_Raw; TrashNet_Processed_Val,TrashNet_Processed_Val::metal; TrashNet_Raw::metal,data\raw\TrashNet\metal\metal98.jpg; data\processed\val\metal\metal98.jpg
EXACT_MD5,ffb2d6a118d2bffc55e0cbcc114b6f4b,2,TrashNet_Raw; TrashNet_Processed_Train,TrashNet_Raw::metal; TrashNet_Processed_Train::metal,data\raw\TrashNet\metal\metal99.jpg; data\processed\train\metal\metal99.jpg
EXACT_MD5,9df4df47ae2e0cf776c8492cccd1463a,2,TrashNet_Raw; TrashNet_Processed_Train,TrashNet_Raw::paper; TrashNet_Processed_Train::paper,data\raw\TrashNet\paper\paper1.jpg; data\processed\train\paper\paper1.jpg
EXACT_MD5,1aa4d73afa34526f2cfad4e45f788dbf,2,TrashNet_Raw; TrashNet_Processed_Train,TrashNet_Raw::paper; TrashNet_Processed_Train::paper,data\raw\TrashNet\paper\paper10.jpg; data\processed\train\paper\paper10.jpg
EXACT_MD5,3c7f0f12a0eee6e7595bfea6570e1d25,2,TrashNet_Raw; TrashNet_Processed_Test,TrashNet_Raw::paper; TrashNet_Processed_Test::paper,data\raw\TrashNet\paper\paper100.jpg; data\processed\test\paper\paper100.jpg
EXACT_MD5,d9cf66d0787c47372828f6de6cdf110d,2,TrashNet_Raw; TrashNet_Processed_Train,TrashNet_Raw::paper; TrashNet_Processed_Train::paper,data\raw\TrashNet\paper\paper101.jpg; data\processed\train\paper\paper101.jpg
EXACT_MD5,a32063baf1a29438bf8d1bce11d1b175,2,TrashNet_Raw; TrashNet_Processed_Train,TrashNet_Raw::paper; TrashNet_Processed_Train::paper,data\raw\TrashNet\paper\paper102.jpg; data\processed\train\paper\paper102.jpg
EXACT_MD5,448c388b3edb43f5b2c8de815c69ff46,2,TrashNet_Raw; TrashNet_Processed_Train,TrashNet_Raw::paper; TrashNet_Processed_Train::paper,data\raw\TrashNet\paper\paper103.jpg; data\processed\train\paper\paper103.jpg
EXACT_MD5,ae2eca5035ef002b3d67d84ae04faba3,2,TrashNet_Raw; TrashNet_Processed_Train,TrashNet_Raw::paper; TrashNet_Processed_Train::paper,data\raw\TrashNet\paper\paper104.jpg; data\processed\train\paper\paper104.jpg
EXACT_MD5,d796f8fa138dff9d81c25ef9293005a5,2,TrashNet_Raw; TrashNet_Processed_Train,TrashNet_Raw::paper; TrashNet_Processed_Train::paper,data\raw\TrashNet\paper\paper105.jpg; data\processed\train\paper\paper105.jpg
EXACT_MD5,d1b708df12318aee39e5ea92857fe34e,2,TrashNet_Raw; TrashNet_Processed_Test,TrashNet_Raw::paper; TrashNet_Processed_Test::paper,data\raw\TrashNet\paper\paper106.jpg; data\processed\test\paper\paper106.jpg
EXACT_MD5,e9efa7accafd25c0beeda540a9fee9d6,2,TrashNet_Raw; TrashNet_Processed_Train,TrashNet_Raw::paper; TrashNet_Processed_Train::paper,data\raw\TrashNet\paper\paper107.jpg; data\processed\train\paper\paper107.jpg
EXACT_MD5,3320f1637b6809e88ebf8c47dc55a7ba,2,TrashNet_Raw; TrashNet_Processed_Train,TrashNet_Raw::paper; TrashNet_Processed_Train::paper,data\raw\TrashNet\paper\paper108.jpg; data\processed\train\paper\paper108.jpg
EXACT_MD5,9dec93a1085a057449cd1a11be38fa17,2,TrashNet_Raw; TrashNet_Processed_Train,TrashNet_Raw::paper; TrashNet_Processed_Train::paper,data\raw\TrashNet\paper\paper109.jpg; data\processed\train\paper\paper109.jpg
EXACT_MD5,2c79ecc44489d993b3f80ac8c3973c85,2,TrashNet_Raw; TrashNet_Processed_Train,TrashNet_Raw::paper; TrashNet_Processed_Train::paper,data\raw\TrashNet\paper\paper11.jpg; data\processed\train\paper\paper11.jpg
EXACT_MD5,5bd40f952a2c2a20f9783c605d5d3e87,2,TrashNet_Raw; TrashNet_Processed_Train,TrashNet_Raw::paper; TrashNet_Processed_Train::paper,data\raw\TrashNet\paper\paper110.jpg; data\processed\train\paper\paper110.jpg
EXACT_MD5,7fe1cc6e76ca15bbb3217fae4e28f140,2,TrashNet_Raw; TrashNet_Processed_Test,TrashNet_Raw::paper; TrashNet_Processed_Test::paper,data\raw\TrashNet\paper\paper111.jpg; data\processed\test\paper\paper111.jpg
EXACT_MD5,c9e18e967edbcac456e7ae15be3db457,2,TrashNet_Raw; TrashNet_Processed_Test,TrashNet_Raw::paper; TrashNet_Processed_Test::paper,data\raw\TrashNet\paper\paper112.jpg; data\processed\test\paper\paper112.jpg
EXACT_MD5,263c58e100784a103ccce03e678b10fe,2,TrashNet_Raw; TrashNet_Processed_Train,TrashNet_Raw::paper; TrashNet_Processed_Train::paper,data\raw\TrashNet\paper\paper113.jpg; data\processed\train\paper\paper113.jpg
EXACT_MD5,073a489ae5c9f6e420abd8dea19eca6a,2,TrashNet_Raw; TrashNet_Processed_Train,TrashNet_Raw::paper; TrashNet_Processed_Train::paper,data\raw\TrashNet\paper\paper114.jpg; data\processed\train\paper\paper114.jpg
EXACT_MD5,b2cda1061379ad3ec6d5c7568597617c,2,TrashNet_Raw; TrashNet_Processed_Train,TrashNet_Raw::paper; TrashNet_Processed_Train::paper,data\raw\TrashNet\paper\paper115.jpg; data\processed\train\paper\paper115.jpg
EXACT_MD5,28c79154e25668f5b1922a550895ad0f,2,TrashNet_Raw; TrashNet_Processed_Train,TrashNet_Raw::paper; TrashNet_Processed_Train::paper,data\raw\TrashNet\paper\paper116.jpg; data\processed\train\paper\paper116.jpg
EXACT_MD5,ae1341a193bb3694cfd1138926e205f9,2,TrashNet_Raw; TrashNet_Processed_Train,TrashNet_Raw::paper; TrashNet_Processed_Train::paper,data\raw\TrashNet\paper\paper117.jpg; data\processed\train\paper\paper117.jpg
EXACT_MD5,7acd2c6d7100cf47faf0082644dbf1dc,2,TrashNet_Raw; TrashNet_Processed_Test,TrashNet_Raw::paper; TrashNet_Processed_Test::paper,data\raw\TrashNet\paper\paper118.jpg; data\processed\test\paper\paper118.jpg
EXACT_MD5,f73667129a0f603c2e00e5d7333599a4,2,TrashNet_Raw; TrashNet_Processed_Val,TrashNet_Raw::paper; TrashNet_Processed_Val::paper,data\raw\TrashNet\paper\paper119.jpg; data\processed\val\paper\paper119.jpg
EXACT_MD5,13891f28fbdf7b75a227e1d30063e020,2,TrashNet_Raw; TrashNet_Processed_Train,TrashNet_Raw::paper; TrashNet_Processed_Train::paper,data\raw\TrashNet\paper\paper12.jpg; data\processed\train\paper\paper12.jpg
EXACT_MD5,b2d2fa49955ad72db96de5efbcad6cf3,2,TrashNet_Raw; TrashNet_Processed_Train,TrashNet_Raw::paper; TrashNet_Processed_Train::paper,data\raw\TrashNet\paper\paper120.jpg; data\processed\train\paper\paper120.jpg
EXACT_MD5,47ef605f253242168daa9de240f47b31,2,TrashNet_Raw; TrashNet_Processed_Test,TrashNet_Raw::paper; TrashNet_Processed_Test::paper,data\raw\TrashNet\paper\paper121.jpg; data\processed\test\paper\paper121.jpg
EXACT_MD5,158941cf13b146ba9c015f913d24d037,2,TrashNet_Raw; TrashNet_Processed_Test,TrashNet_Raw::paper; TrashNet_Processed_Test::paper,data\raw\TrashNet\paper\paper122.jpg; data\processed\test\paper\paper122.jpg
EXACT_MD5,a0919016d956de7a148be3025cf1aaed,2,TrashNet_Raw; TrashNet_Processed_Train,TrashNet_Raw::paper; TrashNet_Processed_Train::paper,data\raw\TrashNet\paper\paper123.jpg; data\processed\train\paper\paper123.jpg
EXACT_MD5,9aeb11d3b240753a1474d4aa9b89a88b,2,TrashNet_Raw; TrashNet_Processed_Train,TrashNet_Raw::paper; TrashNet_Processed_Train::paper,data\raw\TrashNet\paper\paper124.jpg; data\processed\train\paper\paper124.jpg
EXACT_MD5,fa08b4b50f567f17915e9557ffbc0122,2,TrashNet_Raw; TrashNet_Processed_Train,TrashNet_Raw::paper; TrashNet_Processed_Train::paper,data\raw\TrashNet\paper\paper125.jpg; data\processed\train\paper\paper125.jpg
EXACT_MD5,f85e065ab6b5baa62926c7019559a4b7,2,TrashNet_Raw; TrashNet_Processed_Train,TrashNet_Raw::paper; TrashNet_Processed_Train::paper,data\raw\TrashNet\paper\paper126.jpg; data\processed\train\paper\paper126.jpg
EXACT_MD5,dd7b2b612e41ab8c2b8b81b68775ff6f,2,TrashNet_Raw; TrashNet_Processed_Val,TrashNet_Raw::paper; TrashNet_Processed_Val::paper,data\raw\TrashNet\paper\paper127.jpg; data\processed\val\paper\paper127.jpg
EXACT_MD5,03d014bde77bd4cf7f286698c1d65979,2,TrashNet_Raw; TrashNet_Processed_Val,TrashNet_Raw::paper; TrashNet_Processed_Val::paper,data\raw\TrashNet\paper\paper128.jpg; data\processed\val\paper\paper128.jpg
EXACT_MD5,b6959d24be1ccfd6c775a398663a735f,2,TrashNet_Raw; TrashNet_Processed_Test,TrashNet_Raw::paper; TrashNet_Processed_Test::paper,data\raw\TrashNet\paper\paper129.jpg; data\processed\test\paper\paper129.jpg
EXACT_MD5,37643135c0eaf5d3cc48355243cb6770,2,TrashNet_Raw; TrashNet_Processed_Train,TrashNet_Raw::paper; TrashNet_Processed_Train::paper,data\raw\TrashNet\paper\paper13.jpg; data\processed\train\paper\paper13.jpg
EXACT_MD5,d30d7219f02f78644ab0f706b5eb91f9,2,TrashNet_Raw; TrashNet_Processed_Train,TrashNet_Raw::paper; TrashNet_Processed_Train::paper,data\raw\TrashNet\paper\paper130.jpg; data\processed\train\paper\paper130.jpg
EXACT_MD5,409e9a44bdac36057116030ec3b73771,2,TrashNet_Raw; TrashNet_Processed_Train,TrashNet_Raw::paper; TrashNet_Processed_Train::paper,data\raw\TrashNet\paper\paper131.jpg; data\processed\train\paper\paper131.jpg
EXACT_MD5,544b75952f51049fe87564aed2f11655,2,TrashNet_Raw; TrashNet_Processed_Val,TrashNet_Raw::paper; TrashNet_Processed_Val::paper,data\raw\TrashNet\paper\paper132.jpg; data\processed\val\paper\paper132.jpg
EXACT_MD5,34311b2ee8de4a5801898cf97446bea6,2,TrashNet_Raw; TrashNet_Processed_Test,TrashNet_Raw::paper; TrashNet_Processed_Test::paper,data\raw\TrashNet\paper\paper133.jpg; data\processed\test\paper\paper133.jpg
EXACT_MD5,d7885ea53de7068d16bf168c71317611,2,TrashNet_Raw; TrashNet_Processed_Train,TrashNet_Raw::paper; TrashNet_Processed_Train::paper,data\raw\TrashNet\paper\paper134.jpg; data\processed\train\paper\paper134.jpg
EXACT_MD5,ebd58023543fa75a8b78049dea02153e,2,TrashNet_Raw; TrashNet_Processed_Train,TrashNet_Raw::paper; TrashNet_Processed_Train::paper,data\raw\TrashNet\paper\paper135.jpg; data\processed\train\paper\paper135.jpg
EXACT_MD5,7e2e5fd9795e64d06d0fe62e46b6944e,2,TrashNet_Raw; TrashNet_Processed_Val,TrashNet_Raw::paper; TrashNet_Processed_Val::paper,data\raw\TrashNet\paper\paper136.jpg; data\processed\val\paper\paper136.jpg
EXACT_MD5,1844592bc1860750bf135b46063adec4,2,TrashNet_Raw; TrashNet_Processed_Train,TrashNet_Raw::paper; TrashNet_Processed_Train::paper,data\raw\TrashNet\paper\paper137.jpg; data\processed\train\paper\paper137.jpg
EXACT_MD5,f88cec38a677c8eafb2f18d615045a0b,2,TrashNet_Raw; TrashNet_Processed_Train,TrashNet_Raw::paper; TrashNet_Processed_Train::paper,data\raw\TrashNet\paper\paper138.jpg; data\processed\train\paper\paper138.jpg
EXACT_MD5,defa7f5f9064b1ceb118d624074900ee,2,TrashNet_Raw; TrashNet_Processed_Train,TrashNet_Raw::paper; TrashNet_Processed_Train::paper,data\raw\TrashNet\paper\paper139.jpg; data\processed\train\paper\paper139.jpg
EXACT_MD5,b95435a48f6e800caaa1a813f1214a1e,2,TrashNet_Raw; TrashNet_Processed_Train,TrashNet_Raw::paper; TrashNet_Processed_Train::paper,data\raw\TrashNet\paper\paper14.jpg; data\processed\train\paper\paper14.jpg
EXACT_MD5,925de594b1b1f5bed898864209003341,2,TrashNet_Raw; TrashNet_Processed_Test,TrashNet_Raw::paper; TrashNet_Processed_Test::paper,data\raw\TrashNet\paper\paper140.jpg; data\processed\test\paper\paper140.jpg
EXACT_MD5,42879046d38119f0d2cfeef423b43cea,2,TrashNet_Raw; TrashNet_Processed_Train,TrashNet_Raw::paper; TrashNet_Processed_Train::paper,data\raw\TrashNet\paper\paper141.jpg; data\processed\train\paper\paper141.jpg
EXACT_MD5,f84a7d2777dca91608a430a52dfc0741,2,TrashNet_Raw; TrashNet_Processed_Val,TrashNet_Raw::paper; TrashNet_Processed_Val::paper,data\raw\TrashNet\paper\paper142.jpg; data\processed\val\paper\paper142.jpg
EXACT_MD5,c03204a6e31593ba9f09580ac85be8d2,2,TrashNet_Raw; TrashNet_Processed_Train,TrashNet_Raw::paper; TrashNet_Processed_Train::paper,data\raw\TrashNet\paper\paper143.jpg; data\processed\train\paper\paper143.jpg
EXACT_MD5,b3d696930cef33796175fe6db42772cb,2,TrashNet_Raw; TrashNet_Processed_Val,TrashNet_Raw::paper; TrashNet_Processed_Val::paper,data\raw\TrashNet\paper\paper144.jpg; data\processed\val\paper\paper144.jpg
EXACT_MD5,9f137fa99767e44769d90a7e321cc596,2,TrashNet_Raw; TrashNet_Processed_Test,TrashNet_Raw::paper; TrashNet_Processed_Test::paper,data\raw\TrashNet\paper\paper145.jpg; data\processed\test\paper\paper145.jpg
EXACT_MD5,830396faf9ef9bf6398a1e7ff3f1c854,2,TrashNet_Raw; TrashNet_Processed_Train,TrashNet_Raw::paper; TrashNet_Processed_Train::paper,data\raw\TrashNet\paper\paper146.jpg; data\processed\train\paper\paper146.jpg
EXACT_MD5,44d8436e61d313961b5e719fca8d92e6,2,TrashNet_Raw; TrashNet_Processed_Train,TrashNet_Raw::paper; TrashNet_Processed_Train::paper,data\raw\TrashNet\paper\paper147.jpg; data\processed\train\paper\paper147.jpg
EXACT_MD5,d54cd4c6b0e5b8784bc163eb65f95506,2,TrashNet_Raw; TrashNet_Processed_Train,TrashNet_Raw::paper; TrashNet_Processed_Train::paper,data\raw\TrashNet\paper\paper148.jpg; data\processed\train\paper\paper148.jpg
EXACT_MD5,f52bc9acfc26197ea06c2a3641ab318a,2,TrashNet_Raw; TrashNet_Processed_Val,TrashNet_Raw::paper; TrashNet_Processed_Val::paper,data\raw\TrashNet\paper\paper149.jpg; data\processed\val\paper\paper149.jpg
EXACT_MD5,3d0ecf091b3ac6821c6114830b7e8d37,2,TrashNet_Raw; TrashNet_Processed_Train,TrashNet_Raw::paper; TrashNet_Processed_Train::paper,data\raw\TrashNet\paper\paper15.jpg; data\processed\train\paper\paper15.jpg
EXACT_MD5,64780fac0ec7f679a2d15bc4e94dabdd,2,TrashNet_Raw; TrashNet_Processed_Train,TrashNet_Raw::paper; TrashNet_Processed_Train::paper,data\raw\TrashNet\paper\paper150.jpg; data\processed\train\paper\paper150.jpg
EXACT_MD5,75fe1649827550de2766e9985955f06b,2,TrashNet_Raw; TrashNet_Processed_Val,TrashNet_Raw::paper; TrashNet_Processed_Val::paper,data\raw\TrashNet\paper\paper151.jpg; data\processed\val\paper\paper151.jpg
EXACT_MD5,844f8d524439bc5be7b8c10eef7e2362,2,TrashNet_Raw; TrashNet_Processed_Train,TrashNet_Raw::paper; TrashNet_Processed_Train::paper,data\raw\TrashNet\paper\paper152.jpg; data\processed\train\paper\paper152.jpg
EXACT_MD5,82b0ed1026c161770c94a9e399266f36,2,TrashNet_Raw; TrashNet_Processed_Train,TrashNet_Raw::paper; TrashNet_Processed_Train::paper,data\raw\TrashNet\paper\paper153.jpg; data\processed\train\paper\paper153.jpg
EXACT_MD5,aba599a7c3cdd6679ac3df998461e826,2,TrashNet_Raw; TrashNet_Processed_Train,TrashNet_Raw::paper; TrashNet_Processed_Train::paper,data\raw\TrashNet\paper\paper154.jpg; data\processed\train\paper\paper154.jpg
EXACT_MD5,983edc5f74173b2e29d0cf2851fc90da,2,TrashNet_Raw; TrashNet_Processed_Test,TrashNet_Raw::paper; TrashNet_Processed_Test::paper,data\raw\TrashNet\paper\paper155.jpg; data\processed\test\paper\paper155.jpg
EXACT_MD5,1a8d6fb46c6fbddbd9b11ab91ba1156b,2,TrashNet_Raw; TrashNet_Processed_Train,TrashNet_Raw::paper; TrashNet_Processed_Train::paper,data\raw\TrashNet\paper\paper156.jpg; data\processed\train\paper\paper156.jpg
EXACT_MD5,099ff10474aba66510afe26c568768a2,2,TrashNet_Raw; TrashNet_Processed_Test,TrashNet_Raw::paper; TrashNet_Processed_Test::paper,data\raw\TrashNet\paper\paper157.jpg; data\processed\test\paper\paper157.jpg
EXACT_MD5,2597425fef1374cc1c15a0fc3768bdc4,2,TrashNet_Raw; TrashNet_Processed_Train,TrashNet_Raw::paper; TrashNet_Processed_Train::paper,data\raw\TrashNet\paper\paper158.jpg; data\processed\train\paper\paper158.jpg
EXACT_MD5,c0ba36e2928073a5bc4a44efc1c8f6a8,2,TrashNet_Raw; TrashNet_Processed_Train,TrashNet_Raw::paper; TrashNet_Processed_Train::paper,data\raw\TrashNet\paper\paper159.jpg; data\processed\train\paper\paper159.jpg
EXACT_MD5,0e24992e7f8a3bf036142167407ca42d,2,TrashNet_Raw; TrashNet_Processed_Train,TrashNet_Raw::paper; TrashNet_Processed_Train::paper,data\raw\TrashNet\paper\paper16.jpg; data\processed\train\paper\paper16.jpg
EXACT_MD5,59a89471baa6d969cab85a089a84482d,2,TrashNet_Raw; TrashNet_Processed_Train,TrashNet_Raw::paper; TrashNet_Processed_Train::paper,data\raw\TrashNet\paper\paper160.jpg; data\processed\train\paper\paper160.jpg
EXACT_MD5,971355428c6c0dca9fe1fd30274cadab,2,TrashNet_Raw; TrashNet_Processed_Train,TrashNet_Raw::paper; TrashNet_Processed_Train::paper,data\raw\TrashNet\paper\paper161.jpg; data\processed\train\paper\paper161.jpg
EXACT_MD5,9e11171edb612edb5c131f4ee2ba76b7,2,TrashNet_Raw; TrashNet_Processed_Test,TrashNet_Raw::paper; TrashNet_Processed_Test::paper,data\raw\TrashNet\paper\paper162.jpg; data\processed\test\paper\paper162.jpg
EXACT_MD5,c90f6641c5138fce9e7a0e02246c3ac8,2,TrashNet_Raw; TrashNet_Processed_Train,TrashNet_Raw::paper; TrashNet_Processed_Train::paper,data\raw\TrashNet\paper\paper163.jpg; data\processed\train\paper\paper163.jpg
EXACT_MD5,66529ad4645078301a10831d0d16bbdf,2,TrashNet_Raw; TrashNet_Processed_Train,TrashNet_Raw::paper; TrashNet_Processed_Train::paper,data\raw\TrashNet\paper\paper164.jpg; data\processed\train\paper\paper164.jpg
EXACT_MD5,22df7c847a931d91f2cec0265420a11e,2,TrashNet_Raw; TrashNet_Processed_Train,TrashNet_Raw::paper; TrashNet_Processed_Train::paper,data\raw\TrashNet\paper\paper165.jpg; data\processed\train\paper\paper165.jpg
EXACT_MD5,11e0a14ad8d9718876f91b91558ea92f,2,TrashNet_Raw; TrashNet_Processed_Train,TrashNet_Raw::paper; TrashNet_Processed_Train::paper,data\raw\TrashNet\paper\paper166.jpg; data\processed\train\paper\paper166.jpg
EXACT_MD5,35f75e20bc0f31d0d4395d99c84e2366,2,TrashNet_Raw; TrashNet_Processed_Val,TrashNet_Raw::paper; TrashNet_Processed_Val::paper,data\raw\TrashNet\paper\paper167.jpg; data\processed\val\paper\paper167.jpg
EXACT_MD5,f471fa4c6ddafcec9ceaafb63d3fa13b,2,TrashNet_Raw; TrashNet_Processed_Train,TrashNet_Raw::paper; TrashNet_Processed_Train::paper,data\raw\TrashNet\paper\paper168.jpg; data\processed\train\paper\paper168.jpg
EXACT_MD5,9065510eb0775dde207c2547f1e73cdb,2,TrashNet_Raw; TrashNet_Processed_Train,TrashNet_Raw::paper; TrashNet_Processed_Train::paper,data\raw\TrashNet\paper\paper169.jpg; data\processed\train\paper\paper169.jpg
EXACT_MD5,d0f4ff95d988667797a081cc9b4c2781,2,TrashNet_Raw; TrashNet_Processed_Train,TrashNet_Raw::paper; TrashNet_Processed_Train::paper,data\raw\TrashNet\paper\paper17.jpg; data\processed\train\paper\paper17.jpg
EXACT_MD5,7ffbcace6b9182946d38b2b2c7be84f3,2,TrashNet_Raw; TrashNet_Processed_Train,TrashNet_Raw::paper; TrashNet_Processed_Train::paper,data\raw\TrashNet\paper\paper170.jpg; data\processed\train\paper\paper170.jpg
EXACT_MD5,72dd000b31da0d8963a81184373fe798,2,TrashNet_Raw; TrashNet_Processed_Train,TrashNet_Raw::paper; TrashNet_Processed_Train::paper,data\raw\TrashNet\paper\paper171.jpg; data\processed\train\paper\paper171.jpg
EXACT_MD5,2489e8f81086c89f1bc3c5d23c3b780f,2,TrashNet_Raw; TrashNet_Processed_Train,TrashNet_Raw::paper; TrashNet_Processed_Train::paper,data\raw\TrashNet\paper\paper172.jpg; data\processed\train\paper\paper172.jpg
EXACT_MD5,a4550217e22f9653722bc27c4ba8fb56,2,TrashNet_Raw; TrashNet_Processed_Train,TrashNet_Raw::paper; TrashNet_Processed_Train::paper,data\raw\TrashNet\paper\paper173.jpg; data\processed\train\paper\paper173.jpg
EXACT_MD5,1d83afedb22456a70768b312891155d1,2,TrashNet_Raw; TrashNet_Processed_Train,TrashNet_Raw::paper; TrashNet_Processed_Train::paper,data\raw\TrashNet\paper\paper174.jpg; data\processed\train\paper\paper174.jpg
EXACT_MD5,db71ff4f49057270cee60e820217259f,2,TrashNet_Raw; TrashNet_Processed_Train,TrashNet_Raw::paper; TrashNet_Processed_Train::paper,data\raw\TrashNet\paper\paper175.jpg; data\processed\train\paper\paper175.jpg
EXACT_MD5,76ad13f5cfba198fa1313796a3654efd,2,TrashNet_Raw; TrashNet_Processed_Train,TrashNet_Raw::paper; TrashNet_Processed_Train::paper,data\raw\TrashNet\paper\paper176.jpg; data\processed\train\paper\paper176.jpg
EXACT_MD5,c6e5ffa3d37b6b3005211e4e72efe460,2,TrashNet_Raw; TrashNet_Processed_Train,TrashNet_Raw::paper; TrashNet_Processed_Train::paper,data\raw\TrashNet\paper\paper177.jpg; data\processed\train\paper\paper177.jpg
EXACT_MD5,30c6a0bfbb3b57784e2014a50b781e15,2,TrashNet_Raw; TrashNet_Processed_Train,TrashNet_Raw::paper; TrashNet_Processed_Train::paper,data\raw\TrashNet\paper\paper178.jpg; data\processed\train\paper\paper178.jpg
EXACT_MD5,b8eda48c364b119f29dc09f8ae12a9a2,2,TrashNet_Raw; TrashNet_Processed_Train,TrashNet_Raw::paper; TrashNet_Processed_Train::paper,data\raw\TrashNet\paper\paper179.jpg; data\processed\train\paper\paper179.jpg
EXACT_MD5,2057e9bba09c14821fb7ae0a6c079ebc,2,TrashNet_Raw; TrashNet_Processed_Val,TrashNet_Raw::paper; TrashNet_Processed_Val::paper,data\raw\TrashNet\paper\paper18.jpg; data\processed\val\paper\paper18.jpg
EXACT_MD5,ce282e1c05ba9e650f6283c5b9c7601a,2,TrashNet_Raw; TrashNet_Processed_Train,TrashNet_Raw::paper; TrashNet_Processed_Train::paper,data\raw\TrashNet\paper\paper180.jpg; data\processed\train\paper\paper180.jpg
EXACT_MD5,f7cf36a29e461b549fb9c8d5349a2983,2,TrashNet_Raw; TrashNet_Processed_Train,TrashNet_Raw::paper; TrashNet_Processed_Train::paper,data\raw\TrashNet\paper\paper181.jpg; data\processed\train\paper\paper181.jpg
EXACT_MD5,4ed4f344d889950ae895c91d9678717e,2,TrashNet_Raw; TrashNet_Processed_Train,TrashNet_Raw::paper; TrashNet_Processed_Train::paper,data\raw\TrashNet\paper\paper182.jpg; data\processed\train\paper\paper182.jpg
EXACT_MD5,abe0f1b2f3986255edea22091d20fa48,2,TrashNet_Raw; TrashNet_Processed_Test,TrashNet_Raw::paper; TrashNet_Processed_Test::paper,data\raw\TrashNet\paper\paper183.jpg; data\processed\test\paper\paper183.jpg
EXACT_MD5,095134cb35fdc537926945ba91ba8fc5,2,TrashNet_Raw; TrashNet_Processed_Train,TrashNet_Raw::paper; TrashNet_Processed_Train::paper,data\raw\TrashNet\paper\paper184.jpg; data\processed\train\paper\paper184.jpg
EXACT_MD5,0d48c6215455cf841858152d35046fbb,2,TrashNet_Raw; TrashNet_Processed_Train,TrashNet_Raw::paper; TrashNet_Processed_Train::paper,data\raw\TrashNet\paper\paper185.jpg; data\processed\train\paper\paper185.jpg
EXACT_MD5,198e62acacc1943562f8aa37968ebfa2,2,TrashNet_Raw; TrashNet_Processed_Train,TrashNet_Raw::paper; TrashNet_Processed_Train::paper,data\raw\TrashNet\paper\paper186.jpg; data\processed\train\paper\paper186.jpg
EXACT_MD5,fa6113c9d12b943e069758be4fdb2573,2,TrashNet_Raw; TrashNet_Processed_Train,TrashNet_Raw::paper; TrashNet_Processed_Train::paper,data\raw\TrashNet\paper\paper187.jpg; data\processed\train\paper\paper187.jpg
EXACT_MD5,3cf836c557c66de3c7350dd983c6428e,2,TrashNet_Raw; TrashNet_Processed_Train,TrashNet_Raw::paper; TrashNet_Processed_Train::paper,data\raw\TrashNet\paper\paper188.jpg; data\processed\train\paper\paper188.jpg
EXACT_MD5,9d4ff9f300203fce5d4d82d2bc50f30c,2,TrashNet_Raw; TrashNet_Processed_Test,TrashNet_Raw::paper; TrashNet_Processed_Test::paper,data\raw\TrashNet\paper\paper189.jpg; data\processed\test\paper\paper189.jpg
EXACT_MD5,45a1d5bb3ef75eebe5ec56dc0db32925,2,TrashNet_Raw; TrashNet_Processed_Train,TrashNet_Raw::paper; TrashNet_Processed_Train::paper,data\raw\TrashNet\paper\paper19.jpg; data\processed\train\paper\paper19.jpg
EXACT_MD5,a68357f2fb223c9b3f30e2119d26ea14,2,TrashNet_Raw; TrashNet_Processed_Test,TrashNet_Raw::paper; TrashNet_Processed_Test::paper,data\raw\TrashNet\paper\paper190.jpg; data\processed\test\paper\paper190.jpg
EXACT_MD5,2502d8d2a3b75626f22e2c7c8664eb70,2,TrashNet_Raw; TrashNet_Processed_Train,TrashNet_Raw::paper; TrashNet_Processed_Train::paper,data\raw\TrashNet\paper\paper191.jpg; data\processed\train\paper\paper191.jpg
EXACT_MD5,8d791232d2a2739e07aad0c122a4faa3,2,TrashNet_Raw; TrashNet_Processed_Train,TrashNet_Raw::paper; TrashNet_Processed_Train::paper,data\raw\TrashNet\paper\paper192.jpg; data\processed\train\paper\paper192.jpg
EXACT_MD5,6f5cd49674579c3375a5d9fe38d1f8b4,2,TrashNet_Raw; TrashNet_Processed_Train,TrashNet_Raw::paper; TrashNet_Processed_Train::paper,data\raw\TrashNet\paper\paper193.jpg; data\processed\train\paper\paper193.jpg
EXACT_MD5,13e7003184a0609aaee851a07a4b3f50,2,TrashNet_Raw; TrashNet_Processed_Train,TrashNet_Raw::paper; TrashNet_Processed_Train::paper,data\raw\TrashNet\paper\paper194.jpg; data\processed\train\paper\paper194.jpg
EXACT_MD5,6ea6289aee61950515a0ec7630057585,2,TrashNet_Raw; TrashNet_Processed_Train,TrashNet_Raw::paper; TrashNet_Processed_Train::paper,data\raw\TrashNet\paper\paper195.jpg; data\processed\train\paper\paper195.jpg
EXACT_MD5,95cb683282ebbef4f67491a1919c0e7f,2,TrashNet_Raw; TrashNet_Processed_Train,TrashNet_Raw::paper; TrashNet_Processed_Train::paper,data\raw\TrashNet\paper\paper196.jpg; data\processed\train\paper\paper196.jpg
EXACT_MD5,52dbbc00d4f4bf426b636bf4e8bdcea5,2,TrashNet_Raw; TrashNet_Processed_Train,TrashNet_Raw::paper; TrashNet_Processed_Train::paper,data\raw\TrashNet\paper\paper197.jpg; data\processed\train\paper\paper197.jpg
EXACT_MD5,8f552ce1e7065c60eec8d5044229a243,2,TrashNet_Raw; TrashNet_Processed_Train,TrashNet_Raw::paper; TrashNet_Processed_Train::paper,data\raw\TrashNet\paper\paper198.jpg; data\processed\train\paper\paper198.jpg
EXACT_MD5,ea760acac1786a2beed45ce7b5f4fc34,2,TrashNet_Raw; TrashNet_Processed_Test,TrashNet_Raw::paper; TrashNet_Processed_Test::paper,data\raw\TrashNet\paper\paper199.jpg; data\processed\test\paper\paper199.jpg
EXACT_MD5,d8c8edd606a68b671ea5b53f8d0dcbdb,2,TrashNet_Raw; TrashNet_Processed_Train,TrashNet_Raw::paper; TrashNet_Processed_Train::paper,data\raw\TrashNet\paper\paper2.jpg; data\processed\train\paper\paper2.jpg
EXACT_MD5,e5358e29e2fcaaebaba4a7c7a970c141,2,TrashNet_Raw; TrashNet_Processed_Test,TrashNet_Raw::paper; TrashNet_Processed_Test::paper,data\raw\TrashNet\paper\paper20.jpg; data\processed\test\paper\paper20.jpg
EXACT_MD5,54dfaa099622cc355e3404c222c3700d,2,TrashNet_Raw; TrashNet_Processed_Val,TrashNet_Raw::paper; TrashNet_Processed_Val::paper,data\raw\TrashNet\paper\paper200.jpg; data\processed\val\paper\paper200.jpg
EXACT_MD5,c04dd9c55482653478a92d087ea366ea,2,TrashNet_Raw; TrashNet_Processed_Train,TrashNet_Raw::paper; TrashNet_Processed_Train::paper,data\raw\TrashNet\paper\paper201.jpg; data\processed\train\paper\paper201.jpg
EXACT_MD5,c2a9fb2c4aacd6f66184e50ef868a3ba,2,TrashNet_Raw; TrashNet_Processed_Train,TrashNet_Raw::paper; TrashNet_Processed_Train::paper,data\raw\TrashNet\paper\paper202.jpg; data\processed\train\paper\paper202.jpg
EXACT_MD5,ec2536aa03081c804e10b6cb2dbc3767,2,TrashNet_Raw; TrashNet_Processed_Val,TrashNet_Raw::paper; TrashNet_Processed_Val::paper,data\raw\TrashNet\paper\paper203.jpg; data\processed\val\paper\paper203.jpg
EXACT_MD5,97c563e186da4544842812c56106fac0,2,TrashNet_Raw; TrashNet_Processed_Train,TrashNet_Raw::paper; TrashNet_Processed_Train::paper,data\raw\TrashNet\paper\paper204.jpg; data\processed\train\paper\paper204.jpg
EXACT_MD5,de081e818b5b56a1dd611d1401028887,2,TrashNet_Raw; TrashNet_Processed_Test,TrashNet_Raw::paper; TrashNet_Processed_Test::paper,data\raw\TrashNet\paper\paper205.jpg; data\processed\test\paper\paper205.jpg
EXACT_MD5,32efd4efe72ecc4fda48adead4a9c843,2,TrashNet_Raw; TrashNet_Processed_Test,TrashNet_Raw::paper; TrashNet_Processed_Test::paper,data\raw\TrashNet\paper\paper206.jpg; data\processed\test\paper\paper206.jpg
EXACT_MD5,ab6b4838435dbb045fdfdf4688425732,2,TrashNet_Raw; TrashNet_Processed_Train,TrashNet_Raw::paper; TrashNet_Processed_Train::paper,data\raw\TrashNet\paper\paper207.jpg; data\processed\train\paper\paper207.jpg
EXACT_MD5,91ace04bb9e8d4b33afa2dde75f203a9,2,TrashNet_Raw; TrashNet_Processed_Test,TrashNet_Raw::paper; TrashNet_Processed_Test::paper,data\raw\TrashNet\paper\paper208.jpg; data\processed\test\paper\paper208.jpg
EXACT_MD5,d5675d4e5b613f5b428735986b79efcf,2,TrashNet_Raw; TrashNet_Processed_Train,TrashNet_Raw::paper; TrashNet_Processed_Train::paper,data\raw\TrashNet\paper\paper209.jpg; data\processed\train\paper\paper209.jpg
EXACT_MD5,ee76ccc788dfab8b82e5c23eb5ea2371,2,TrashNet_Raw; TrashNet_Processed_Train,TrashNet_Raw::paper; TrashNet_Processed_Train::paper,data\raw\TrashNet\paper\paper21.jpg; data\processed\train\paper\paper21.jpg
EXACT_MD5,07ec260496ab0aaa63fbbbacba5ad155,2,TrashNet_Raw; TrashNet_Processed_Train,TrashNet_Raw::paper; TrashNet_Processed_Train::paper,data\raw\TrashNet\paper\paper210.jpg; data\processed\train\paper\paper210.jpg
EXACT_MD5,fd7c0078b7511edc548215239d67c29d,2,TrashNet_Raw; TrashNet_Processed_Test,TrashNet_Raw::paper; TrashNet_Processed_Test::paper,data\raw\TrashNet\paper\paper211.jpg; data\processed\test\paper\paper211.jpg
EXACT_MD5,cf3f71a20cbcf33399d39922e270dec3,2,TrashNet_Raw; TrashNet_Processed_Test,TrashNet_Raw::paper; TrashNet_Processed_Test::paper,data\raw\TrashNet\paper\paper212.jpg; data\processed\test\paper\paper212.jpg
EXACT_MD5,c216d14b7631a0b4a9f95d4dcb2d7baf,2,TrashNet_Raw; TrashNet_Processed_Train,TrashNet_Raw::paper; TrashNet_Processed_Train::paper,data\raw\TrashNet\paper\paper213.jpg; data\processed\train\paper\paper213.jpg
EXACT_MD5,9443c12296afcf90a098a24f2dcaa422,2,TrashNet_Raw; TrashNet_Processed_Test,TrashNet_Raw::paper; TrashNet_Processed_Test::paper,data\raw\TrashNet\paper\paper214.jpg; data\processed\test\paper\paper214.jpg
EXACT_MD5,b4bccee92449fc6de93e3c87246213bf,2,TrashNet_Raw; TrashNet_Processed_Train,TrashNet_Raw::paper; TrashNet_Processed_Train::paper,data\raw\TrashNet\paper\paper215.jpg; data\processed\train\paper\paper215.jpg
EXACT_MD5,c0259a4c00e3854846a2fff188c74f5a,2,TrashNet_Raw; TrashNet_Processed_Train,TrashNet_Raw::paper; TrashNet_Processed_Train::paper,data\raw\TrashNet\paper\paper216.jpg; data\processed\train\paper\paper216.jpg
EXACT_MD5,89b2f908f6cc3b6b516233f2e8b16eda,2,TrashNet_Raw; TrashNet_Processed_Train,TrashNet_Raw::paper; TrashNet_Processed_Train::paper,data\raw\TrashNet\paper\paper217.jpg; data\processed\train\paper\paper217.jpg
EXACT_MD5,00418325fd44620467479b1022f67bf9,2,TrashNet_Raw; TrashNet_Processed_Train,TrashNet_Raw::paper; TrashNet_Processed_Train::paper,data\raw\TrashNet\paper\paper218.jpg; data\processed\train\paper\paper218.jpg
EXACT_MD5,b265334159698ac29d0f3f2fbff374b4,2,TrashNet_Raw; TrashNet_Processed_Test,TrashNet_Raw::paper; TrashNet_Processed_Test::paper,data\raw\TrashNet\paper\paper219.jpg; data\processed\test\paper\paper219.jpg
EXACT_MD5,c4397aa947c8d8003a6b00883160fe65,2,TrashNet_Raw; TrashNet_Processed_Test,TrashNet_Raw::paper; TrashNet_Processed_Test::paper,data\raw\TrashNet\paper\paper22.jpg; data\processed\test\paper\paper22.jpg
EXACT_MD5,091141384b994188f8d551c973fde814,2,TrashNet_Raw; TrashNet_Processed_Val,TrashNet_Raw::paper; TrashNet_Processed_Val::paper,data\raw\TrashNet\paper\paper220.jpg; data\processed\val\paper\paper220.jpg
EXACT_MD5,38a513e3d4c334c61969c0aeccfd1bcc,2,TrashNet_Raw; TrashNet_Processed_Train,TrashNet_Raw::paper; TrashNet_Processed_Train::paper,data\raw\TrashNet\paper\paper221.jpg; data\processed\train\paper\paper221.jpg
EXACT_MD5,ba0d9bbbd3a9ca941a92b4409ac61f1c,2,TrashNet_Raw; TrashNet_Processed_Train,TrashNet_Raw::paper; TrashNet_Processed_Train::paper,data\raw\TrashNet\paper\paper222.jpg; data\processed\train\paper\paper222.jpg
EXACT_MD5,a3e0f8bfbaba6769a5918b9d34299895,2,TrashNet_Raw; TrashNet_Processed_Test,TrashNet_Raw::paper; TrashNet_Processed_Test::paper,data\raw\TrashNet\paper\paper223.jpg; data\processed\test\paper\paper223.jpg
EXACT_MD5,ee3c907b68f39bc2f10294409b04758e,2,TrashNet_Raw; TrashNet_Processed_Train,TrashNet_Raw::paper; TrashNet_Processed_Train::paper,data\raw\TrashNet\paper\paper224.jpg; data\processed\train\paper\paper224.jpg
EXACT_MD5,14178fe29fef8b5a70d6cb5328beb557,2,TrashNet_Raw; TrashNet_Processed_Val,TrashNet_Raw::paper; TrashNet_Processed_Val::paper,data\raw\TrashNet\paper\paper225.jpg; data\processed\val\paper\paper225.jpg
EXACT_MD5,00338a28bb414c360159d2fd4b6b78d9,2,TrashNet_Raw; TrashNet_Processed_Train,TrashNet_Raw::paper; TrashNet_Processed_Train::paper,data\raw\TrashNet\paper\paper226.jpg; data\processed\train\paper\paper226.jpg
EXACT_MD5,e172625a5d909c13bc694cdcc2cdf664,2,TrashNet_Raw; TrashNet_Processed_Train,TrashNet_Raw::paper; TrashNet_Processed_Train::paper,data\raw\TrashNet\paper\paper227.jpg; data\processed\train\paper\paper227.jpg
EXACT_MD5,dc0cfa612a58aa277b448eb56349713b,2,TrashNet_Raw; TrashNet_Processed_Test,TrashNet_Raw::paper; TrashNet_Processed_Test::paper,data\raw\TrashNet\paper\paper228.jpg; data\processed\test\paper\paper228.jpg
EXACT_MD5,50b95f8575a557835dc4cda5f118a987,2,TrashNet_Raw; TrashNet_Processed_Train,TrashNet_Raw::paper; TrashNet_Processed_Train::paper,data\raw\TrashNet\paper\paper229.jpg; data\processed\train\paper\paper229.jpg
EXACT_MD5,12cc45652acf900a56d3410e7ae3b80d,2,TrashNet_Raw; TrashNet_Processed_Train,TrashNet_Raw::paper; TrashNet_Processed_Train::paper,data\raw\TrashNet\paper\paper23.jpg; data\processed\train\paper\paper23.jpg
EXACT_MD5,28ee023d9fb56e256abf834f4d3d1022,2,TrashNet_Raw; TrashNet_Processed_Train,TrashNet_Raw::paper; TrashNet_Processed_Train::paper,data\raw\TrashNet\paper\paper230.jpg; data\processed\train\paper\paper230.jpg
EXACT_MD5,ba2787723694769e7e27649f9b93924e,2,TrashNet_Raw; TrashNet_Processed_Train,TrashNet_Raw::paper; TrashNet_Processed_Train::paper,data\raw\TrashNet\paper\paper231.jpg; data\processed\train\paper\paper231.jpg
EXACT_MD5,c101aa623d0096d8e2c18e279b33c985,2,TrashNet_Raw; TrashNet_Processed_Test,TrashNet_Raw::paper; TrashNet_Processed_Test::paper,data\raw\TrashNet\paper\paper232.jpg; data\processed\test\paper\paper232.jpg
EXACT_MD5,70ea2ab1783d2736d577170e35b50639,2,TrashNet_Raw; TrashNet_Processed_Train,TrashNet_Raw::paper; TrashNet_Processed_Train::paper,data\raw\TrashNet\paper\paper233.jpg; data\processed\train\paper\paper233.jpg
EXACT_MD5,fe19b89bb07d0b6d4d797c78f130ab26,2,TrashNet_Raw; TrashNet_Processed_Val,TrashNet_Raw::paper; TrashNet_Processed_Val::paper,data\raw\TrashNet\paper\paper234.jpg; data\processed\val\paper\paper234.jpg
EXACT_MD5,9604b2dcfbbe36e8586cf468876016bd,2,TrashNet_Raw; TrashNet_Processed_Test,TrashNet_Raw::paper; TrashNet_Processed_Test::paper,data\raw\TrashNet\paper\paper235.jpg; data\processed\test\paper\paper235.jpg
EXACT_MD5,0486d0f51e36531a69bc23920c0c85a3,2,TrashNet_Raw; TrashNet_Processed_Train,TrashNet_Raw::paper; TrashNet_Processed_Train::paper,data\raw\TrashNet\paper\paper236.jpg; data\processed\train\paper\paper236.jpg
EXACT_MD5,fa6dfdc77d7dc993f2966fefbe30c734,2,TrashNet_Raw; TrashNet_Processed_Train,TrashNet_Raw::paper; TrashNet_Processed_Train::paper,data\raw\TrashNet\paper\paper237.jpg; data\processed\train\paper\paper237.jpg
EXACT_MD5,a342a3644b7aa5bc95b2225abf51c7f1,2,TrashNet_Raw; TrashNet_Processed_Val,TrashNet_Raw::paper; TrashNet_Processed_Val::paper,data\raw\TrashNet\paper\paper238.jpg; data\processed\val\paper\paper238.jpg
EXACT_MD5,a7d836627798014e384905b436e84c4d,2,TrashNet_Raw; TrashNet_Processed_Train,TrashNet_Raw::paper; TrashNet_Processed_Train::paper,data\raw\TrashNet\paper\paper239.jpg; data\processed\train\paper\paper239.jpg
EXACT_MD5,f57a8e65456d4e5306a44244d80d9865,2,TrashNet_Raw; TrashNet_Processed_Train,TrashNet_Raw::paper; TrashNet_Processed_Train::paper,data\raw\TrashNet\paper\paper24.jpg; data\processed\train\paper\paper24.jpg
EXACT_MD5,274e7f6b91886a7af3888dc3b28a3750,2,TrashNet_Raw; TrashNet_Processed_Train,TrashNet_Raw::paper; TrashNet_Processed_Train::paper,data\raw\TrashNet\paper\paper240.jpg; data\processed\train\paper\paper240.jpg
EXACT_MD5,df13dc2f6cf30e3d0673881719baa610,2,TrashNet_Raw; TrashNet_Processed_Test,TrashNet_Raw::paper; TrashNet_Processed_Test::paper,data\raw\TrashNet\paper\paper241.jpg; data\processed\test\paper\paper241.jpg
EXACT_MD5,78f32a155051e85d96c0b01c37cfa360,2,TrashNet_Raw; TrashNet_Processed_Train,TrashNet_Raw::paper; TrashNet_Processed_Train::paper,data\raw\TrashNet\paper\paper242.jpg; data\processed\train\paper\paper242.jpg
EXACT_MD5,92d71590c8f282bef162981aa25726f2,2,TrashNet_Raw; TrashNet_Processed_Val,TrashNet_Raw::paper; TrashNet_Processed_Val::paper,data\raw\TrashNet\paper\paper243.jpg; data\processed\val\paper\paper243.jpg
EXACT_MD5,1b97ebf4a3e15c864a33e572366f03f9,2,TrashNet_Raw; TrashNet_Processed_Train,TrashNet_Raw::paper; TrashNet_Processed_Train::paper,data\raw\TrashNet\paper\paper244.jpg; data\processed\train\paper\paper244.jpg
EXACT_MD5,8456c87332e33dcc22b9aaf1bd143b14,2,TrashNet_Raw; TrashNet_Processed_Train,TrashNet_Raw::paper; TrashNet_Processed_Train::paper,data\raw\TrashNet\paper\paper245.jpg; data\processed\train\paper\paper245.jpg
EXACT_MD5,c36c35dea6183aa933584e6ddf10fee6,2,TrashNet_Raw; TrashNet_Processed_Train,TrashNet_Raw::paper; TrashNet_Processed_Train::paper,data\raw\TrashNet\paper\paper246.jpg; data\processed\train\paper\paper246.jpg
EXACT_MD5,3ba27a6d61b630b04626df38cc4aaebf,2,TrashNet_Raw; TrashNet_Processed_Val,TrashNet_Raw::paper; TrashNet_Processed_Val::paper,data\raw\TrashNet\paper\paper247.jpg; data\processed\val\paper\paper247.jpg
EXACT_MD5,e378b9aadfb5038618f3ad42d38388d6,2,TrashNet_Raw; TrashNet_Processed_Test,TrashNet_Raw::paper; TrashNet_Processed_Test::paper,data\raw\TrashNet\paper\paper248.jpg; data\processed\test\paper\paper248.jpg
EXACT_MD5,ee6d588b08302a04e14543a597fe07c5,2,TrashNet_Raw; TrashNet_Processed_Val,TrashNet_Raw::paper; TrashNet_Processed_Val::paper,data\raw\TrashNet\paper\paper249.jpg; data\processed\val\paper\paper249.jpg
EXACT_MD5,9a223f6c9c91e1dbb00aeb675f2fba9a,2,TrashNet_Raw; TrashNet_Processed_Train,TrashNet_Raw::paper; TrashNet_Processed_Train::paper,data\raw\TrashNet\paper\paper25.jpg; data\processed\train\paper\paper25.jpg
EXACT_MD5,009bcb4f1c4404a9f83af7bb68636da4,2,TrashNet_Raw; TrashNet_Processed_Train,TrashNet_Raw::paper; TrashNet_Processed_Train::paper,data\raw\TrashNet\paper\paper250.jpg; data\processed\train\paper\paper250.jpg
EXACT_MD5,55671bc4a18de1630e5d28e63fb4b3a0,2,TrashNet_Raw; TrashNet_Processed_Train,TrashNet_Raw::paper; TrashNet_Processed_Train::paper,data\raw\TrashNet\paper\paper251.jpg; data\processed\train\paper\paper251.jpg
EXACT_MD5,66bf5e3f4b2be9dd48ae6f4459fb18df,2,TrashNet_Raw; TrashNet_Processed_Train,TrashNet_Raw::paper; TrashNet_Processed_Train::paper,data\raw\TrashNet\paper\paper252.jpg; data\processed\train\paper\paper252.jpg
EXACT_MD5,c9d7a5bf0941e207fea889ea29a15290,2,TrashNet_Raw; TrashNet_Processed_Train,TrashNet_Raw::paper; TrashNet_Processed_Train::paper,data\raw\TrashNet\paper\paper253.jpg; data\processed\train\paper\paper253.jpg
EXACT_MD5,4955431d2365cec37877a94fbaf84884,2,TrashNet_Raw; TrashNet_Processed_Train,TrashNet_Raw::paper; TrashNet_Processed_Train::paper,data\raw\TrashNet\paper\paper254.jpg; data\processed\train\paper\paper254.jpg
EXACT_MD5,39fc85d0ff2e2fa8c2d777e7658e86e3,2,TrashNet_Raw; TrashNet_Processed_Val,TrashNet_Raw::paper; TrashNet_Processed_Val::paper,data\raw\TrashNet\paper\paper255.jpg; data\processed\val\paper\paper255.jpg
EXACT_MD5,5ffd9b3d8166f88538b79260238e7a13,2,TrashNet_Raw; TrashNet_Processed_Train,TrashNet_Raw::paper; TrashNet_Processed_Train::paper,data\raw\TrashNet\paper\paper256.jpg; data\processed\train\paper\paper256.jpg
EXACT_MD5,fe9630dd0a9bd22bc749b97258b00ace,2,TrashNet_Raw; TrashNet_Processed_Train,TrashNet_Raw::paper; TrashNet_Processed_Train::paper,data\raw\TrashNet\paper\paper257.jpg; data\processed\train\paper\paper257.jpg
EXACT_MD5,0c982343fdaa52845975a3cc468f607e,2,TrashNet_Raw; TrashNet_Processed_Train,TrashNet_Raw::paper; TrashNet_Processed_Train::paper,data\raw\TrashNet\paper\paper258.jpg; data\processed\train\paper\paper258.jpg
EXACT_MD5,8350e7c9306e700219db8ff384cbbcf1,2,TrashNet_Raw; TrashNet_Processed_Train,TrashNet_Raw::paper; TrashNet_Processed_Train::paper,data\raw\TrashNet\paper\paper259.jpg; data\processed\train\paper\paper259.jpg
EXACT_MD5,766459247d67ecdfe115642c0f17f6f1,2,TrashNet_Raw; TrashNet_Processed_Test,TrashNet_Raw::paper; TrashNet_Processed_Test::paper,data\raw\TrashNet\paper\paper26.jpg; data\processed\test\paper\paper26.jpg
EXACT_MD5,d17826286b082277b8fef2f98f0f67d5,2,TrashNet_Raw; TrashNet_Processed_Train,TrashNet_Raw::paper; TrashNet_Processed_Train::paper,data\raw\TrashNet\paper\paper260.jpg; data\processed\train\paper\paper260.jpg
EXACT_MD5,b3cd5cc9bdf9913079a02b026a300336,2,TrashNet_Raw; TrashNet_Processed_Train,TrashNet_Raw::paper; TrashNet_Processed_Train::paper,data\raw\TrashNet\paper\paper261.jpg; data\processed\train\paper\paper261.jpg
EXACT_MD5,de254b545d0ce84ed474a041b5adce81,2,TrashNet_Raw; TrashNet_Processed_Train,TrashNet_Raw::paper; TrashNet_Processed_Train::paper,data\raw\TrashNet\paper\paper262.jpg; data\processed\train\paper\paper262.jpg
EXACT_MD5,4fb7bfd6bc93a41d66ad2b58d0b76fe3,2,TrashNet_Raw; TrashNet_Processed_Train,TrashNet_Raw::paper; TrashNet_Processed_Train::paper,data\raw\TrashNet\paper\paper263.jpg; data\processed\train\paper\paper263.jpg
EXACT_MD5,b47ffb90906d285df3afc7c9cf10a64a,2,TrashNet_Raw; TrashNet_Processed_Train,TrashNet_Raw::paper; TrashNet_Processed_Train::paper,data\raw\TrashNet\paper\paper264.jpg; data\processed\train\paper\paper264.jpg
EXACT_MD5,95c6052fe177832274d1271fd0a6b3b6,2,TrashNet_Raw; TrashNet_Processed_Train,TrashNet_Raw::paper; TrashNet_Processed_Train::paper,data\raw\TrashNet\paper\paper265.jpg; data\processed\train\paper\paper265.jpg
EXACT_MD5,f61c2065381ddeddda53e14c68275d75,2,TrashNet_Raw; TrashNet_Processed_Val,TrashNet_Raw::paper; TrashNet_Processed_Val::paper,data\raw\TrashNet\paper\paper266.jpg; data\processed\val\paper\paper266.jpg
EXACT_MD5,fcef01e18a7071a5f0353a283d3068c2,2,TrashNet_Raw; TrashNet_Processed_Train,TrashNet_Raw::paper; TrashNet_Processed_Train::paper,data\raw\TrashNet\paper\paper267.jpg; data\processed\train\paper\paper267.jpg
EXACT_MD5,58c4f4af9d00c793f19fbb204c1bc6d1,2,TrashNet_Raw; TrashNet_Processed_Train,TrashNet_Raw::paper; TrashNet_Processed_Train::paper,data\raw\TrashNet\paper\paper268.jpg; data\processed\train\paper\paper268.jpg
EXACT_MD5,822baabe23b9a9ed0e24c14ab21bbeb1,2,TrashNet_Raw; TrashNet_Processed_Train,TrashNet_Raw::paper; TrashNet_Processed_Train::paper,data\raw\TrashNet\paper\paper269.jpg; data\processed\train\paper\paper269.jpg
EXACT_MD5,3e1ed02c1c18fb9ef274390f9a0f1d8e,2,TrashNet_Raw; TrashNet_Processed_Train,TrashNet_Raw::paper; TrashNet_Processed_Train::paper,data\raw\TrashNet\paper\paper27.jpg; data\processed\train\paper\paper27.jpg
EXACT_MD5,710ac49cda06edf4c544d9dc4caecc48,2,TrashNet_Raw; TrashNet_Processed_Train,TrashNet_Raw::paper; TrashNet_Processed_Train::paper,data\raw\TrashNet\paper\paper270.jpg; data\processed\train\paper\paper270.jpg
EXACT_MD5,0046254162e5daf8d6f175b54a680f24,2,TrashNet_Raw; TrashNet_Processed_Train,TrashNet_Raw::paper; TrashNet_Processed_Train::paper,data\raw\TrashNet\paper\paper271.jpg; data\processed\train\paper\paper271.jpg
EXACT_MD5,3937f3d10d71d5469907e26c2abd4881,2,TrashNet_Raw; TrashNet_Processed_Train,TrashNet_Raw::paper; TrashNet_Processed_Train::paper,data\raw\TrashNet\paper\paper272.jpg; data\processed\train\paper\paper272.jpg
EXACT_MD5,5527746950301ff39ba4ffe2175cee43,2,TrashNet_Raw; TrashNet_Processed_Train,TrashNet_Raw::paper; TrashNet_Processed_Train::paper,data\raw\TrashNet\paper\paper273.jpg; data\processed\train\paper\paper273.jpg
EXACT_MD5,e9240feb47029099d3e350263cb09e10,2,TrashNet_Raw; TrashNet_Processed_Test,TrashNet_Raw::paper; TrashNet_Processed_Test::paper,data\raw\TrashNet\paper\paper274.jpg; data\processed\test\paper\paper274.jpg
EXACT_MD5,9f7ab54cb3d0bcfee17081082c897635,2,TrashNet_Raw; TrashNet_Processed_Val,TrashNet_Raw::paper; TrashNet_Processed_Val::paper,data\raw\TrashNet\paper\paper275.jpg; data\processed\val\paper\paper275.jpg
EXACT_MD5,b9498233eaf3d36b915292fe8c7f4ed2,2,TrashNet_Raw; TrashNet_Processed_Train,TrashNet_Raw::paper; TrashNet_Processed_Train::paper,data\raw\TrashNet\paper\paper276.jpg; data\processed\train\paper\paper276.jpg
EXACT_MD5,8730aaca9f5dc148b8cb2c5b1013dcc6,2,TrashNet_Raw; TrashNet_Processed_Train,TrashNet_Raw::paper; TrashNet_Processed_Train::paper,data\raw\TrashNet\paper\paper277.jpg; data\processed\train\paper\paper277.jpg
EXACT_MD5,a2d3ce3f4d5f26f01e4df048fd3d095a,2,TrashNet_Raw; TrashNet_Processed_Train,TrashNet_Raw::paper; TrashNet_Processed_Train::paper,data\raw\TrashNet\paper\paper278.jpg; data\processed\train\paper\paper278.jpg
EXACT_MD5,35ef94774eec7d490cd17ee7c8b62c4a,2,TrashNet_Raw; TrashNet_Processed_Train,TrashNet_Raw::paper; TrashNet_Processed_Train::paper,data\raw\TrashNet\paper\paper279.jpg; data\processed\train\paper\paper279.jpg
EXACT_MD5,947defd08f778abf4d18325de17da8d0,2,TrashNet_Raw; TrashNet_Processed_Train,TrashNet_Raw::paper; TrashNet_Processed_Train::paper,data\raw\TrashNet\paper\paper28.jpg; data\processed\train\paper\paper28.jpg
EXACT_MD5,ebe96757d0db3829b679dbeb06fcdd95,2,TrashNet_Raw; TrashNet_Processed_Train,TrashNet_Raw::paper; TrashNet_Processed_Train::paper,data\raw\TrashNet\paper\paper280.jpg; data\processed\train\paper\paper280.jpg
EXACT_MD5,7ddd0edb026bd12628f5b8ad103481c1,2,TrashNet_Raw; TrashNet_Processed_Train,TrashNet_Raw::paper; TrashNet_Processed_Train::paper,data\raw\TrashNet\paper\paper281.jpg; data\processed\train\paper\paper281.jpg
EXACT_MD5,3dba91ca401bb272110f1f6fcb9f2a14,2,TrashNet_Raw; TrashNet_Processed_Train,TrashNet_Raw::paper; TrashNet_Processed_Train::paper,data\raw\TrashNet\paper\paper282.jpg; data\processed\train\paper\paper282.jpg
EXACT_MD5,c6a1e3ec2a2d338eb612e31880681f4d,2,TrashNet_Raw; TrashNet_Processed_Val,TrashNet_Raw::paper; TrashNet_Processed_Val::paper,data\raw\TrashNet\paper\paper283.jpg; data\processed\val\paper\paper283.jpg
EXACT_MD5,e8d4623b4ee647ac54ab3e08a307f41d,2,TrashNet_Raw; TrashNet_Processed_Val,TrashNet_Raw::paper; TrashNet_Processed_Val::paper,data\raw\TrashNet\paper\paper284.jpg; data\processed\val\paper\paper284.jpg
EXACT_MD5,400ebfb67a9a2d07f6d20c1cc4088779,2,TrashNet_Raw; TrashNet_Processed_Train,TrashNet_Raw::paper; TrashNet_Processed_Train::paper,data\raw\TrashNet\paper\paper285.jpg; data\processed\train\paper\paper285.jpg
EXACT_MD5,3e539ca596ce9c36bdda623f6c7a1f1e,2,TrashNet_Raw; TrashNet_Processed_Train,TrashNet_Raw::paper; TrashNet_Processed_Train::paper,data\raw\TrashNet\paper\paper286.jpg; data\processed\train\paper\paper286.jpg
EXACT_MD5,5cb332acab19fcc242a59bcc5a580d36,2,TrashNet_Raw; TrashNet_Processed_Train,TrashNet_Raw::paper; TrashNet_Processed_Train::paper,data\raw\TrashNet\paper\paper287.jpg; data\processed\train\paper\paper287.jpg
EXACT_MD5,13991ad04800d6d123cbe04ff06017c6,2,TrashNet_Raw; TrashNet_Processed_Train,TrashNet_Raw::paper; TrashNet_Processed_Train::paper,data\raw\TrashNet\paper\paper288.jpg; data\processed\train\paper\paper288.jpg
EXACT_MD5,e0bbfa12ae75175005cf82f17c463f12,2,TrashNet_Raw; TrashNet_Processed_Test,TrashNet_Raw::paper; TrashNet_Processed_Test::paper,data\raw\TrashNet\paper\paper289.jpg; data\processed\test\paper\paper289.jpg
EXACT_MD5,e840685736058541700642e08bb8dc5f,2,TrashNet_Raw; TrashNet_Processed_Val,TrashNet_Raw::paper; TrashNet_Processed_Val::paper,data\raw\TrashNet\paper\paper29.jpg; data\processed\val\paper\paper29.jpg
EXACT_MD5,c10e737df6f950b3164d51d099a04584,2,TrashNet_Raw; TrashNet_Processed_Test,TrashNet_Raw::paper; TrashNet_Processed_Test::paper,data\raw\TrashNet\paper\paper290.jpg; data\processed\test\paper\paper290.jpg
EXACT_MD5,5363212c1eab2dec1aa0d2bce626ff9d,2,TrashNet_Raw; TrashNet_Processed_Train,TrashNet_Raw::paper; TrashNet_Processed_Train::paper,data\raw\TrashNet\paper\paper291.jpg; data\processed\train\paper\paper291.jpg
EXACT_MD5,9c13824f051aba69d7051cfc2ee6f705,2,TrashNet_Raw; TrashNet_Processed_Train,TrashNet_Raw::paper; TrashNet_Processed_Train::paper,data\raw\TrashNet\paper\paper292.jpg; data\processed\train\paper\paper292.jpg
EXACT_MD5,4808c33b699e2481fea0a175bb5c4a47,2,TrashNet_Raw; TrashNet_Processed_Val,TrashNet_Raw::paper; TrashNet_Processed_Val::paper,data\raw\TrashNet\paper\paper293.jpg; data\processed\val\paper\paper293.jpg
EXACT_MD5,f649d8812a7c6779252254b0f7b80d38,2,TrashNet_Raw; TrashNet_Processed_Train,TrashNet_Raw::paper; TrashNet_Processed_Train::paper,data\raw\TrashNet\paper\paper294.jpg; data\processed\train\paper\paper294.jpg
EXACT_MD5,8030a57425dbc05a6496266ace862297,2,TrashNet_Raw; TrashNet_Processed_Test,TrashNet_Raw::paper; TrashNet_Processed_Test::paper,data\raw\TrashNet\paper\paper295.jpg; data\processed\test\paper\paper295.jpg
EXACT_MD5,aaeb2e20c26d370ed57f974c20c18dcb,2,TrashNet_Raw; TrashNet_Processed_Val,TrashNet_Raw::paper; TrashNet_Processed_Val::paper,data\raw\TrashNet\paper\paper296.jpg; data\processed\val\paper\paper296.jpg
EXACT_MD5,796e2ad48e7707bdee483a55d3edfbb2,2,TrashNet_Raw; TrashNet_Processed_Train,TrashNet_Raw::paper; TrashNet_Processed_Train::paper,data\raw\TrashNet\paper\paper297.jpg; data\processed\train\paper\paper297.jpg
EXACT_MD5,733079f847a6a881aece53f5ec1c1e89,2,TrashNet_Raw; TrashNet_Processed_Val,TrashNet_Raw::paper; TrashNet_Processed_Val::paper,data\raw\TrashNet\paper\paper298.jpg; data\processed\val\paper\paper298.jpg
EXACT_MD5,339dc0a8db415c50a8513a61aa1436d5,2,TrashNet_Raw; TrashNet_Processed_Test,TrashNet_Raw::paper; TrashNet_Processed_Test::paper,data\raw\TrashNet\paper\paper299.jpg; data\processed\test\paper\paper299.jpg
EXACT_MD5,6426cffc82c4f5f7216c029819101173,2,TrashNet_Raw; TrashNet_Processed_Test,TrashNet_Raw::paper; TrashNet_Processed_Test::paper,data\raw\TrashNet\paper\paper3.jpg; data\processed\test\paper\paper3.jpg
EXACT_MD5,4a544d322dfc0a2eac18106e3a1544e2,2,TrashNet_Raw; TrashNet_Processed_Train,TrashNet_Raw::paper; TrashNet_Processed_Train::paper,data\raw\TrashNet\paper\paper30.jpg; data\processed\train\paper\paper30.jpg
EXACT_MD5,7d339f3feb77682e886577066877ac10,2,TrashNet_Raw; TrashNet_Processed_Train,TrashNet_Raw::paper; TrashNet_Processed_Train::paper,data\raw\TrashNet\paper\paper300.jpg; data\processed\train\paper\paper300.jpg
EXACT_MD5,f8c12f30f3e6099bccc8fe49e15851d0,2,TrashNet_Raw; TrashNet_Processed_Train,TrashNet_Raw::paper; TrashNet_Processed_Train::paper,data\raw\TrashNet\paper\paper301.jpg; data\processed\train\paper\paper301.jpg
EXACT_MD5,7ebcce802525d37fb7a3f4b81997a88f,2,TrashNet_Raw; TrashNet_Processed_Test,TrashNet_Raw::paper; TrashNet_Processed_Test::paper,data\raw\TrashNet\paper\paper302.jpg; data\processed\test\paper\paper302.jpg
EXACT_MD5,78a21488b76069b8c3dd4c47c9eaa4f8,2,TrashNet_Raw; TrashNet_Processed_Val,TrashNet_Raw::paper; TrashNet_Processed_Val::paper,data\raw\TrashNet\paper\paper303.jpg; data\processed\val\paper\paper303.jpg
EXACT_MD5,e1e4b59ed8a2bfc4a3e698819c411ff4,2,TrashNet_Raw; TrashNet_Processed_Train,TrashNet_Raw::paper; TrashNet_Processed_Train::paper,data\raw\TrashNet\paper\paper304.jpg; data\processed\train\paper\paper304.jpg
EXACT_MD5,637665ad03d4de9bd52bd83c5104d28f,2,TrashNet_Raw; TrashNet_Processed_Val,TrashNet_Raw::paper; TrashNet_Processed_Val::paper,data\raw\TrashNet\paper\paper305.jpg; data\processed\val\paper\paper305.jpg
EXACT_MD5,e925af59063cb6f6385a5a430cfafa4a,2,TrashNet_Raw; TrashNet_Processed_Train,TrashNet_Raw::paper; TrashNet_Processed_Train::paper,data\raw\TrashNet\paper\paper306.jpg; data\processed\train\paper\paper306.jpg
EXACT_MD5,5b22b3249acf62c8fc06e2871498a9b7,2,TrashNet_Raw; TrashNet_Processed_Val,TrashNet_Raw::paper; TrashNet_Processed_Val::paper,data\raw\TrashNet\paper\paper307.jpg; data\processed\val\paper\paper307.jpg
EXACT_MD5,7f44482fcf3ae928924be3c837310bca,2,TrashNet_Raw; TrashNet_Processed_Val,TrashNet_Raw::paper; TrashNet_Processed_Val::paper,data\raw\TrashNet\paper\paper308.jpg; data\processed\val\paper\paper308.jpg
EXACT_MD5,fdc037e779b4f0c844bac192c7f9398c,2,TrashNet_Raw; TrashNet_Processed_Train,TrashNet_Raw::paper; TrashNet_Processed_Train::paper,data\raw\TrashNet\paper\paper309.jpg; data\processed\train\paper\paper309.jpg
EXACT_MD5,73acca206b900b994c77a8acb9d65c48,2,TrashNet_Raw; TrashNet_Processed_Val,TrashNet_Raw::paper; TrashNet_Processed_Val::paper,data\raw\TrashNet\paper\paper31.jpg; data\processed\val\paper\paper31.jpg
EXACT_MD5,e18386e811ce721daac92812985f3a20,2,TrashNet_Raw; TrashNet_Processed_Train,TrashNet_Raw::paper; TrashNet_Processed_Train::paper,data\raw\TrashNet\paper\paper310.jpg; data\processed\train\paper\paper310.jpg
EXACT_MD5,11584142cab57d335326a7d080c219e7,2,TrashNet_Raw; TrashNet_Processed_Train,TrashNet_Raw::paper; TrashNet_Processed_Train::paper,data\raw\TrashNet\paper\paper311.jpg; data\processed\train\paper\paper311.jpg
EXACT_MD5,957e5de49fd0b13794983b56ec509e01,2,TrashNet_Raw; TrashNet_Processed_Train,TrashNet_Raw::paper; TrashNet_Processed_Train::paper,data\raw\TrashNet\paper\paper312.jpg; data\processed\train\paper\paper312.jpg
EXACT_MD5,530b4293fd5ee0c818e61b622ce1216c,2,TrashNet_Raw; TrashNet_Processed_Test,TrashNet_Raw::paper; TrashNet_Processed_Test::paper,data\raw\TrashNet\paper\paper313.jpg; data\processed\test\paper\paper313.jpg
EXACT_MD5,82e05c80e6cb4004c5631dcf702eb2bf,2,TrashNet_Raw; TrashNet_Processed_Test,TrashNet_Raw::paper; TrashNet_Processed_Test::paper,data\raw\TrashNet\paper\paper314.jpg; data\processed\test\paper\paper314.jpg
EXACT_MD5,270c4e6ffb007808eb2954ee547a32c3,2,TrashNet_Raw; TrashNet_Processed_Test,TrashNet_Raw::paper; TrashNet_Processed_Test::paper,data\raw\TrashNet\paper\paper315.jpg; data\processed\test\paper\paper315.jpg
EXACT_MD5,0fc234163cb945f1d73b2332d8f63514,2,TrashNet_Raw; TrashNet_Processed_Test,TrashNet_Raw::paper; TrashNet_Processed_Test::paper,data\raw\TrashNet\paper\paper316.jpg; data\processed\test\paper\paper316.jpg
EXACT_MD5,9200352afba88d956abe13251fdf29c2,2,TrashNet_Raw; TrashNet_Processed_Train,TrashNet_Raw::paper; TrashNet_Processed_Train::paper,data\raw\TrashNet\paper\paper317.jpg; data\processed\train\paper\paper317.jpg
EXACT_MD5,8d5a0598b73c27279c484a020ffbf355,2,TrashNet_Raw; TrashNet_Processed_Val,TrashNet_Raw::paper; TrashNet_Processed_Val::paper,data\raw\TrashNet\paper\paper318.jpg; data\processed\val\paper\paper318.jpg
EXACT_MD5,60271fc84c7f47629cff480a71ef83ef,2,TrashNet_Raw; TrashNet_Processed_Train,TrashNet_Raw::paper; TrashNet_Processed_Train::paper,data\raw\TrashNet\paper\paper319.jpg; data\processed\train\paper\paper319.jpg
EXACT_MD5,b5239c357ce1cf4c15fea57613e304c2,2,TrashNet_Raw; TrashNet_Processed_Val,TrashNet_Raw::paper; TrashNet_Processed_Val::paper,data\raw\TrashNet\paper\paper32.jpg; data\processed\val\paper\paper32.jpg
EXACT_MD5,5dbdbf8102914c99236ea87c5a7f4279,2,TrashNet_Raw; TrashNet_Processed_Train,TrashNet_Raw::paper; TrashNet_Processed_Train::paper,data\raw\TrashNet\paper\paper320.jpg; data\processed\train\paper\paper320.jpg
EXACT_MD5,9bcec41b191448cb62bf3a3de74faf30,2,TrashNet_Raw; TrashNet_Processed_Train,TrashNet_Raw::paper; TrashNet_Processed_Train::paper,data\raw\TrashNet\paper\paper321.jpg; data\processed\train\paper\paper321.jpg
EXACT_MD5,63659632429b6ba698f2647c4c379712,2,TrashNet_Raw; TrashNet_Processed_Train,TrashNet_Raw::paper; TrashNet_Processed_Train::paper,data\raw\TrashNet\paper\paper322.jpg; data\processed\train\paper\paper322.jpg
EXACT_MD5,7dfdf15d0316fead7bf678dde5660904,2,TrashNet_Raw; TrashNet_Processed_Test,TrashNet_Raw::paper; TrashNet_Processed_Test::paper,data\raw\TrashNet\paper\paper323.jpg; data\processed\test\paper\paper323.jpg
EXACT_MD5,1dd25e1a36617f731fa2b4d7df76c684,2,TrashNet_Raw; TrashNet_Processed_Train,TrashNet_Raw::paper; TrashNet_Processed_Train::paper,data\raw\TrashNet\paper\paper324.jpg; data\processed\train\paper\paper324.jpg
EXACT_MD5,c2b4e8bdc87a9481e1dbc233bb32c6d7,2,TrashNet_Raw; TrashNet_Processed_Val,TrashNet_Raw::paper; TrashNet_Processed_Val::paper,data\raw\TrashNet\paper\paper325.jpg; data\processed\val\paper\paper325.jpg
EXACT_MD5,4babdd1646d4cf09c32a1e083af28a01,2,TrashNet_Raw; TrashNet_Processed_Train,TrashNet_Raw::paper; TrashNet_Processed_Train::paper,data\raw\TrashNet\paper\paper326.jpg; data\processed\train\paper\paper326.jpg
EXACT_MD5,3e1778847eac064acaa411e2344a652a,2,TrashNet_Raw; TrashNet_Processed_Train,TrashNet_Raw::paper; TrashNet_Processed_Train::paper,data\raw\TrashNet\paper\paper327.jpg; data\processed\train\paper\paper327.jpg
EXACT_MD5,fc982217370c1c1eb22e486db5b09ee8,2,TrashNet_Raw; TrashNet_Processed_Train,TrashNet_Raw::paper; TrashNet_Processed_Train::paper,data\raw\TrashNet\paper\paper328.jpg; data\processed\train\paper\paper328.jpg
EXACT_MD5,0c06a04369a24e0a047a6e93a54ecc3c,2,TrashNet_Raw; TrashNet_Processed_Train,TrashNet_Raw::paper; TrashNet_Processed_Train::paper,data\raw\TrashNet\paper\paper329.jpg; data\processed\train\paper\paper329.jpg
EXACT_MD5,089b316060320745fe9aa1f03f048a56,2,TrashNet_Raw; TrashNet_Processed_Test,TrashNet_Raw::paper; TrashNet_Processed_Test::paper,data\raw\TrashNet\paper\paper33.jpg; data\processed\test\paper\paper33.jpg
EXACT_MD5,31e31967e46d88ac7e17a6e268efa572,2,TrashNet_Raw; TrashNet_Processed_Val,TrashNet_Raw::paper; TrashNet_Processed_Val::paper,data\raw\TrashNet\paper\paper330.jpg; data\processed\val\paper\paper330.jpg
EXACT_MD5,a28e83c54a6db6ee0ba7ee4cf4617549,2,TrashNet_Raw; TrashNet_Processed_Val,TrashNet_Raw::paper; TrashNet_Processed_Val::paper,data\raw\TrashNet\paper\paper331.jpg; data\processed\val\paper\paper331.jpg
EXACT_MD5,0af7578720c3ce438d2b228150f92831,2,TrashNet_Raw; TrashNet_Processed_Train,TrashNet_Raw::paper; TrashNet_Processed_Train::paper,data\raw\TrashNet\paper\paper332.jpg; data\processed\train\paper\paper332.jpg
EXACT_MD5,56ae2702f2814eea6daee8b92f61cc11,2,TrashNet_Raw; TrashNet_Processed_Train,TrashNet_Raw::paper; TrashNet_Processed_Train::paper,data\raw\TrashNet\paper\paper333.jpg; data\processed\train\paper\paper333.jpg
EXACT_MD5,1f0532d7d562858e3fde347628fabeb9,2,TrashNet_Raw; TrashNet_Processed_Train,TrashNet_Raw::paper; TrashNet_Processed_Train::paper,data\raw\TrashNet\paper\paper334.jpg; data\processed\train\paper\paper334.jpg
EXACT_MD5,65bee16735ebc1a8b54f0fcc95a1b392,2,TrashNet_Raw; TrashNet_Processed_Val,TrashNet_Raw::paper; TrashNet_Processed_Val::paper,data\raw\TrashNet\paper\paper335.jpg; data\processed\val\paper\paper335.jpg
EXACT_MD5,b01deea58cdff228ca0793f0c5b2445c,2,TrashNet_Raw; TrashNet_Processed_Train,TrashNet_Raw::paper; TrashNet_Processed_Train::paper,data\raw\TrashNet\paper\paper336.jpg; data\processed\train\paper\paper336.jpg
EXACT_MD5,95592206f5bd8fa4f1e8bfed7e9172e4,2,TrashNet_Raw; TrashNet_Processed_Train,TrashNet_Raw::paper; TrashNet_Processed_Train::paper,data\raw\TrashNet\paper\paper337.jpg; data\processed\train\paper\paper337.jpg
EXACT_MD5,6c5f4f6986b715de7e8087b0f9c53453,2,TrashNet_Raw; TrashNet_Processed_Train,TrashNet_Raw::paper; TrashNet_Processed_Train::paper,data\raw\TrashNet\paper\paper338.jpg; data\processed\train\paper\paper338.jpg
EXACT_MD5,a31b819979a9802a8b09ff7cec87fc06,2,TrashNet_Raw; TrashNet_Processed_Val,TrashNet_Raw::paper; TrashNet_Processed_Val::paper,data\raw\TrashNet\paper\paper339.jpg; data\processed\val\paper\paper339.jpg
EXACT_MD5,3096d6ae7c5c796efdc6e41f81ab564f,2,TrashNet_Raw; TrashNet_Processed_Train,TrashNet_Raw::paper; TrashNet_Processed_Train::paper,data\raw\TrashNet\paper\paper34.jpg; data\processed\train\paper\paper34.jpg
EXACT_MD5,44f7e3b507cb8251c411b3baaf970cd0,2,TrashNet_Raw; TrashNet_Processed_Test,TrashNet_Raw::paper; TrashNet_Processed_Test::paper,data\raw\TrashNet\paper\paper340.jpg; data\processed\test\paper\paper340.jpg
EXACT_MD5,d3f5531aab18f1c00bf4dfc1e5970c8b,2,TrashNet_Raw; TrashNet_Processed_Val,TrashNet_Raw::paper; TrashNet_Processed_Val::paper,data\raw\TrashNet\paper\paper341.jpg; data\processed\val\paper\paper341.jpg
EXACT_MD5,f26d4ab788391bc08b257ea070e075cb,2,TrashNet_Raw; TrashNet_Processed_Test,TrashNet_Raw::paper; TrashNet_Processed_Test::paper,data\raw\TrashNet\paper\paper342.jpg; data\processed\test\paper\paper342.jpg
EXACT_MD5,bdac5faceeb2e84caa541800829e61e8,2,TrashNet_Raw; TrashNet_Processed_Val,TrashNet_Raw::paper; TrashNet_Processed_Val::paper,data\raw\TrashNet\paper\paper343.jpg; data\processed\val\paper\paper343.jpg
EXACT_MD5,70fb0a1a535a89883bec391bc34a2d1c,2,TrashNet_Raw; TrashNet_Processed_Train,TrashNet_Raw::paper; TrashNet_Processed_Train::paper,data\raw\TrashNet\paper\paper344.jpg; data\processed\train\paper\paper344.jpg
EXACT_MD5,5fd860c23bb50999311f698883a7bb33,2,TrashNet_Raw; TrashNet_Processed_Train,TrashNet_Raw::paper; TrashNet_Processed_Train::paper,data\raw\TrashNet\paper\paper345.jpg; data\processed\train\paper\paper345.jpg
EXACT_MD5,1c7ee4d8b44816b3d61622a3c895f2c6,2,TrashNet_Raw; TrashNet_Processed_Train,TrashNet_Raw::paper; TrashNet_Processed_Train::paper,data\raw\TrashNet\paper\paper346.jpg; data\processed\train\paper\paper346.jpg
EXACT_MD5,b1c8bc78a6b56af2351f22b706bcd37f,2,TrashNet_Raw; TrashNet_Processed_Train,TrashNet_Raw::paper; TrashNet_Processed_Train::paper,data\raw\TrashNet\paper\paper347.jpg; data\processed\train\paper\paper347.jpg
EXACT_MD5,a048c09cdc03954a15c19ddd26bd735a,2,TrashNet_Raw; TrashNet_Processed_Train,TrashNet_Raw::paper; TrashNet_Processed_Train::paper,data\raw\TrashNet\paper\paper348.jpg; data\processed\train\paper\paper348.jpg
EXACT_MD5,7b0aeb1f3ca57bd737a83cecfb9dbffc,2,TrashNet_Raw; TrashNet_Processed_Train,TrashNet_Raw::paper; TrashNet_Processed_Train::paper,data\raw\TrashNet\paper\paper349.jpg; data\processed\train\paper\paper349.jpg
EXACT_MD5,9784c27e81b66d80f3bc9112e721958b,2,TrashNet_Raw; TrashNet_Processed_Train,TrashNet_Raw::paper; TrashNet_Processed_Train::paper,data\raw\TrashNet\paper\paper35.jpg; data\processed\train\paper\paper35.jpg
EXACT_MD5,50567edd7cda4af193d2d157565e8117,2,TrashNet_Raw; TrashNet_Processed_Train,TrashNet_Raw::paper; TrashNet_Processed_Train::paper,data\raw\TrashNet\paper\paper350.jpg; data\processed\train\paper\paper350.jpg
EXACT_MD5,8cf9d035d6cbeaf0ffb85a4e37cdc809,2,TrashNet_Raw; TrashNet_Processed_Val,TrashNet_Raw::paper; TrashNet_Processed_Val::paper,data\raw\TrashNet\paper\paper351.jpg; data\processed\val\paper\paper351.jpg
EXACT_MD5,b62651d1fb4308ca07d47c16b226c01a,2,TrashNet_Raw; TrashNet_Processed_Train,TrashNet_Raw::paper; TrashNet_Processed_Train::paper,data\raw\TrashNet\paper\paper352.jpg; data\processed\train\paper\paper352.jpg
EXACT_MD5,47c71c23d279cca01180b834783f5b73,2,TrashNet_Raw; TrashNet_Processed_Test,TrashNet_Raw::paper; TrashNet_Processed_Test::paper,data\raw\TrashNet\paper\paper353.jpg; data\processed\test\paper\paper353.jpg
EXACT_MD5,a5d600aa5660d8bba3cc8a9004ecb642,2,TrashNet_Raw; TrashNet_Processed_Test,TrashNet_Raw::paper; TrashNet_Processed_Test::paper,data\raw\TrashNet\paper\paper354.jpg; data\processed\test\paper\paper354.jpg
EXACT_MD5,78e53c89e29c1abc150d38afad51973f,2,TrashNet_Raw; TrashNet_Processed_Train,TrashNet_Raw::paper; TrashNet_Processed_Train::paper,data\raw\TrashNet\paper\paper355.jpg; data\processed\train\paper\paper355.jpg
EXACT_MD5,2bd836cb7bae24ac885e9220e73d8a94,2,TrashNet_Raw; TrashNet_Processed_Train,TrashNet_Raw::paper; TrashNet_Processed_Train::paper,data\raw\TrashNet\paper\paper356.jpg; data\processed\train\paper\paper356.jpg
EXACT_MD5,40d7baf61e151282a894aaeca0cf77b5,2,TrashNet_Raw; TrashNet_Processed_Test,TrashNet_Raw::paper; TrashNet_Processed_Test::paper,data\raw\TrashNet\paper\paper357.jpg; data\processed\test\paper\paper357.jpg
EXACT_MD5,4d9e44266c722a0a9221ad196e4de4e2,2,TrashNet_Raw; TrashNet_Processed_Train,TrashNet_Raw::paper; TrashNet_Processed_Train::paper,data\raw\TrashNet\paper\paper358.jpg; data\processed\train\paper\paper358.jpg
EXACT_MD5,4bb2020e93233e073c2a5b8df054a38d,2,TrashNet_Raw; TrashNet_Processed_Train,TrashNet_Raw::paper; TrashNet_Processed_Train::paper,data\raw\TrashNet\paper\paper359.jpg; data\processed\train\paper\paper359.jpg
EXACT_MD5,f3d76614674b9136847eb37034ebcba2,2,TrashNet_Raw; TrashNet_Processed_Train,TrashNet_Raw::paper; TrashNet_Processed_Train::paper,data\raw\TrashNet\paper\paper36.jpg; data\processed\train\paper\paper36.jpg
EXACT_MD5,b3509fea334a851e91c140ad2487b500,2,TrashNet_Raw; TrashNet_Processed_Train,TrashNet_Raw::paper; TrashNet_Processed_Train::paper,data\raw\TrashNet\paper\paper360.jpg; data\processed\train\paper\paper360.jpg
EXACT_MD5,675de6faeada4e696516a462faa37da3,2,TrashNet_Raw; TrashNet_Processed_Train,TrashNet_Raw::paper; TrashNet_Processed_Train::paper,data\raw\TrashNet\paper\paper361.jpg; data\processed\train\paper\paper361.jpg
EXACT_MD5,94b17f2ecd1939720c0472dbe30806c1,2,TrashNet_Raw; TrashNet_Processed_Train,TrashNet_Raw::paper; TrashNet_Processed_Train::paper,data\raw\TrashNet\paper\paper362.jpg; data\processed\train\paper\paper362.jpg
EXACT_MD5,e1dd12c0e59e899dcb7ba7bf33f4afc6,2,TrashNet_Raw; TrashNet_Processed_Train,TrashNet_Raw::paper; TrashNet_Processed_Train::paper,data\raw\TrashNet\paper\paper363.jpg; data\processed\train\paper\paper363.jpg
EXACT_MD5,337dfb085d86ce9ca2962f80573646c0,2,TrashNet_Raw; TrashNet_Processed_Train,TrashNet_Raw::paper; TrashNet_Processed_Train::paper,data\raw\TrashNet\paper\paper364.jpg; data\processed\train\paper\paper364.jpg
EXACT_MD5,9c6ec00c26a4b8ee4f6c094c5982175b,2,TrashNet_Raw; TrashNet_Processed_Train,TrashNet_Raw::paper; TrashNet_Processed_Train::paper,data\raw\TrashNet\paper\paper365.jpg; data\processed\train\paper\paper365.jpg
EXACT_MD5,bde850fae52676708d2ac738694d1935,2,TrashNet_Raw; TrashNet_Processed_Train,TrashNet_Raw::paper; TrashNet_Processed_Train::paper,data\raw\TrashNet\paper\paper366.jpg; data\processed\train\paper\paper366.jpg
EXACT_MD5,e37c6bd2d6de50bc53c759f8f7991f40,2,TrashNet_Raw; TrashNet_Processed_Train,TrashNet_Raw::paper; TrashNet_Processed_Train::paper,data\raw\TrashNet\paper\paper367.jpg; data\processed\train\paper\paper367.jpg
EXACT_MD5,8de74799d52e3dc8b755ece037abd0a8,2,TrashNet_Raw; TrashNet_Processed_Train,TrashNet_Raw::paper; TrashNet_Processed_Train::paper,data\raw\TrashNet\paper\paper368.jpg; data\processed\train\paper\paper368.jpg
EXACT_MD5,7e09888613857198fa522c478fe91f0a,2,TrashNet_Raw; TrashNet_Processed_Val,TrashNet_Raw::paper; TrashNet_Processed_Val::paper,data\raw\TrashNet\paper\paper369.jpg; data\processed\val\paper\paper369.jpg
EXACT_MD5,23420d837b2a24c0cd00b36c243e0e82,2,TrashNet_Raw; TrashNet_Processed_Train,TrashNet_Raw::paper; TrashNet_Processed_Train::paper,data\raw\TrashNet\paper\paper37.jpg; data\processed\train\paper\paper37.jpg
EXACT_MD5,6758327b1b3588b98c550b918a2a4399,2,TrashNet_Raw; TrashNet_Processed_Test,TrashNet_Raw::paper; TrashNet_Processed_Test::paper,data\raw\TrashNet\paper\paper370.jpg; data\processed\test\paper\paper370.jpg
EXACT_MD5,a17391ff2753935e6dcbc114cb37504e,2,TrashNet_Raw; TrashNet_Processed_Train,TrashNet_Raw::paper; TrashNet_Processed_Train::paper,data\raw\TrashNet\paper\paper371.jpg; data\processed\train\paper\paper371.jpg
EXACT_MD5,1e8192236e244eb7c7c53bdaa0a5c859,2,TrashNet_Raw; TrashNet_Processed_Val,TrashNet_Raw::paper; TrashNet_Processed_Val::paper,data\raw\TrashNet\paper\paper372.jpg; data\processed\val\paper\paper372.jpg
EXACT_MD5,f70ff7f878a0b3df561b2d129631eaa1,2,TrashNet_Raw; TrashNet_Processed_Train,TrashNet_Raw::paper; TrashNet_Processed_Train::paper,data\raw\TrashNet\paper\paper373.jpg; data\processed\train\paper\paper373.jpg
EXACT_MD5,655aa9ed5551dc02508f94e29f4e7224,2,TrashNet_Raw; TrashNet_Processed_Val,TrashNet_Raw::paper; TrashNet_Processed_Val::paper,data\raw\TrashNet\paper\paper374.jpg; data\processed\val\paper\paper374.jpg
EXACT_MD5,82731c6604894f9b39a7301e4a1700e9,2,TrashNet_Raw; TrashNet_Processed_Train,TrashNet_Raw::paper; TrashNet_Processed_Train::paper,data\raw\TrashNet\paper\paper375.jpg; data\processed\train\paper\paper375.jpg
EXACT_MD5,ba7b12d51d0ca742f647e934498d3ec2,2,TrashNet_Raw; TrashNet_Processed_Train,TrashNet_Raw::paper; TrashNet_Processed_Train::paper,data\raw\TrashNet\paper\paper376.jpg; data\processed\train\paper\paper376.jpg
EXACT_MD5,0b6e3a1964eebe7f88426d5af7ff09f1,2,TrashNet_Raw; TrashNet_Processed_Train,TrashNet_Raw::paper; TrashNet_Processed_Train::paper,data\raw\TrashNet\paper\paper377.jpg; data\processed\train\paper\paper377.jpg
EXACT_MD5,cd8a653ee7f8edf92deee3d98ddb7a00,2,TrashNet_Raw; TrashNet_Processed_Test,TrashNet_Raw::paper; TrashNet_Processed_Test::paper,data\raw\TrashNet\paper\paper378.jpg; data\processed\test\paper\paper378.jpg
EXACT_MD5,9ab0364eeb75889e2422f32ca8d0ea26,2,TrashNet_Raw; TrashNet_Processed_Train,TrashNet_Raw::paper; TrashNet_Processed_Train::paper,data\raw\TrashNet\paper\paper379.jpg; data\processed\train\paper\paper379.jpg
EXACT_MD5,afd056343f8abffe53350f2ed2c36307,2,TrashNet_Raw; TrashNet_Processed_Test,TrashNet_Raw::paper; TrashNet_Processed_Test::paper,data\raw\TrashNet\paper\paper38.jpg; data\processed\test\paper\paper38.jpg
EXACT_MD5,a4a018c4f7fed8512386e16b1a8f7152,2,TrashNet_Raw; TrashNet_Processed_Train,TrashNet_Raw::paper; TrashNet_Processed_Train::paper,data\raw\TrashNet\paper\paper380.jpg; data\processed\train\paper\paper380.jpg
EXACT_MD5,771537fd0926353256fd6d4e78dd49aa,2,TrashNet_Raw; TrashNet_Processed_Train,TrashNet_Raw::paper; TrashNet_Processed_Train::paper,data\raw\TrashNet\paper\paper381.jpg; data\processed\train\paper\paper381.jpg
EXACT_MD5,ac7d71d637b34f3edce960f7a225f806,2,TrashNet_Raw; TrashNet_Processed_Val,TrashNet_Raw::paper; TrashNet_Processed_Val::paper,data\raw\TrashNet\paper\paper382.jpg; data\processed\val\paper\paper382.jpg
EXACT_MD5,b27927fa4e4d7c95c0a419e95373f706,2,TrashNet_Raw; TrashNet_Processed_Train,TrashNet_Raw::paper; TrashNet_Processed_Train::paper,data\raw\TrashNet\paper\paper383.jpg; data\processed\train\paper\paper383.jpg
EXACT_MD5,3fcd4a8d5029e5e284c6994968951155,2,TrashNet_Raw; TrashNet_Processed_Train,TrashNet_Raw::paper; TrashNet_Processed_Train::paper,data\raw\TrashNet\paper\paper384.jpg; data\processed\train\paper\paper384.jpg
EXACT_MD5,b017e150a81a35b7291e3805d70293cf,2,TrashNet_Raw; TrashNet_Processed_Train,TrashNet_Raw::paper; TrashNet_Processed_Train::paper,data\raw\TrashNet\paper\paper385.jpg; data\processed\train\paper\paper385.jpg
EXACT_MD5,964a888df946e024e56bd2608d15fb2a,2,TrashNet_Raw; TrashNet_Processed_Train,TrashNet_Raw::paper; TrashNet_Processed_Train::paper,data\raw\TrashNet\paper\paper386.jpg; data\processed\train\paper\paper386.jpg
EXACT_MD5,ff97d6c17d857b1c9d0584d795676ae3,2,TrashNet_Raw; TrashNet_Processed_Val,TrashNet_Raw::paper; TrashNet_Processed_Val::paper,data\raw\TrashNet\paper\paper387.jpg; data\processed\val\paper\paper387.jpg
EXACT_MD5,d168698be5e57117df8f014238004e0c,2,TrashNet_Raw; TrashNet_Processed_Train,TrashNet_Raw::paper; TrashNet_Processed_Train::paper,data\raw\TrashNet\paper\paper388.jpg; data\processed\train\paper\paper388.jpg
EXACT_MD5,547c5b86b5998e4ffaf38d95fa9c26ed,2,TrashNet_Raw; TrashNet_Processed_Train,TrashNet_Raw::paper; TrashNet_Processed_Train::paper,data\raw\TrashNet\paper\paper389.jpg; data\processed\train\paper\paper389.jpg
EXACT_MD5,b89ef6f65959b42a390c6659151fa4b6,2,TrashNet_Raw; TrashNet_Processed_Train,TrashNet_Raw::paper; TrashNet_Processed_Train::paper,data\raw\TrashNet\paper\paper39.jpg; data\processed\train\paper\paper39.jpg
EXACT_MD5,7792ff944ada1c8854d30a9f29412303,2,TrashNet_Raw; TrashNet_Processed_Train,TrashNet_Raw::paper; TrashNet_Processed_Train::paper,data\raw\TrashNet\paper\paper390.jpg; data\processed\train\paper\paper390.jpg
EXACT_MD5,ec52ee2283afe6e18ab5226554431a33,2,TrashNet_Raw; TrashNet_Processed_Val,TrashNet_Raw::paper; TrashNet_Processed_Val::paper,data\raw\TrashNet\paper\paper391.jpg; data\processed\val\paper\paper391.jpg
EXACT_MD5,6f81c74319693a7d8770491675ac7640,2,TrashNet_Raw; TrashNet_Processed_Train,TrashNet_Raw::paper; TrashNet_Processed_Train::paper,data\raw\TrashNet\paper\paper392.jpg; data\processed\train\paper\paper392.jpg
EXACT_MD5,8e9225da6417910032ed42a6770e1d0f,2,TrashNet_Raw; TrashNet_Processed_Train,TrashNet_Raw::paper; TrashNet_Processed_Train::paper,data\raw\TrashNet\paper\paper393.jpg; data\processed\train\paper\paper393.jpg
EXACT_MD5,6834af4634c081ba3ce1d4387b59cb65,2,TrashNet_Raw; TrashNet_Processed_Train,TrashNet_Raw::paper; TrashNet_Processed_Train::paper,data\raw\TrashNet\paper\paper394.jpg; data\processed\train\paper\paper394.jpg
EXACT_MD5,5c49d304c0ce7b32202979e3214708bb,2,TrashNet_Raw; TrashNet_Processed_Train,TrashNet_Raw::paper; TrashNet_Processed_Train::paper,data\raw\TrashNet\paper\paper395.jpg; data\processed\train\paper\paper395.jpg
EXACT_MD5,18191a13ed2fec91ebe679867b316b35,2,TrashNet_Raw; TrashNet_Processed_Val,TrashNet_Raw::paper; TrashNet_Processed_Val::paper,data\raw\TrashNet\paper\paper396.jpg; data\processed\val\paper\paper396.jpg
EXACT_MD5,1a5f61e07e6daf70625056e638d97e48,2,TrashNet_Raw; TrashNet_Processed_Train,TrashNet_Raw::paper; TrashNet_Processed_Train::paper,data\raw\TrashNet\paper\paper397.jpg; data\processed\train\paper\paper397.jpg
EXACT_MD5,ee74cd49ab657ab1b82d90fbdf4018dd,2,TrashNet_Raw; TrashNet_Processed_Train,TrashNet_Raw::paper; TrashNet_Processed_Train::paper,data\raw\TrashNet\paper\paper398.jpg; data\processed\train\paper\paper398.jpg
EXACT_MD5,6daf6aa689887c769d64b88a2bb79552,2,TrashNet_Raw; TrashNet_Processed_Train,TrashNet_Raw::paper; TrashNet_Processed_Train::paper,data\raw\TrashNet\paper\paper399.jpg; data\processed\train\paper\paper399.jpg
EXACT_MD5,8c837515b231a7dbd57c7e4dcbdec50e,2,TrashNet_Raw; TrashNet_Processed_Val,TrashNet_Raw::paper; TrashNet_Processed_Val::paper,data\raw\TrashNet\paper\paper4.jpg; data\processed\val\paper\paper4.jpg
EXACT_MD5,4ca20aac185dc5e6a2dfe55cacca8f7f,2,TrashNet_Raw; TrashNet_Processed_Train,TrashNet_Raw::paper; TrashNet_Processed_Train::paper,data\raw\TrashNet\paper\paper40.jpg; data\processed\train\paper\paper40.jpg
EXACT_MD5,3403aca3bbd67a4d9bac3dc008f6282e,2,TrashNet_Raw; TrashNet_Processed_Test,TrashNet_Raw::paper; TrashNet_Processed_Test::paper,data\raw\TrashNet\paper\paper400.jpg; data\processed\test\paper\paper400.jpg
EXACT_MD5,f2139ac209b47584277dd0db14292d5e,2,TrashNet_Raw; TrashNet_Processed_Test,TrashNet_Raw::paper; TrashNet_Processed_Test::paper,data\raw\TrashNet\paper\paper401.jpg; data\processed\test\paper\paper401.jpg
EXACT_MD5,eea03526098a438c70883a0bf3d537ce,2,TrashNet_Raw; TrashNet_Processed_Val,TrashNet_Raw::paper; TrashNet_Processed_Val::paper,data\raw\TrashNet\paper\paper402.jpg; data\processed\val\paper\paper402.jpg
EXACT_MD5,2b74cfa038882a6d1a91c6b4013f18d6,2,TrashNet_Raw; TrashNet_Processed_Train,TrashNet_Raw::paper; TrashNet_Processed_Train::paper,data\raw\TrashNet\paper\paper403.jpg; data\processed\train\paper\paper403.jpg
EXACT_MD5,88c18eb29e992ade9e5c716ebacfe90c,2,TrashNet_Raw; TrashNet_Processed_Train,TrashNet_Raw::paper; TrashNet_Processed_Train::paper,data\raw\TrashNet\paper\paper404.jpg; data\processed\train\paper\paper404.jpg
EXACT_MD5,1a8c7f71a46ac682f8d3f32629e3f3a5,2,TrashNet_Raw; TrashNet_Processed_Train,TrashNet_Raw::paper; TrashNet_Processed_Train::paper,data\raw\TrashNet\paper\paper405.jpg; data\processed\train\paper\paper405.jpg
EXACT_MD5,a0279eba64ec380614872940a7c8d867,2,TrashNet_Raw; TrashNet_Processed_Test,TrashNet_Raw::paper; TrashNet_Processed_Test::paper,data\raw\TrashNet\paper\paper406.jpg; data\processed\test\paper\paper406.jpg
EXACT_MD5,a25ce4737af3ff64673122a0a71d95a9,2,TrashNet_Raw; TrashNet_Processed_Train,TrashNet_Raw::paper; TrashNet_Processed_Train::paper,data\raw\TrashNet\paper\paper407.jpg; data\processed\train\paper\paper407.jpg
EXACT_MD5,683715785ba0c787a16db840ff338716,2,TrashNet_Raw; TrashNet_Processed_Train,TrashNet_Raw::paper; TrashNet_Processed_Train::paper,data\raw\TrashNet\paper\paper408.jpg; data\processed\train\paper\paper408.jpg
EXACT_MD5,95ee009bd89cc6b8c4a53ef675c038ee,2,TrashNet_Raw; TrashNet_Processed_Train,TrashNet_Raw::paper; TrashNet_Processed_Train::paper,data\raw\TrashNet\paper\paper409.jpg; data\processed\train\paper\paper409.jpg
EXACT_MD5,e98cc772e99b34751574762a1054e395,2,TrashNet_Raw; TrashNet_Processed_Train,TrashNet_Raw::paper; TrashNet_Processed_Train::paper,data\raw\TrashNet\paper\paper41.jpg; data\processed\train\paper\paper41.jpg
EXACT_MD5,a73f64fc7773138caa1588f9c5f5eb17,2,TrashNet_Raw; TrashNet_Processed_Train,TrashNet_Raw::paper; TrashNet_Processed_Train::paper,data\raw\TrashNet\paper\paper410.jpg; data\processed\train\paper\paper410.jpg
EXACT_MD5,65fc65b9966961e3771b9e3bd625e8f2,2,TrashNet_Raw; TrashNet_Processed_Train,TrashNet_Raw::paper; TrashNet_Processed_Train::paper,data\raw\TrashNet\paper\paper411.jpg; data\processed\train\paper\paper411.jpg
EXACT_MD5,de6b7b9cbfd7c732eec7852f5bda6e18,2,TrashNet_Raw; TrashNet_Processed_Train,TrashNet_Raw::paper; TrashNet_Processed_Train::paper,data\raw\TrashNet\paper\paper412.jpg; data\processed\train\paper\paper412.jpg
EXACT_MD5,ac6d405582a434ea08e771f152b563c2,2,TrashNet_Raw; TrashNet_Processed_Train,TrashNet_Raw::paper; TrashNet_Processed_Train::paper,data\raw\TrashNet\paper\paper413.jpg; data\processed\train\paper\paper413.jpg
EXACT_MD5,1f6a993c4fd7eb8fa4347b3df7d377e0,2,TrashNet_Raw; TrashNet_Processed_Train,TrashNet_Raw::paper; TrashNet_Processed_Train::paper,data\raw\TrashNet\paper\paper414.jpg; data\processed\train\paper\paper414.jpg
EXACT_MD5,4225da50ac662b3ed2f8d770b682a4fd,2,TrashNet_Raw; TrashNet_Processed_Val,TrashNet_Raw::paper; TrashNet_Processed_Val::paper,data\raw\TrashNet\paper\paper415.jpg; data\processed\val\paper\paper415.jpg
EXACT_MD5,5d0bf3940aaa02ae3835b5423869fd40,2,TrashNet_Raw; TrashNet_Processed_Train,TrashNet_Raw::paper; TrashNet_Processed_Train::paper,data\raw\TrashNet\paper\paper416.jpg; data\processed\train\paper\paper416.jpg
EXACT_MD5,1d3a4e9d1091783f3f73d7687b6bfb09,2,TrashNet_Raw; TrashNet_Processed_Train,TrashNet_Raw::paper; TrashNet_Processed_Train::paper,data\raw\TrashNet\paper\paper417.jpg; data\processed\train\paper\paper417.jpg
EXACT_MD5,ae0096f303cac489bac082334e6446b0,2,TrashNet_Raw; TrashNet_Processed_Train,TrashNet_Raw::paper; TrashNet_Processed_Train::paper,data\raw\TrashNet\paper\paper418.jpg; data\processed\train\paper\paper418.jpg
EXACT_MD5,8746ed6fcaf54af6a324714ea77b50da,2,TrashNet_Raw; TrashNet_Processed_Train,TrashNet_Raw::paper; TrashNet_Processed_Train::paper,data\raw\TrashNet\paper\paper419.jpg; data\processed\train\paper\paper419.jpg
EXACT_MD5,e453be7372802fc340d585deab2177d4,2,TrashNet_Raw; TrashNet_Processed_Train,TrashNet_Raw::paper; TrashNet_Processed_Train::paper,data\raw\TrashNet\paper\paper42.jpg; data\processed\train\paper\paper42.jpg
EXACT_MD5,6ca2183d84da962d3791e6808adb9c70,2,TrashNet_Raw; TrashNet_Processed_Train,TrashNet_Raw::paper; TrashNet_Processed_Train::paper,data\raw\TrashNet\paper\paper420.jpg; data\processed\train\paper\paper420.jpg
EXACT_MD5,7d859fe079492829dc445a4c33a3b81b,2,TrashNet_Raw; TrashNet_Processed_Train,TrashNet_Raw::paper; TrashNet_Processed_Train::paper,data\raw\TrashNet\paper\paper421.jpg; data\processed\train\paper\paper421.jpg
EXACT_MD5,b0c7b4978b5ae67c05d602856d2bf604,2,TrashNet_Raw; TrashNet_Processed_Val,TrashNet_Raw::paper; TrashNet_Processed_Val::paper,data\raw\TrashNet\paper\paper422.jpg; data\processed\val\paper\paper422.jpg
EXACT_MD5,75737f0ebb068f991eabe47caf17791a,2,TrashNet_Raw; TrashNet_Processed_Train,TrashNet_Raw::paper; TrashNet_Processed_Train::paper,data\raw\TrashNet\paper\paper423.jpg; data\processed\train\paper\paper423.jpg
EXACT_MD5,32288a47a3114acb3f1c97ee1c9d62f7,2,TrashNet_Raw; TrashNet_Processed_Train,TrashNet_Raw::paper; TrashNet_Processed_Train::paper,data\raw\TrashNet\paper\paper424.jpg; data\processed\train\paper\paper424.jpg
EXACT_MD5,375f6c8e53b549b28211ec592032a569,2,TrashNet_Raw; TrashNet_Processed_Train,TrashNet_Raw::paper; TrashNet_Processed_Train::paper,data\raw\TrashNet\paper\paper425.jpg; data\processed\train\paper\paper425.jpg
EXACT_MD5,68c281e2edf037a329daf68979572902,2,TrashNet_Raw; TrashNet_Processed_Train,TrashNet_Raw::paper; TrashNet_Processed_Train::paper,data\raw\TrashNet\paper\paper426.jpg; data\processed\train\paper\paper426.jpg
EXACT_MD5,81b097bcc76afc17bbb8c5dc0d438244,2,TrashNet_Raw; TrashNet_Processed_Val,TrashNet_Raw::paper; TrashNet_Processed_Val::paper,data\raw\TrashNet\paper\paper427.jpg; data\processed\val\paper\paper427.jpg
EXACT_MD5,0d0b148138617d9a1bc8302b4f4fe7fd,2,TrashNet_Raw; TrashNet_Processed_Train,TrashNet_Raw::paper; TrashNet_Processed_Train::paper,data\raw\TrashNet\paper\paper428.jpg; data\processed\train\paper\paper428.jpg
EXACT_MD5,bb923135f093bc0affbffef36f69cce4,2,TrashNet_Raw; TrashNet_Processed_Test,TrashNet_Raw::paper; TrashNet_Processed_Test::paper,data\raw\TrashNet\paper\paper429.jpg; data\processed\test\paper\paper429.jpg
EXACT_MD5,3c6bf0c3a00d159692f8a2eb3ddb9019,2,TrashNet_Raw; TrashNet_Processed_Test,TrashNet_Raw::paper; TrashNet_Processed_Test::paper,data\raw\TrashNet\paper\paper43.jpg; data\processed\test\paper\paper43.jpg
EXACT_MD5,5b7b018c93613ef2bb4fb130f0a3cf48,2,TrashNet_Raw; TrashNet_Processed_Train,TrashNet_Raw::paper; TrashNet_Processed_Train::paper,data\raw\TrashNet\paper\paper430.jpg; data\processed\train\paper\paper430.jpg
EXACT_MD5,0418bb889cf66e1c5138dccbb6577c46,2,TrashNet_Raw; TrashNet_Processed_Val,TrashNet_Raw::paper; TrashNet_Processed_Val::paper,data\raw\TrashNet\paper\paper431.jpg; data\processed\val\paper\paper431.jpg
EXACT_MD5,f1289fdffd4ff09df015f3f560c16b74,2,TrashNet_Raw; TrashNet_Processed_Train,TrashNet_Raw::paper; TrashNet_Processed_Train::paper,data\raw\TrashNet\paper\paper432.jpg; data\processed\train\paper\paper432.jpg
EXACT_MD5,08668cef409a0d9bfaaf79246d62e6f2,2,TrashNet_Raw; TrashNet_Processed_Test,TrashNet_Raw::paper; TrashNet_Processed_Test::paper,data\raw\TrashNet\paper\paper433.jpg; data\processed\test\paper\paper433.jpg
EXACT_MD5,58991f3b30bd11a3c4d8c92d2789bdb3,2,TrashNet_Raw; TrashNet_Processed_Val,TrashNet_Raw::paper; TrashNet_Processed_Val::paper,data\raw\TrashNet\paper\paper434.jpg; data\processed\val\paper\paper434.jpg
EXACT_MD5,61cb5abd9f7c55ef90cb4504466819c1,2,TrashNet_Raw; TrashNet_Processed_Val,TrashNet_Raw::paper; TrashNet_Processed_Val::paper,data\raw\TrashNet\paper\paper435.jpg; data\processed\val\paper\paper435.jpg
EXACT_MD5,9a3dcce39ea30e4cdeda7b91bd7f9ed2,2,TrashNet_Raw; TrashNet_Processed_Train,TrashNet_Raw::paper; TrashNet_Processed_Train::paper,data\raw\TrashNet\paper\paper436.jpg; data\processed\train\paper\paper436.jpg
EXACT_MD5,8a861758b0df919d16481c2609e80ec7,2,TrashNet_Raw; TrashNet_Processed_Train,TrashNet_Raw::paper; TrashNet_Processed_Train::paper,data\raw\TrashNet\paper\paper437.jpg; data\processed\train\paper\paper437.jpg
EXACT_MD5,e2fd777130526610dc7f945069c7af6d,2,TrashNet_Raw; TrashNet_Processed_Test,TrashNet_Raw::paper; TrashNet_Processed_Test::paper,data\raw\TrashNet\paper\paper438.jpg; data\processed\test\paper\paper438.jpg
EXACT_MD5,b2803f8eff4b236c8939a6c528b5ffb2,2,TrashNet_Raw; TrashNet_Processed_Test,TrashNet_Raw::paper; TrashNet_Processed_Test::paper,data\raw\TrashNet\paper\paper439.jpg; data\processed\test\paper\paper439.jpg
EXACT_MD5,53b58be9c2eda77fcc78d8d0ea9a5a0d,2,TrashNet_Raw; TrashNet_Processed_Train,TrashNet_Raw::paper; TrashNet_Processed_Train::paper,data\raw\TrashNet\paper\paper44.jpg; data\processed\train\paper\paper44.jpg
EXACT_MD5,ab83f2eb2441c76b953afdb7e00160c2,2,TrashNet_Raw; TrashNet_Processed_Test,TrashNet_Raw::paper; TrashNet_Processed_Test::paper,data\raw\TrashNet\paper\paper440.jpg; data\processed\test\paper\paper440.jpg
EXACT_MD5,8d893069a17b9844388392e659aaf906,2,TrashNet_Raw; TrashNet_Processed_Test,TrashNet_Raw::paper; TrashNet_Processed_Test::paper,data\raw\TrashNet\paper\paper441.jpg; data\processed\test\paper\paper441.jpg
EXACT_MD5,5dafd0fb0a3e47d759c757d3a65b9048,2,TrashNet_Raw; TrashNet_Processed_Val,TrashNet_Raw::paper; TrashNet_Processed_Val::paper,data\raw\TrashNet\paper\paper442.jpg; data\processed\val\paper\paper442.jpg
EXACT_MD5,c0535647a8d316ff0258203c91d56922,2,TrashNet_Raw; TrashNet_Processed_Train,TrashNet_Raw::paper; TrashNet_Processed_Train::paper,data\raw\TrashNet\paper\paper443.jpg; data\processed\train\paper\paper443.jpg
EXACT_MD5,4ff9536de066d526b780beb0756317cb,2,TrashNet_Raw; TrashNet_Processed_Train,TrashNet_Raw::paper; TrashNet_Processed_Train::paper,data\raw\TrashNet\paper\paper444.jpg; data\processed\train\paper\paper444.jpg
EXACT_MD5,ad7abc700bc6d44056a986c0ff628434,2,TrashNet_Raw; TrashNet_Processed_Train,TrashNet_Raw::paper; TrashNet_Processed_Train::paper,data\raw\TrashNet\paper\paper445.jpg; data\processed\train\paper\paper445.jpg
EXACT_MD5,fe153a012e7be4ac380f1b5de3d7915c,2,TrashNet_Raw; TrashNet_Processed_Train,TrashNet_Raw::paper; TrashNet_Processed_Train::paper,data\raw\TrashNet\paper\paper446.jpg; data\processed\train\paper\paper446.jpg
EXACT_MD5,152fa806c87df2b3bc12c2e80681c1ae,2,TrashNet_Raw; TrashNet_Processed_Train,TrashNet_Raw::paper; TrashNet_Processed_Train::paper,data\raw\TrashNet\paper\paper447.jpg; data\processed\train\paper\paper447.jpg
EXACT_MD5,d7379d21e0430cd351d54e418021a3c9,2,TrashNet_Raw; TrashNet_Processed_Train,TrashNet_Raw::paper; TrashNet_Processed_Train::paper,data\raw\TrashNet\paper\paper448.jpg; data\processed\train\paper\paper448.jpg
EXACT_MD5,89e2cfd6aa8302554483b3181bfba649,2,TrashNet_Raw; TrashNet_Processed_Train,TrashNet_Raw::paper; TrashNet_Processed_Train::paper,data\raw\TrashNet\paper\paper449.jpg; data\processed\train\paper\paper449.jpg
EXACT_MD5,1fd99b20512a872027687d083ebd5936,2,TrashNet_Raw; TrashNet_Processed_Train,TrashNet_Raw::paper; TrashNet_Processed_Train::paper,data\raw\TrashNet\paper\paper45.jpg; data\processed\train\paper\paper45.jpg
EXACT_MD5,0c3e0d9b410e0ea3590e4c5c0d1f8533,2,TrashNet_Raw; TrashNet_Processed_Test,TrashNet_Raw::paper; TrashNet_Processed_Test::paper,data\raw\TrashNet\paper\paper450.jpg; data\processed\test\paper\paper450.jpg
EXACT_MD5,22ba0c4211ea813c323fe1dd062ebe48,2,TrashNet_Raw; TrashNet_Processed_Train,TrashNet_Raw::paper; TrashNet_Processed_Train::paper,data\raw\TrashNet\paper\paper451.jpg; data\processed\train\paper\paper451.jpg
EXACT_MD5,393720a0faeca77e2bbba638dc00ec86,2,TrashNet_Raw; TrashNet_Processed_Train,TrashNet_Raw::paper; TrashNet_Processed_Train::paper,data\raw\TrashNet\paper\paper452.jpg; data\processed\train\paper\paper452.jpg
EXACT_MD5,d6b13af757d105f8e9fb99422099c4e3,2,TrashNet_Raw; TrashNet_Processed_Val,TrashNet_Raw::paper; TrashNet_Processed_Val::paper,data\raw\TrashNet\paper\paper453.jpg; data\processed\val\paper\paper453.jpg
EXACT_MD5,431b2ab0082d7b41aa08d3b7691fed41,2,TrashNet_Raw; TrashNet_Processed_Train,TrashNet_Raw::paper; TrashNet_Processed_Train::paper,data\raw\TrashNet\paper\paper454.jpg; data\processed\train\paper\paper454.jpg
EXACT_MD5,0911700ff73ce964f5b1afb512b7626c,2,TrashNet_Raw; TrashNet_Processed_Train,TrashNet_Raw::paper; TrashNet_Processed_Train::paper,data\raw\TrashNet\paper\paper455.jpg; data\processed\train\paper\paper455.jpg
EXACT_MD5,5e05509ecd36292c695377b8500fa51e,2,TrashNet_Raw; TrashNet_Processed_Train,TrashNet_Raw::paper; TrashNet_Processed_Train::paper,data\raw\TrashNet\paper\paper456.jpg; data\processed\train\paper\paper456.jpg
EXACT_MD5,10f5689cb87d1312aa1e323ea3f27c47,2,TrashNet_Raw; TrashNet_Processed_Test,TrashNet_Raw::paper; TrashNet_Processed_Test::paper,data\raw\TrashNet\paper\paper457.jpg; data\processed\test\paper\paper457.jpg
EXACT_MD5,91a02aea8b3fb46e48ea3b140c345d20,2,TrashNet_Raw; TrashNet_Processed_Val,TrashNet_Raw::paper; TrashNet_Processed_Val::paper,data\raw\TrashNet\paper\paper458.jpg; data\processed\val\paper\paper458.jpg
EXACT_MD5,520bacd891d53accb049d93d7675314f,2,TrashNet_Raw; TrashNet_Processed_Train,TrashNet_Raw::paper; TrashNet_Processed_Train::paper,data\raw\TrashNet\paper\paper459.jpg; data\processed\train\paper\paper459.jpg
EXACT_MD5,8943ed93d7256d4eb1762f17934b8236,2,TrashNet_Raw; TrashNet_Processed_Train,TrashNet_Raw::paper; TrashNet_Processed_Train::paper,data\raw\TrashNet\paper\paper46.jpg; data\processed\train\paper\paper46.jpg
EXACT_MD5,4abaaa4755f67c37c430efd05a88aebb,2,TrashNet_Raw; TrashNet_Processed_Val,TrashNet_Raw::paper; TrashNet_Processed_Val::paper,data\raw\TrashNet\paper\paper460.jpg; data\processed\val\paper\paper460.jpg
EXACT_MD5,8be146ba8acb4072b7fb44b726900077,2,TrashNet_Raw; TrashNet_Processed_Train,TrashNet_Raw::paper; TrashNet_Processed_Train::paper,data\raw\TrashNet\paper\paper461.jpg; data\processed\train\paper\paper461.jpg
EXACT_MD5,c0e6ba2603e28047603b47d90a7e7ee8,2,TrashNet_Raw; TrashNet_Processed_Test,TrashNet_Raw::paper; TrashNet_Processed_Test::paper,data\raw\TrashNet\paper\paper462.jpg; data\processed\test\paper\paper462.jpg
EXACT_MD5,c89dfe88077b172603162dbe205045f1,2,TrashNet_Raw; TrashNet_Processed_Test,TrashNet_Raw::paper; TrashNet_Processed_Test::paper,data\raw\TrashNet\paper\paper463.jpg; data\processed\test\paper\paper463.jpg
EXACT_MD5,edc9303323451cc02ad4231c3e11924b,2,TrashNet_Raw; TrashNet_Processed_Train,TrashNet_Raw::paper; TrashNet_Processed_Train::paper,data\raw\TrashNet\paper\paper464.jpg; data\processed\train\paper\paper464.jpg
EXACT_MD5,4a48ec911c006f23af74b5dbae6c8c6a,2,TrashNet_Raw; TrashNet_Processed_Val,TrashNet_Raw::paper; TrashNet_Processed_Val::paper,data\raw\TrashNet\paper\paper465.jpg; data\processed\val\paper\paper465.jpg
EXACT_MD5,490e799b4066e5aa3452d6651dc67df1,2,TrashNet_Raw; TrashNet_Processed_Test,TrashNet_Raw::paper; TrashNet_Processed_Test::paper,data\raw\TrashNet\paper\paper466.jpg; data\processed\test\paper\paper466.jpg
EXACT_MD5,46497bd44602f84641c466cde30dc8b7,2,TrashNet_Raw; TrashNet_Processed_Train,TrashNet_Raw::paper; TrashNet_Processed_Train::paper,data\raw\TrashNet\paper\paper467.jpg; data\processed\train\paper\paper467.jpg
EXACT_MD5,5d0c1fe688aec95b29046f8f75176c34,2,TrashNet_Raw; TrashNet_Processed_Train,TrashNet_Raw::paper; TrashNet_Processed_Train::paper,data\raw\TrashNet\paper\paper468.jpg; data\processed\train\paper\paper468.jpg
EXACT_MD5,a01da42482b313bdffb3f282c0d5f715,2,TrashNet_Raw; TrashNet_Processed_Train,TrashNet_Raw::paper; TrashNet_Processed_Train::paper,data\raw\TrashNet\paper\paper469.jpg; data\processed\train\paper\paper469.jpg
EXACT_MD5,2775aecf5e9056231e04819f4bad65ee,2,TrashNet_Raw; TrashNet_Processed_Train,TrashNet_Raw::paper; TrashNet_Processed_Train::paper,data\raw\TrashNet\paper\paper47.jpg; data\processed\train\paper\paper47.jpg
EXACT_MD5,5ad3b27564a385f9f314b8bf4eac0705,2,TrashNet_Raw; TrashNet_Processed_Train,TrashNet_Raw::paper; TrashNet_Processed_Train::paper,data\raw\TrashNet\paper\paper470.jpg; data\processed\train\paper\paper470.jpg
EXACT_MD5,c00ec7e6b79c6b0ac1021f3534277f38,2,TrashNet_Raw; TrashNet_Processed_Train,TrashNet_Raw::paper; TrashNet_Processed_Train::paper,data\raw\TrashNet\paper\paper471.jpg; data\processed\train\paper\paper471.jpg
EXACT_MD5,b1c3a3be03ed18dcb95b31be4790a616,2,TrashNet_Raw; TrashNet_Processed_Train,TrashNet_Raw::paper; TrashNet_Processed_Train::paper,data\raw\TrashNet\paper\paper472.jpg; data\processed\train\paper\paper472.jpg
EXACT_MD5,9963609c5cfd0aacff76263eb6698044,2,TrashNet_Raw; TrashNet_Processed_Train,TrashNet_Raw::paper; TrashNet_Processed_Train::paper,data\raw\TrashNet\paper\paper473.jpg; data\processed\train\paper\paper473.jpg
EXACT_MD5,57c33effd665ae28099390b065624cdf,2,TrashNet_Raw; TrashNet_Processed_Train,TrashNet_Raw::paper; TrashNet_Processed_Train::paper,data\raw\TrashNet\paper\paper474.jpg; data\processed\train\paper\paper474.jpg
EXACT_MD5,d97185b60b983f3d0249e5e5a3c8ebe8,2,TrashNet_Raw; TrashNet_Processed_Test,TrashNet_Raw::paper; TrashNet_Processed_Test::paper,data\raw\TrashNet\paper\paper475.jpg; data\processed\test\paper\paper475.jpg
EXACT_MD5,15bcf8afda9033b036521883d5f993ef,2,TrashNet_Raw; TrashNet_Processed_Test,TrashNet_Raw::paper; TrashNet_Processed_Test::paper,data\raw\TrashNet\paper\paper476.jpg; data\processed\test\paper\paper476.jpg
EXACT_MD5,66d1e6abab35c54dd3eea32c424b67ef,2,TrashNet_Raw; TrashNet_Processed_Train,TrashNet_Raw::paper; TrashNet_Processed_Train::paper,data\raw\TrashNet\paper\paper477.jpg; data\processed\train\paper\paper477.jpg
EXACT_MD5,a9323114fb680eaa8d86a44cef34b7d9,2,TrashNet_Raw; TrashNet_Processed_Train,TrashNet_Raw::paper; TrashNet_Processed_Train::paper,data\raw\TrashNet\paper\paper478.jpg; data\processed\train\paper\paper478.jpg
EXACT_MD5,349d4d7b09205c84f550baeadd78ab86,2,TrashNet_Raw; TrashNet_Processed_Train,TrashNet_Raw::paper; TrashNet_Processed_Train::paper,data\raw\TrashNet\paper\paper479.jpg; data\processed\train\paper\paper479.jpg
EXACT_MD5,d665942bf9b8ee0699b6c872785dc4cb,2,TrashNet_Raw; TrashNet_Processed_Train,TrashNet_Raw::paper; TrashNet_Processed_Train::paper,data\raw\TrashNet\paper\paper48.jpg; data\processed\train\paper\paper48.jpg
EXACT_MD5,1f62270c63db85aedf3f8ac664a37259,2,TrashNet_Raw; TrashNet_Processed_Val,TrashNet_Raw::paper; TrashNet_Processed_Val::paper,data\raw\TrashNet\paper\paper480.jpg; data\processed\val\paper\paper480.jpg
EXACT_MD5,e519cb7d6c84877aeb4df357f738c390,2,TrashNet_Raw; TrashNet_Processed_Test,TrashNet_Raw::paper; TrashNet_Processed_Test::paper,data\raw\TrashNet\paper\paper481.jpg; data\processed\test\paper\paper481.jpg
EXACT_MD5,cbd79534ddffd932266495b915e41f0c,2,TrashNet_Raw; TrashNet_Processed_Train,TrashNet_Raw::paper; TrashNet_Processed_Train::paper,data\raw\TrashNet\paper\paper482.jpg; data\processed\train\paper\paper482.jpg
EXACT_MD5,406e8ff15afc6d6858b2ca9d59ba7a61,2,TrashNet_Raw; TrashNet_Processed_Train,TrashNet_Raw::paper; TrashNet_Processed_Train::paper,data\raw\TrashNet\paper\paper483.jpg; data\processed\train\paper\paper483.jpg
EXACT_MD5,6ab4225ad5ed4b59385420008a505d69,2,TrashNet_Raw; TrashNet_Processed_Train,TrashNet_Raw::paper; TrashNet_Processed_Train::paper,data\raw\TrashNet\paper\paper484.jpg; data\processed\train\paper\paper484.jpg
EXACT_MD5,f05fa054f95fa614b4258d3edf31b694,2,TrashNet_Raw; TrashNet_Processed_Train,TrashNet_Raw::paper; TrashNet_Processed_Train::paper,data\raw\TrashNet\paper\paper485.jpg; data\processed\train\paper\paper485.jpg
EXACT_MD5,860cb7e08c35f1886eb788ddfe581734,2,TrashNet_Raw; TrashNet_Processed_Test,TrashNet_Raw::paper; TrashNet_Processed_Test::paper,data\raw\TrashNet\paper\paper486.jpg; data\processed\test\paper\paper486.jpg
EXACT_MD5,d78e197432b6f7831b95a12436eaf625,2,TrashNet_Raw; TrashNet_Processed_Train,TrashNet_Raw::paper; TrashNet_Processed_Train::paper,data\raw\TrashNet\paper\paper487.jpg; data\processed\train\paper\paper487.jpg
EXACT_MD5,45cf3156963e057d6b360abc32bd3a07,2,TrashNet_Raw; TrashNet_Processed_Train,TrashNet_Raw::paper; TrashNet_Processed_Train::paper,data\raw\TrashNet\paper\paper488.jpg; data\processed\train\paper\paper488.jpg
EXACT_MD5,18d46e95018a4cee4ac942b4fd389002,2,TrashNet_Raw; TrashNet_Processed_Train,TrashNet_Raw::paper; TrashNet_Processed_Train::paper,data\raw\TrashNet\paper\paper489.jpg; data\processed\train\paper\paper489.jpg
EXACT_MD5,b1f94b5a79fb550ccdbd5d832af742e1,2,TrashNet_Raw; TrashNet_Processed_Val,TrashNet_Raw::paper; TrashNet_Processed_Val::paper,data\raw\TrashNet\paper\paper49.jpg; data\processed\val\paper\paper49.jpg
EXACT_MD5,56031303fb9fb051823cc6369bc21393,2,TrashNet_Raw; TrashNet_Processed_Train,TrashNet_Raw::paper; TrashNet_Processed_Train::paper,data\raw\TrashNet\paper\paper490.jpg; data\processed\train\paper\paper490.jpg
EXACT_MD5,7de20f33ce221f56f62167a72442bd81,2,TrashNet_Raw; TrashNet_Processed_Train,TrashNet_Raw::paper; TrashNet_Processed_Train::paper,data\raw\TrashNet\paper\paper491.jpg; data\processed\train\paper\paper491.jpg
EXACT_MD5,5bcfe64ca857924c5f01f84e7e14d74a,2,TrashNet_Raw; TrashNet_Processed_Train,TrashNet_Raw::paper; TrashNet_Processed_Train::paper,data\raw\TrashNet\paper\paper492.jpg; data\processed\train\paper\paper492.jpg
EXACT_MD5,6db5029177f78dc5a0ce76c19425ea8d,2,TrashNet_Raw; TrashNet_Processed_Train,TrashNet_Raw::paper; TrashNet_Processed_Train::paper,data\raw\TrashNet\paper\paper493.jpg; data\processed\train\paper\paper493.jpg
EXACT_MD5,d0eaa2824dbbd72076321585ffa8e001,2,TrashNet_Raw; TrashNet_Processed_Train,TrashNet_Raw::paper; TrashNet_Processed_Train::paper,data\raw\TrashNet\paper\paper494.jpg; data\processed\train\paper\paper494.jpg
EXACT_MD5,ffe4069787bdb0b86a6605120bab7ad8,2,TrashNet_Raw; TrashNet_Processed_Val,TrashNet_Raw::paper; TrashNet_Processed_Val::paper,data\raw\TrashNet\paper\paper495.jpg; data\processed\val\paper\paper495.jpg
EXACT_MD5,1563c3562bb7f78514ea5a3069fc0eaf,2,TrashNet_Raw; TrashNet_Processed_Train,TrashNet_Raw::paper; TrashNet_Processed_Train::paper,data\raw\TrashNet\paper\paper496.jpg; data\processed\train\paper\paper496.jpg
EXACT_MD5,00507fd1bf78fe8f4483bdec5040115d,2,TrashNet_Raw; TrashNet_Processed_Train,TrashNet_Raw::paper; TrashNet_Processed_Train::paper,data\raw\TrashNet\paper\paper497.jpg; data\processed\train\paper\paper497.jpg
EXACT_MD5,14b1eadfb3fa457618ce4e491c24121b,2,TrashNet_Raw; TrashNet_Processed_Val,TrashNet_Raw::paper; TrashNet_Processed_Val::paper,data\raw\TrashNet\paper\paper498.jpg; data\processed\val\paper\paper498.jpg
EXACT_MD5,6ecdec67d989ee6c164f6db19651448e,2,TrashNet_Raw; TrashNet_Processed_Val,TrashNet_Raw::paper; TrashNet_Processed_Val::paper,data\raw\TrashNet\paper\paper499.jpg; data\processed\val\paper\paper499.jpg
EXACT_MD5,85812f091e74ab8d33bab5f4e10a7c67,2,TrashNet_Raw; TrashNet_Processed_Train,TrashNet_Raw::paper; TrashNet_Processed_Train::paper,data\raw\TrashNet\paper\paper5.jpg; data\processed\train\paper\paper5.jpg
EXACT_MD5,42795a0ec926467fb0f9d2a061ae919f,2,TrashNet_Raw; TrashNet_Processed_Train,TrashNet_Raw::paper; TrashNet_Processed_Train::paper,data\raw\TrashNet\paper\paper50.jpg; data\processed\train\paper\paper50.jpg
EXACT_MD5,2f93ea1962bf7652e4e2a0f1e40b0bbb,2,TrashNet_Raw; TrashNet_Processed_Train,TrashNet_Raw::paper; TrashNet_Processed_Train::paper,data\raw\TrashNet\paper\paper500.jpg; data\processed\train\paper\paper500.jpg
EXACT_MD5,d67775cd57d6d1379597fe36071fec12,2,TrashNet_Raw; TrashNet_Processed_Train,TrashNet_Raw::paper; TrashNet_Processed_Train::paper,data\raw\TrashNet\paper\paper501.jpg; data\processed\train\paper\paper501.jpg
EXACT_MD5,b9c43d578ce70164e887fb380e220be9,2,TrashNet_Raw; TrashNet_Processed_Train,TrashNet_Raw::paper; TrashNet_Processed_Train::paper,data\raw\TrashNet\paper\paper502.jpg; data\processed\train\paper\paper502.jpg
EXACT_MD5,f0e2c53d98aab668c8073243b448c4fe,2,TrashNet_Raw; TrashNet_Processed_Train,TrashNet_Raw::paper; TrashNet_Processed_Train::paper,data\raw\TrashNet\paper\paper503.jpg; data\processed\train\paper\paper503.jpg
EXACT_MD5,a69652e3b5894c6c920b2a8244d46693,2,TrashNet_Raw; TrashNet_Processed_Train,TrashNet_Raw::paper; TrashNet_Processed_Train::paper,data\raw\TrashNet\paper\paper504.jpg; data\processed\train\paper\paper504.jpg
EXACT_MD5,026c143737ef6038450ab92b870807e9,2,TrashNet_Raw; TrashNet_Processed_Train,TrashNet_Raw::paper; TrashNet_Processed_Train::paper,data\raw\TrashNet\paper\paper505.jpg; data\processed\train\paper\paper505.jpg
EXACT_MD5,881ca30778e8eccb0cdc9c02eb7e1b91,2,TrashNet_Raw; TrashNet_Processed_Train,TrashNet_Raw::paper; TrashNet_Processed_Train::paper,data\raw\TrashNet\paper\paper506.jpg; data\processed\train\paper\paper506.jpg
EXACT_MD5,3648557813aa1ff95e2c72b4778a97b8,2,TrashNet_Raw; TrashNet_Processed_Train,TrashNet_Raw::paper; TrashNet_Processed_Train::paper,data\raw\TrashNet\paper\paper507.jpg; data\processed\train\paper\paper507.jpg
EXACT_MD5,de936d0c87b21665bfadb9d225047529,2,TrashNet_Raw; TrashNet_Processed_Test,TrashNet_Raw::paper; TrashNet_Processed_Test::paper,data\raw\TrashNet\paper\paper508.jpg; data\processed\test\paper\paper508.jpg
EXACT_MD5,70b6f012623f24206ab0aa6f0fe5aa11,2,TrashNet_Raw; TrashNet_Processed_Test,TrashNet_Raw::paper; TrashNet_Processed_Test::paper,data\raw\TrashNet\paper\paper509.jpg; data\processed\test\paper\paper509.jpg
EXACT_MD5,b5acd16235490086a47e1c96b99390c6,2,TrashNet_Raw; TrashNet_Processed_Train,TrashNet_Raw::paper; TrashNet_Processed_Train::paper,data\raw\TrashNet\paper\paper51.jpg; data\processed\train\paper\paper51.jpg
EXACT_MD5,e9ef45393c93df4785abb4220e84e215,2,TrashNet_Raw; TrashNet_Processed_Train,TrashNet_Raw::paper; TrashNet_Processed_Train::paper,data\raw\TrashNet\paper\paper510.jpg; data\processed\train\paper\paper510.jpg
EXACT_MD5,2d38ed4fa1ff6e53a742680e8826fc39,2,TrashNet_Raw; TrashNet_Processed_Train,TrashNet_Raw::paper; TrashNet_Processed_Train::paper,data\raw\TrashNet\paper\paper511.jpg; data\processed\train\paper\paper511.jpg
EXACT_MD5,17532f6441fd60da3b57636080a997da,2,TrashNet_Raw; TrashNet_Processed_Train,TrashNet_Raw::paper; TrashNet_Processed_Train::paper,data\raw\TrashNet\paper\paper512.jpg; data\processed\train\paper\paper512.jpg
EXACT_MD5,2b545ad9545f5c6298a8d2c91a63ae0a,2,TrashNet_Raw; TrashNet_Processed_Val,TrashNet_Raw::paper; TrashNet_Processed_Val::paper,data\raw\TrashNet\paper\paper513.jpg; data\processed\val\paper\paper513.jpg
EXACT_MD5,9e7d294d1a3ed82d300731c0fe7f2788,2,TrashNet_Raw; TrashNet_Processed_Train,TrashNet_Raw::paper; TrashNet_Processed_Train::paper,data\raw\TrashNet\paper\paper514.jpg; data\processed\train\paper\paper514.jpg
EXACT_MD5,ec7cc359878f7615b8464164288928c8,2,TrashNet_Raw; TrashNet_Processed_Train,TrashNet_Raw::paper; TrashNet_Processed_Train::paper,data\raw\TrashNet\paper\paper515.jpg; data\processed\train\paper\paper515.jpg
EXACT_MD5,32da95752196933e9181b88c402575d3,2,TrashNet_Raw; TrashNet_Processed_Val,TrashNet_Raw::paper; TrashNet_Processed_Val::paper,data\raw\TrashNet\paper\paper516.jpg; data\processed\val\paper\paper516.jpg
EXACT_MD5,e7b0469e05e389a215abef395d97f903,2,TrashNet_Raw; TrashNet_Processed_Test,TrashNet_Raw::paper; TrashNet_Processed_Test::paper,data\raw\TrashNet\paper\paper517.jpg; data\processed\test\paper\paper517.jpg
EXACT_MD5,7c1ba198701c300ab7066bfde3fb9c21,2,TrashNet_Raw; TrashNet_Processed_Test,TrashNet_Raw::paper; TrashNet_Processed_Test::paper,data\raw\TrashNet\paper\paper518.jpg; data\processed\test\paper\paper518.jpg
EXACT_MD5,7886169a4d063dc998399d908b96c0d2,2,TrashNet_Raw; TrashNet_Processed_Train,TrashNet_Raw::paper; TrashNet_Processed_Train::paper,data\raw\TrashNet\paper\paper519.jpg; data\processed\train\paper\paper519.jpg
EXACT_MD5,5704be4dfd2d057fbb45f9eb828a08d4,2,TrashNet_Raw; TrashNet_Processed_Val,TrashNet_Raw::paper; TrashNet_Processed_Val::paper,data\raw\TrashNet\paper\paper52.jpg; data\processed\val\paper\paper52.jpg
EXACT_MD5,e6ecf2c758613a1d65b76e801ed10094,2,TrashNet_Raw; TrashNet_Processed_Train,TrashNet_Raw::paper; TrashNet_Processed_Train::paper,data\raw\TrashNet\paper\paper520.jpg; data\processed\train\paper\paper520.jpg
EXACT_MD5,fd81d069a7a62a94dff2de97c79348b9,2,TrashNet_Raw; TrashNet_Processed_Train,TrashNet_Raw::paper; TrashNet_Processed_Train::paper,data\raw\TrashNet\paper\paper521.jpg; data\processed\train\paper\paper521.jpg
EXACT_MD5,64058f9c58c3c19a619af0075970545f,2,TrashNet_Raw; TrashNet_Processed_Train,TrashNet_Raw::paper; TrashNet_Processed_Train::paper,data\raw\TrashNet\paper\paper522.jpg; data\processed\train\paper\paper522.jpg
EXACT_MD5,118d049c9f525a8f798442cf897f1d4c,2,TrashNet_Raw; TrashNet_Processed_Train,TrashNet_Raw::paper; TrashNet_Processed_Train::paper,data\raw\TrashNet\paper\paper523.jpg; data\processed\train\paper\paper523.jpg
EXACT_MD5,63950f13767e3a93442a7452a3d10135,2,TrashNet_Raw; TrashNet_Processed_Train,TrashNet_Raw::paper; TrashNet_Processed_Train::paper,data\raw\TrashNet\paper\paper524.jpg; data\processed\train\paper\paper524.jpg
EXACT_MD5,78927fc3c7f3608e4ce4b0bd031a649a,2,TrashNet_Raw; TrashNet_Processed_Train,TrashNet_Raw::paper; TrashNet_Processed_Train::paper,data\raw\TrashNet\paper\paper525.jpg; data\processed\train\paper\paper525.jpg
EXACT_MD5,5079258b45af44878305ecee81cdf1fd,2,TrashNet_Raw; TrashNet_Processed_Train,TrashNet_Raw::paper; TrashNet_Processed_Train::paper,data\raw\TrashNet\paper\paper526.jpg; data\processed\train\paper\paper526.jpg
EXACT_MD5,045d27ba854232b260b0141c1e3e48c4,2,TrashNet_Raw; TrashNet_Processed_Test,TrashNet_Raw::paper; TrashNet_Processed_Test::paper,data\raw\TrashNet\paper\paper527.jpg; data\processed\test\paper\paper527.jpg
EXACT_MD5,0e2afa423415cfb8f97b6cef7be14559,2,TrashNet_Raw; TrashNet_Processed_Train,TrashNet_Raw::paper; TrashNet_Processed_Train::paper,data\raw\TrashNet\paper\paper528.jpg; data\processed\train\paper\paper528.jpg
EXACT_MD5,ee848e05aba926e663ed73b530f4629b,2,TrashNet_Raw; TrashNet_Processed_Train,TrashNet_Raw::paper; TrashNet_Processed_Train::paper,data\raw\TrashNet\paper\paper529.jpg; data\processed\train\paper\paper529.jpg
EXACT_MD5,ce147135dd9354ae97b721d23ed56a6e,2,TrashNet_Raw; TrashNet_Processed_Train,TrashNet_Raw::paper; TrashNet_Processed_Train::paper,data\raw\TrashNet\paper\paper53.jpg; data\processed\train\paper\paper53.jpg
EXACT_MD5,b0b7f461dc1fbcd0538429f561fa61b0,2,TrashNet_Raw; TrashNet_Processed_Train,TrashNet_Raw::paper; TrashNet_Processed_Train::paper,data\raw\TrashNet\paper\paper530.jpg; data\processed\train\paper\paper530.jpg
EXACT_MD5,71df488c8a39e46e18c060ad048f8883,2,TrashNet_Raw; TrashNet_Processed_Train,TrashNet_Raw::paper; TrashNet_Processed_Train::paper,data\raw\TrashNet\paper\paper531.jpg; data\processed\train\paper\paper531.jpg
EXACT_MD5,e96cafef84a044a07d3303d06a05dcee,2,TrashNet_Raw; TrashNet_Processed_Train,TrashNet_Raw::paper; TrashNet_Processed_Train::paper,data\raw\TrashNet\paper\paper532.jpg; data\processed\train\paper\paper532.jpg
EXACT_MD5,71658705bb3c8b5873991e2551e5c884,2,TrashNet_Raw; TrashNet_Processed_Test,TrashNet_Raw::paper; TrashNet_Processed_Test::paper,data\raw\TrashNet\paper\paper533.jpg; data\processed\test\paper\paper533.jpg
EXACT_MD5,ef37d5a58c2149047cb53bcbe82282a7,2,TrashNet_Raw; TrashNet_Processed_Train,TrashNet_Raw::paper; TrashNet_Processed_Train::paper,data\raw\TrashNet\paper\paper534.jpg; data\processed\train\paper\paper534.jpg
EXACT_MD5,c2a63a71f77fbcde9d3914eaba967d24,2,TrashNet_Raw; TrashNet_Processed_Val,TrashNet_Raw::paper; TrashNet_Processed_Val::paper,data\raw\TrashNet\paper\paper535.jpg; data\processed\val\paper\paper535.jpg
EXACT_MD5,1a1858c85f1af9d5abbe8227b23d6ac1,2,TrashNet_Raw; TrashNet_Processed_Train,TrashNet_Raw::paper; TrashNet_Processed_Train::paper,data\raw\TrashNet\paper\paper536.jpg; data\processed\train\paper\paper536.jpg
EXACT_MD5,5e40e449ea38eacdb8bec19bbc2bffa7,2,TrashNet_Raw; TrashNet_Processed_Train,TrashNet_Raw::paper; TrashNet_Processed_Train::paper,data\raw\TrashNet\paper\paper537.jpg; data\processed\train\paper\paper537.jpg
EXACT_MD5,a047fb9db31d525d2b91fd36f88efbbc,2,TrashNet_Raw; TrashNet_Processed_Val,TrashNet_Raw::paper; TrashNet_Processed_Val::paper,data\raw\TrashNet\paper\paper538.jpg; data\processed\val\paper\paper538.jpg
EXACT_MD5,7e168411c9be3cf13cbe0ade12737f8d,2,TrashNet_Raw; TrashNet_Processed_Val,TrashNet_Raw::paper; TrashNet_Processed_Val::paper,data\raw\TrashNet\paper\paper539.jpg; data\processed\val\paper\paper539.jpg
EXACT_MD5,ad50caa44c9ceb50f07af79dd561ba34,2,TrashNet_Raw; TrashNet_Processed_Train,TrashNet_Raw::paper; TrashNet_Processed_Train::paper,data\raw\TrashNet\paper\paper54.jpg; data\processed\train\paper\paper54.jpg
EXACT_MD5,05d540a6aad421c985727b80bba6d8d3,2,TrashNet_Raw; TrashNet_Processed_Train,TrashNet_Raw::paper; TrashNet_Processed_Train::paper,data\raw\TrashNet\paper\paper540.jpg; data\processed\train\paper\paper540.jpg
EXACT_MD5,0d808fa81167e154cb9af92f2b5b5ba5,2,TrashNet_Raw; TrashNet_Processed_Train,TrashNet_Raw::paper; TrashNet_Processed_Train::paper,data\raw\TrashNet\paper\paper541.jpg; data\processed\train\paper\paper541.jpg
EXACT_MD5,d28d08e65f4fa078cca751cb61c37e1a,2,TrashNet_Raw; TrashNet_Processed_Train,TrashNet_Raw::paper; TrashNet_Processed_Train::paper,data\raw\TrashNet\paper\paper542.jpg; data\processed\train\paper\paper542.jpg
EXACT_MD5,481c5a24c86da1b0729a51a2d3848e77,2,TrashNet_Raw; TrashNet_Processed_Train,TrashNet_Raw::paper; TrashNet_Processed_Train::paper,data\raw\TrashNet\paper\paper543.jpg; data\processed\train\paper\paper543.jpg
EXACT_MD5,52b90e56ac530a5de06aaf0d485fc20e,2,TrashNet_Raw; TrashNet_Processed_Train,TrashNet_Raw::paper; TrashNet_Processed_Train::paper,data\raw\TrashNet\paper\paper544.jpg; data\processed\train\paper\paper544.jpg
EXACT_MD5,2bdf6b1e5992deac03891d826a6bf6c5,2,TrashNet_Raw; TrashNet_Processed_Train,TrashNet_Raw::paper; TrashNet_Processed_Train::paper,data\raw\TrashNet\paper\paper545.jpg; data\processed\train\paper\paper545.jpg
EXACT_MD5,dcb1915374f486c1f114d0768616d288,2,TrashNet_Raw; TrashNet_Processed_Train,TrashNet_Raw::paper; TrashNet_Processed_Train::paper,data\raw\TrashNet\paper\paper546.jpg; data\processed\train\paper\paper546.jpg
EXACT_MD5,76b4751688dab094d39aeed0cae5576e,2,TrashNet_Raw; TrashNet_Processed_Val,TrashNet_Raw::paper; TrashNet_Processed_Val::paper,data\raw\TrashNet\paper\paper547.jpg; data\processed\val\paper\paper547.jpg
EXACT_MD5,57540abad0888371d7af5c3bc56e0c7d,2,TrashNet_Raw; TrashNet_Processed_Train,TrashNet_Raw::paper; TrashNet_Processed_Train::paper,data\raw\TrashNet\paper\paper548.jpg; data\processed\train\paper\paper548.jpg
EXACT_MD5,20a2d8b411e76b637cda02ceaba77d0e,2,TrashNet_Raw; TrashNet_Processed_Train,TrashNet_Raw::paper; TrashNet_Processed_Train::paper,data\raw\TrashNet\paper\paper549.jpg; data\processed\train\paper\paper549.jpg
EXACT_MD5,99dde451956705c215cdf3266aa9da97,2,TrashNet_Raw; TrashNet_Processed_Train,TrashNet_Raw::paper; TrashNet_Processed_Train::paper,data\raw\TrashNet\paper\paper55.jpg; data\processed\train\paper\paper55.jpg
EXACT_MD5,4a2a324bfd2097d07190739f4e42abe8,2,TrashNet_Raw; TrashNet_Processed_Test,TrashNet_Raw::paper; TrashNet_Processed_Test::paper,data\raw\TrashNet\paper\paper550.jpg; data\processed\test\paper\paper550.jpg
EXACT_MD5,4794d807da07fa8c5877c0adf3b2f4f0,2,TrashNet_Raw; TrashNet_Processed_Train,TrashNet_Raw::paper; TrashNet_Processed_Train::paper,data\raw\TrashNet\paper\paper551.jpg; data\processed\train\paper\paper551.jpg
EXACT_MD5,c0f17079ff03d94402c4d8a7d7719179,2,TrashNet_Raw; TrashNet_Processed_Train,TrashNet_Raw::paper; TrashNet_Processed_Train::paper,data\raw\TrashNet\paper\paper552.jpg; data\processed\train\paper\paper552.jpg
EXACT_MD5,f675701f249235f1b938610aeae68b18,2,TrashNet_Raw; TrashNet_Processed_Test,TrashNet_Raw::paper; TrashNet_Processed_Test::paper,data\raw\TrashNet\paper\paper553.jpg; data\processed\test\paper\paper553.jpg
EXACT_MD5,a6a0776aa668e1ae384f9c12cbede41f,2,TrashNet_Raw; TrashNet_Processed_Train,TrashNet_Raw::paper; TrashNet_Processed_Train::paper,data\raw\TrashNet\paper\paper554.jpg; data\processed\train\paper\paper554.jpg
EXACT_MD5,a755f52f3a3a9772ab27260bb073062d,2,TrashNet_Raw; TrashNet_Processed_Train,TrashNet_Raw::paper; TrashNet_Processed_Train::paper,data\raw\TrashNet\paper\paper555.jpg; data\processed\train\paper\paper555.jpg
EXACT_MD5,773fb54810fb7b4931f17f55b74d77e1,2,TrashNet_Raw; TrashNet_Processed_Train,TrashNet_Raw::paper; TrashNet_Processed_Train::paper,data\raw\TrashNet\paper\paper556.jpg; data\processed\train\paper\paper556.jpg
EXACT_MD5,7949c614d435dfef45ca2080599afc13,2,TrashNet_Raw; TrashNet_Processed_Train,TrashNet_Raw::paper; TrashNet_Processed_Train::paper,data\raw\TrashNet\paper\paper557.jpg; data\processed\train\paper\paper557.jpg
EXACT_MD5,265dc1bd2b1cf9c13081b1f62cae6bc4,2,TrashNet_Raw; TrashNet_Processed_Train,TrashNet_Raw::paper; TrashNet_Processed_Train::paper,data\raw\TrashNet\paper\paper558.jpg; data\processed\train\paper\paper558.jpg
EXACT_MD5,4ee4b2ee7b445d4d0107f31d2fe80ddd,2,TrashNet_Raw; TrashNet_Processed_Train,TrashNet_Raw::paper; TrashNet_Processed_Train::paper,data\raw\TrashNet\paper\paper559.jpg; data\processed\train\paper\paper559.jpg
EXACT_MD5,bcb30f495aec38bfb27c67f1c151c33b,2,TrashNet_Raw; TrashNet_Processed_Train,TrashNet_Raw::paper; TrashNet_Processed_Train::paper,data\raw\TrashNet\paper\paper56.jpg; data\processed\train\paper\paper56.jpg
EXACT_MD5,8259690d937dbf8f9a12e3615ec0c74e,2,TrashNet_Raw; TrashNet_Processed_Val,TrashNet_Raw::paper; TrashNet_Processed_Val::paper,data\raw\TrashNet\paper\paper560.jpg; data\processed\val\paper\paper560.jpg
EXACT_MD5,2414766065072d93c4e559c4589ec227,2,TrashNet_Raw; TrashNet_Processed_Train,TrashNet_Raw::paper; TrashNet_Processed_Train::paper,data\raw\TrashNet\paper\paper561.jpg; data\processed\train\paper\paper561.jpg
EXACT_MD5,7e2a422a464d90c04e959a3ab6e195c8,2,TrashNet_Raw; TrashNet_Processed_Val,TrashNet_Raw::paper; TrashNet_Processed_Val::paper,data\raw\TrashNet\paper\paper562.jpg; data\processed\val\paper\paper562.jpg
EXACT_MD5,c9f36db89597891ee135218312ea0b81,2,TrashNet_Raw; TrashNet_Processed_Train,TrashNet_Raw::paper; TrashNet_Processed_Train::paper,data\raw\TrashNet\paper\paper563.jpg; data\processed\train\paper\paper563.jpg
EXACT_MD5,f8388b6f2a2796935b010cee6e9324a4,2,TrashNet_Raw; TrashNet_Processed_Train,TrashNet_Raw::paper; TrashNet_Processed_Train::paper,data\raw\TrashNet\paper\paper564.jpg; data\processed\train\paper\paper564.jpg
EXACT_MD5,467a1daf2ee45a29aefdf355c9778161,2,TrashNet_Raw; TrashNet_Processed_Train,TrashNet_Raw::paper; TrashNet_Processed_Train::paper,data\raw\TrashNet\paper\paper565.jpg; data\processed\train\paper\paper565.jpg
EXACT_MD5,953ca47246bf5fa550f7e8f3d2dd190f,2,TrashNet_Raw; TrashNet_Processed_Train,TrashNet_Raw::paper; TrashNet_Processed_Train::paper,data\raw\TrashNet\paper\paper566.jpg; data\processed\train\paper\paper566.jpg
EXACT_MD5,780528e772dd6bf0561c44dbc7267089,2,TrashNet_Raw; TrashNet_Processed_Train,TrashNet_Raw::paper; TrashNet_Processed_Train::paper,data\raw\TrashNet\paper\paper567.jpg; data\processed\train\paper\paper567.jpg
EXACT_MD5,f27109430aa0ddeaa184db9378ed267b,2,TrashNet_Raw; TrashNet_Processed_Train,TrashNet_Raw::paper; TrashNet_Processed_Train::paper,data\raw\TrashNet\paper\paper568.jpg; data\processed\train\paper\paper568.jpg
EXACT_MD5,0880d3652c9f1ee74bc9de315f6c033c,2,TrashNet_Raw; TrashNet_Processed_Train,TrashNet_Raw::paper; TrashNet_Processed_Train::paper,data\raw\TrashNet\paper\paper569.jpg; data\processed\train\paper\paper569.jpg
EXACT_MD5,3d95682e3556339fde4f62af80efcf00,2,TrashNet_Raw; TrashNet_Processed_Train,TrashNet_Raw::paper; TrashNet_Processed_Train::paper,data\raw\TrashNet\paper\paper57.jpg; data\processed\train\paper\paper57.jpg
EXACT_MD5,e29d0caeaddfb52a08025b85c5a7306d,2,TrashNet_Raw; TrashNet_Processed_Train,TrashNet_Raw::paper; TrashNet_Processed_Train::paper,data\raw\TrashNet\paper\paper570.jpg; data\processed\train\paper\paper570.jpg
EXACT_MD5,16e922256626207fc95dc8e243687348,2,TrashNet_Raw; TrashNet_Processed_Train,TrashNet_Raw::paper; TrashNet_Processed_Train::paper,data\raw\TrashNet\paper\paper571.jpg; data\processed\train\paper\paper571.jpg
EXACT_MD5,e7cc74c3acfa50dc13a99798415c4dbe,2,TrashNet_Raw; TrashNet_Processed_Train,TrashNet_Raw::paper; TrashNet_Processed_Train::paper,data\raw\TrashNet\paper\paper572.jpg; data\processed\train\paper\paper572.jpg
EXACT_MD5,60d037d425dfe7f23ae9a67344157ff2,2,TrashNet_Raw; TrashNet_Processed_Val,TrashNet_Raw::paper; TrashNet_Processed_Val::paper,data\raw\TrashNet\paper\paper573.jpg; data\processed\val\paper\paper573.jpg
EXACT_MD5,93c17488c67a5eaaf3debb0d938f23a4,2,TrashNet_Raw; TrashNet_Processed_Train,TrashNet_Raw::paper; TrashNet_Processed_Train::paper,data\raw\TrashNet\paper\paper574.jpg; data\processed\train\paper\paper574.jpg
EXACT_MD5,fe6e2b839db628817c93d90bc3460987,2,TrashNet_Raw; TrashNet_Processed_Train,TrashNet_Raw::paper; TrashNet_Processed_Train::paper,data\raw\TrashNet\paper\paper575.jpg; data\processed\train\paper\paper575.jpg
EXACT_MD5,39b9d8ba77e744ac9f5f9553785273fa,2,TrashNet_Raw; TrashNet_Processed_Train,TrashNet_Raw::paper; TrashNet_Processed_Train::paper,data\raw\TrashNet\paper\paper576.jpg; data\processed\train\paper\paper576.jpg
EXACT_MD5,140165fe81f1489fb54ce8d40b76d9e8,2,TrashNet_Raw; TrashNet_Processed_Train,TrashNet_Raw::paper; TrashNet_Processed_Train::paper,data\raw\TrashNet\paper\paper577.jpg; data\processed\train\paper\paper577.jpg
EXACT_MD5,9f730d8fc2f17d5f9ee3ba99b6d384d6,2,TrashNet_Raw; TrashNet_Processed_Train,TrashNet_Raw::paper; TrashNet_Processed_Train::paper,data\raw\TrashNet\paper\paper578.jpg; data\processed\train\paper\paper578.jpg
EXACT_MD5,2a26b76aacf3a36f6a403cfc379d3a5b,2,TrashNet_Raw; TrashNet_Processed_Train,TrashNet_Raw::paper; TrashNet_Processed_Train::paper,data\raw\TrashNet\paper\paper579.jpg; data\processed\train\paper\paper579.jpg
EXACT_MD5,5705d0a2c0185c29167e390da01d8780,2,TrashNet_Raw; TrashNet_Processed_Train,TrashNet_Raw::paper; TrashNet_Processed_Train::paper,data\raw\TrashNet\paper\paper58.jpg; data\processed\train\paper\paper58.jpg
EXACT_MD5,8c908241a8c723e78f9951fe537dc834,2,TrashNet_Raw; TrashNet_Processed_Train,TrashNet_Raw::paper; TrashNet_Processed_Train::paper,data\raw\TrashNet\paper\paper580.jpg; data\processed\train\paper\paper580.jpg
EXACT_MD5,57c2927ac98580368ee9b76e8c4d0784,2,TrashNet_Raw; TrashNet_Processed_Train,TrashNet_Raw::paper; TrashNet_Processed_Train::paper,data\raw\TrashNet\paper\paper581.jpg; data\processed\train\paper\paper581.jpg
EXACT_MD5,0dc2a7e18becfe13d7c3fbafacf3d5e8,2,TrashNet_Raw; TrashNet_Processed_Val,TrashNet_Raw::paper; TrashNet_Processed_Val::paper,data\raw\TrashNet\paper\paper582.jpg; data\processed\val\paper\paper582.jpg
EXACT_MD5,f396ce1fc25fbb09579697949be32f77,2,TrashNet_Raw; TrashNet_Processed_Train,TrashNet_Raw::paper; TrashNet_Processed_Train::paper,data\raw\TrashNet\paper\paper583.jpg; data\processed\train\paper\paper583.jpg
EXACT_MD5,fd5465f014aa43be75e68fa5b92bb228,2,TrashNet_Raw; TrashNet_Processed_Train,TrashNet_Raw::paper; TrashNet_Processed_Train::paper,data\raw\TrashNet\paper\paper584.jpg; data\processed\train\paper\paper584.jpg
EXACT_MD5,457ebf4f14b8f06fc7b7bf783d60f9de,2,TrashNet_Raw; TrashNet_Processed_Val,TrashNet_Raw::paper; TrashNet_Processed_Val::paper,data\raw\TrashNet\paper\paper585.jpg; data\processed\val\paper\paper585.jpg
EXACT_MD5,dc09fd0b32e11e736d0aa724dee4494c,2,TrashNet_Raw; TrashNet_Processed_Train,TrashNet_Raw::paper; TrashNet_Processed_Train::paper,data\raw\TrashNet\paper\paper586.jpg; data\processed\train\paper\paper586.jpg
EXACT_MD5,9fd536ca2a32f4c95bb33d6439309553,2,TrashNet_Raw; TrashNet_Processed_Train,TrashNet_Raw::paper; TrashNet_Processed_Train::paper,data\raw\TrashNet\paper\paper587.jpg; data\processed\train\paper\paper587.jpg
EXACT_MD5,f31f1c316b92778e2a3ff5344f00e4c3,2,TrashNet_Raw; TrashNet_Processed_Train,TrashNet_Raw::paper; TrashNet_Processed_Train::paper,data\raw\TrashNet\paper\paper588.jpg; data\processed\train\paper\paper588.jpg
EXACT_MD5,80e82b582e938255057a377bedf32101,2,TrashNet_Raw; TrashNet_Processed_Train,TrashNet_Raw::paper; TrashNet_Processed_Train::paper,data\raw\TrashNet\paper\paper589.jpg; data\processed\train\paper\paper589.jpg
EXACT_MD5,95da1910f897a2ddcf10c64031e513a4,2,TrashNet_Raw; TrashNet_Processed_Train,TrashNet_Raw::paper; TrashNet_Processed_Train::paper,data\raw\TrashNet\paper\paper59.jpg; data\processed\train\paper\paper59.jpg
EXACT_MD5,61036dd5ed69b8f4f385b4e17f556fd5,2,TrashNet_Raw; TrashNet_Processed_Train,TrashNet_Raw::paper; TrashNet_Processed_Train::paper,data\raw\TrashNet\paper\paper590.jpg; data\processed\train\paper\paper590.jpg
EXACT_MD5,d81e7e91026b934642ec4011b2021d11,2,TrashNet_Raw; TrashNet_Processed_Train,TrashNet_Raw::paper; TrashNet_Processed_Train::paper,data\raw\TrashNet\paper\paper591.jpg; data\processed\train\paper\paper591.jpg
EXACT_MD5,5b0d855c5ab8685ca515fdc151579c1f,2,TrashNet_Raw; TrashNet_Processed_Train,TrashNet_Raw::paper; TrashNet_Processed_Train::paper,data\raw\TrashNet\paper\paper592.jpg; data\processed\train\paper\paper592.jpg
EXACT_MD5,69430834f343b866c52982436fab48c7,2,TrashNet_Raw; TrashNet_Processed_Train,TrashNet_Raw::paper; TrashNet_Processed_Train::paper,data\raw\TrashNet\paper\paper593.jpg; data\processed\train\paper\paper593.jpg
EXACT_MD5,773c60e81b0b4048f630d6dbf6693ef5,2,TrashNet_Raw; TrashNet_Processed_Test,TrashNet_Raw::paper; TrashNet_Processed_Test::paper,data\raw\TrashNet\paper\paper594.jpg; data\processed\test\paper\paper594.jpg
EXACT_MD5,cdc6ef2fc3d5ccce4c887156fc713513,2,TrashNet_Raw; TrashNet_Processed_Test,TrashNet_Raw::paper; TrashNet_Processed_Test::paper,data\raw\TrashNet\paper\paper6.jpg; data\processed\test\paper\paper6.jpg
EXACT_MD5,ae6a17337719510657e3a6cc44b966d8,2,TrashNet_Raw; TrashNet_Processed_Val,TrashNet_Raw::paper; TrashNet_Processed_Val::paper,data\raw\TrashNet\paper\paper60.jpg; data\processed\val\paper\paper60.jpg
EXACT_MD5,e2ed3caf5bed7d7e6816d0deab214d8f,2,TrashNet_Raw; TrashNet_Processed_Train,TrashNet_Raw::paper; TrashNet_Processed_Train::paper,data\raw\TrashNet\paper\paper61.jpg; data\processed\train\paper\paper61.jpg
EXACT_MD5,832e15efa756bc6c55a6c3791ded0237,2,TrashNet_Raw; TrashNet_Processed_Test,TrashNet_Raw::paper; TrashNet_Processed_Test::paper,data\raw\TrashNet\paper\paper62.jpg; data\processed\test\paper\paper62.jpg
EXACT_MD5,d3c366d91818990ce98bf0daba1964b8,2,TrashNet_Raw; TrashNet_Processed_Val,TrashNet_Raw::paper; TrashNet_Processed_Val::paper,data\raw\TrashNet\paper\paper63.jpg; data\processed\val\paper\paper63.jpg
EXACT_MD5,dbceff237eb1175d51b8bc63408abe83,2,TrashNet_Raw; TrashNet_Processed_Test,TrashNet_Raw::paper; TrashNet_Processed_Test::paper,data\raw\TrashNet\paper\paper64.jpg; data\processed\test\paper\paper64.jpg
EXACT_MD5,cfb81bbc5512295e853442223b9e41f2,2,TrashNet_Raw; TrashNet_Processed_Train,TrashNet_Raw::paper; TrashNet_Processed_Train::paper,data\raw\TrashNet\paper\paper65.jpg; data\processed\train\paper\paper65.jpg
EXACT_MD5,8be5eeec3c4de99973c8bfed2735ea2b,2,TrashNet_Raw; TrashNet_Processed_Train,TrashNet_Raw::paper; TrashNet_Processed_Train::paper,data\raw\TrashNet\paper\paper66.jpg; data\processed\train\paper\paper66.jpg
EXACT_MD5,ebf3a7f2ad736ede9c8f6e536478aae7,2,TrashNet_Raw; TrashNet_Processed_Train,TrashNet_Raw::paper; TrashNet_Processed_Train::paper,data\raw\TrashNet\paper\paper67.jpg; data\processed\train\paper\paper67.jpg
EXACT_MD5,7bd5d037ccdb86b8e7baa972e0fdb934,2,TrashNet_Raw; TrashNet_Processed_Train,TrashNet_Raw::paper; TrashNet_Processed_Train::paper,data\raw\TrashNet\paper\paper68.jpg; data\processed\train\paper\paper68.jpg
EXACT_MD5,41f155d616a00cc1bb21bd40a6b8f4df,2,TrashNet_Raw; TrashNet_Processed_Test,TrashNet_Raw::paper; TrashNet_Processed_Test::paper,data\raw\TrashNet\paper\paper69.jpg; data\processed\test\paper\paper69.jpg
EXACT_MD5,6702754b9361b439220d62a2b3b51a18,2,TrashNet_Raw; TrashNet_Processed_Train,TrashNet_Raw::paper; TrashNet_Processed_Train::paper,data\raw\TrashNet\paper\paper7.jpg; data\processed\train\paper\paper7.jpg
EXACT_MD5,7cbb02f5d77c47e4ab1953a0037ed58e,2,TrashNet_Raw; TrashNet_Processed_Train,TrashNet_Raw::paper; TrashNet_Processed_Train::paper,data\raw\TrashNet\paper\paper70.jpg; data\processed\train\paper\paper70.jpg
EXACT_MD5,e004bca0d96ea2a10c17ccb6a0b2793d,2,TrashNet_Raw; TrashNet_Processed_Train,TrashNet_Raw::paper; TrashNet_Processed_Train::paper,data\raw\TrashNet\paper\paper71.jpg; data\processed\train\paper\paper71.jpg
EXACT_MD5,1d4138e54a18d4d8b3c0b76426421376,2,TrashNet_Raw; TrashNet_Processed_Val,TrashNet_Raw::paper; TrashNet_Processed_Val::paper,data\raw\TrashNet\paper\paper72.jpg; data\processed\val\paper\paper72.jpg
EXACT_MD5,c13f27a41237fb6307a7cf566dbd878a,2,TrashNet_Raw; TrashNet_Processed_Train,TrashNet_Raw::paper; TrashNet_Processed_Train::paper,data\raw\TrashNet\paper\paper73.jpg; data\processed\train\paper\paper73.jpg
EXACT_MD5,03f6faec2dad8c9c103bb380dd615018,2,TrashNet_Raw; TrashNet_Processed_Train,TrashNet_Raw::paper; TrashNet_Processed_Train::paper,data\raw\TrashNet\paper\paper74.jpg; data\processed\train\paper\paper74.jpg
EXACT_MD5,b717b9ed2f116af691060e26593657a2,2,TrashNet_Raw; TrashNet_Processed_Train,TrashNet_Raw::paper; TrashNet_Processed_Train::paper,data\raw\TrashNet\paper\paper75.jpg; data\processed\train\paper\paper75.jpg
EXACT_MD5,0ecb8d73165d4c30fa21637adbf89330,2,TrashNet_Raw; TrashNet_Processed_Train,TrashNet_Raw::paper; TrashNet_Processed_Train::paper,data\raw\TrashNet\paper\paper76.jpg; data\processed\train\paper\paper76.jpg
EXACT_MD5,098ca18d235424eec30cc10f743ff155,2,TrashNet_Raw; TrashNet_Processed_Val,TrashNet_Raw::paper; TrashNet_Processed_Val::paper,data\raw\TrashNet\paper\paper77.jpg; data\processed\val\paper\paper77.jpg
EXACT_MD5,32eb91813f6e6cfd6ce779d101be9ea1,2,TrashNet_Raw; TrashNet_Processed_Train,TrashNet_Raw::paper; TrashNet_Processed_Train::paper,data\raw\TrashNet\paper\paper78.jpg; data\processed\train\paper\paper78.jpg
EXACT_MD5,135b4e90c17a2d36af83025a3813d373,2,TrashNet_Raw; TrashNet_Processed_Train,TrashNet_Raw::paper; TrashNet_Processed_Train::paper,data\raw\TrashNet\paper\paper79.jpg; data\processed\train\paper\paper79.jpg
EXACT_MD5,a88235a0fb32a7593ef3391a4bdb9446,2,TrashNet_Raw; TrashNet_Processed_Train,TrashNet_Raw::paper; TrashNet_Processed_Train::paper,data\raw\TrashNet\paper\paper8.jpg; data\processed\train\paper\paper8.jpg
EXACT_MD5,4f9274d286f4131d12e5a2ec91028229,2,TrashNet_Raw; TrashNet_Processed_Train,TrashNet_Raw::paper; TrashNet_Processed_Train::paper,data\raw\TrashNet\paper\paper80.jpg; data\processed\train\paper\paper80.jpg
EXACT_MD5,ff055e16ca28294f8712782c80d43777,2,TrashNet_Raw; TrashNet_Processed_Test,TrashNet_Raw::paper; TrashNet_Processed_Test::paper,data\raw\TrashNet\paper\paper81.jpg; data\processed\test\paper\paper81.jpg
EXACT_MD5,d08f72a82acc158e735f468eb9eccf24,2,TrashNet_Raw; TrashNet_Processed_Val,TrashNet_Raw::paper; TrashNet_Processed_Val::paper,data\raw\TrashNet\paper\paper82.jpg; data\processed\val\paper\paper82.jpg
EXACT_MD5,67246523567380ad677a8ef146c6309b,2,TrashNet_Raw; TrashNet_Processed_Train,TrashNet_Raw::paper; TrashNet_Processed_Train::paper,data\raw\TrashNet\paper\paper83.jpg; data\processed\train\paper\paper83.jpg
EXACT_MD5,62a1d091b46e51de006370a0eed05e36,2,TrashNet_Raw; TrashNet_Processed_Val,TrashNet_Raw::paper; TrashNet_Processed_Val::paper,data\raw\TrashNet\paper\paper84.jpg; data\processed\val\paper\paper84.jpg
EXACT_MD5,abc24ccef1b5d3963ac5c394a1e52d67,2,TrashNet_Raw; TrashNet_Processed_Train,TrashNet_Raw::paper; TrashNet_Processed_Train::paper,data\raw\TrashNet\paper\paper85.jpg; data\processed\train\paper\paper85.jpg
EXACT_MD5,8cf95cdf039a9ed9ea21019dd4251b93,2,TrashNet_Raw; TrashNet_Processed_Val,TrashNet_Raw::paper; TrashNet_Processed_Val::paper,data\raw\TrashNet\paper\paper86.jpg; data\processed\val\paper\paper86.jpg
EXACT_MD5,338136e759509862158d8b8458e95e38,2,TrashNet_Raw; TrashNet_Processed_Train,TrashNet_Raw::paper; TrashNet_Processed_Train::paper,data\raw\TrashNet\paper\paper87.jpg; data\processed\train\paper\paper87.jpg
EXACT_MD5,67c4c09edba6962266529b4a2d5e8b80,2,TrashNet_Raw; TrashNet_Processed_Train,TrashNet_Raw::paper; TrashNet_Processed_Train::paper,data\raw\TrashNet\paper\paper88.jpg; data\processed\train\paper\paper88.jpg
EXACT_MD5,9f52a2e4387c6961bd25998844e780f8,2,TrashNet_Raw; TrashNet_Processed_Train,TrashNet_Raw::paper; TrashNet_Processed_Train::paper,data\raw\TrashNet\paper\paper89.jpg; data\processed\train\paper\paper89.jpg
EXACT_MD5,b0fd1273a82a1e74994d315cbf015006,2,TrashNet_Raw; TrashNet_Processed_Train,TrashNet_Raw::paper; TrashNet_Processed_Train::paper,data\raw\TrashNet\paper\paper9.jpg; data\processed\train\paper\paper9.jpg
EXACT_MD5,40c32278cc4864aabff9a7b6ef753ba9,2,TrashNet_Raw; TrashNet_Processed_Val,TrashNet_Raw::paper; TrashNet_Processed_Val::paper,data\raw\TrashNet\paper\paper90.jpg; data\processed\val\paper\paper90.jpg
EXACT_MD5,56c4ec38aa757d64a880ec731e22b9eb,2,TrashNet_Raw; TrashNet_Processed_Train,TrashNet_Raw::paper; TrashNet_Processed_Train::paper,data\raw\TrashNet\paper\paper91.jpg; data\processed\train\paper\paper91.jpg
EXACT_MD5,4b4b8de3934d01d00b89186558e122be,2,TrashNet_Raw; TrashNet_Processed_Train,TrashNet_Raw::paper; TrashNet_Processed_Train::paper,data\raw\TrashNet\paper\paper92.jpg; data\processed\train\paper\paper92.jpg
EXACT_MD5,bb14c9e2e28d68e0f5d99a4f50e550ad,2,TrashNet_Raw; TrashNet_Processed_Train,TrashNet_Raw::paper; TrashNet_Processed_Train::paper,data\raw\TrashNet\paper\paper93.jpg; data\processed\train\paper\paper93.jpg
EXACT_MD5,7f631ef5ffdc166787b1b81a79940810,2,TrashNet_Raw; TrashNet_Processed_Train,TrashNet_Raw::paper; TrashNet_Processed_Train::paper,data\raw\TrashNet\paper\paper94.jpg; data\processed\train\paper\paper94.jpg
EXACT_MD5,8d1a8cfd3dbfbe76b4ca25e82e1c7895,2,TrashNet_Raw; TrashNet_Processed_Test,TrashNet_Raw::paper; TrashNet_Processed_Test::paper,data\raw\TrashNet\paper\paper95.jpg; data\processed\test\paper\paper95.jpg
EXACT_MD5,eca251c3f6935a026f19ae7c4a8a6fbe,2,TrashNet_Raw; TrashNet_Processed_Train,TrashNet_Raw::paper; TrashNet_Processed_Train::paper,data\raw\TrashNet\paper\paper96.jpg; data\processed\train\paper\paper96.jpg
EXACT_MD5,d8f41acceec2ca30e8563e45e48e7194,2,TrashNet_Raw; TrashNet_Processed_Train,TrashNet_Raw::paper; TrashNet_Processed_Train::paper,data\raw\TrashNet\paper\paper97.jpg; data\processed\train\paper\paper97.jpg
EXACT_MD5,6b1f994e4d5874927c89d7dbe95e58ec,2,TrashNet_Raw; TrashNet_Processed_Train,TrashNet_Raw::paper; TrashNet_Processed_Train::paper,data\raw\TrashNet\paper\paper98.jpg; data\processed\train\paper\paper98.jpg
EXACT_MD5,6fad9e199ab0d50bac498926724a2576,2,TrashNet_Raw; TrashNet_Processed_Train,TrashNet_Raw::paper; TrashNet_Processed_Train::paper,data\raw\TrashNet\paper\paper99.jpg; data\processed\train\paper\paper99.jpg
EXACT_MD5,8ce65c98accadf59f96fadab40353ab4,2,TrashNet_Raw; TrashNet_Processed_Val,TrashNet_Processed_Val::plastic; TrashNet_Raw::plastic,data\raw\TrashNet\plastic\plastic1.jpg; data\processed\val\plastic\plastic1.jpg
EXACT_MD5,c26c4d72b6403bf7247049d2431a1466,2,TrashNet_Raw; TrashNet_Processed_Train,TrashNet_Processed_Train::plastic; TrashNet_Raw::plastic,data\raw\TrashNet\plastic\plastic10.jpg; data\processed\train\plastic\plastic10.jpg
EXACT_MD5,e95dd8461876c54b2afc8f608e447029,2,TrashNet_Raw; TrashNet_Processed_Test,TrashNet_Processed_Test::plastic; TrashNet_Raw::plastic,data\raw\TrashNet\plastic\plastic100.jpg; data\processed\test\plastic\plastic100.jpg
EXACT_MD5,311f879f1553091fb163badd402a835d,2,TrashNet_Raw; TrashNet_Processed_Train,TrashNet_Processed_Train::plastic; TrashNet_Raw::plastic,data\raw\TrashNet\plastic\plastic101.jpg; data\processed\train\plastic\plastic101.jpg
EXACT_MD5,1580eda1bce5111823669f78b21a4626,2,TrashNet_Raw; TrashNet_Processed_Train,TrashNet_Processed_Train::plastic; TrashNet_Raw::plastic,data\raw\TrashNet\plastic\plastic102.jpg; data\processed\train\plastic\plastic102.jpg
EXACT_MD5,21f6642ba180fbd682cb75388ae4b1c7,2,TrashNet_Raw; TrashNet_Processed_Train,TrashNet_Processed_Train::plastic; TrashNet_Raw::plastic,data\raw\TrashNet\plastic\plastic103.jpg; data\processed\train\plastic\plastic103.jpg
EXACT_MD5,b19ff41b30f734809243cf50bb31e157,2,TrashNet_Raw; TrashNet_Processed_Train,TrashNet_Processed_Train::plastic; TrashNet_Raw::plastic,data\raw\TrashNet\plastic\plastic104.jpg; data\processed\train\plastic\plastic104.jpg
EXACT_MD5,029aaa0b00429e5e05aae0d5c0b570cb,2,TrashNet_Raw; TrashNet_Processed_Train,TrashNet_Processed_Train::plastic; TrashNet_Raw::plastic,data\raw\TrashNet\plastic\plastic105.jpg; data\processed\train\plastic\plastic105.jpg
EXACT_MD5,5b5b7cc4466f8a00d57a1ae5669e57f7,2,TrashNet_Raw; TrashNet_Processed_Test,TrashNet_Processed_Test::plastic; TrashNet_Raw::plastic,data\raw\TrashNet\plastic\plastic106.jpg; data\processed\test\plastic\plastic106.jpg
EXACT_MD5,ffba037d4dd6c849bfacf80739f0b4e7,2,TrashNet_Raw; TrashNet_Processed_Test,TrashNet_Processed_Test::plastic; TrashNet_Raw::plastic,data\raw\TrashNet\plastic\plastic107.jpg; data\processed\test\plastic\plastic107.jpg
EXACT_MD5,808331fd530409f37f91606bf21a5e2b,2,TrashNet_Raw; TrashNet_Processed_Val,TrashNet_Processed_Val::plastic; TrashNet_Raw::plastic,data\raw\TrashNet\plastic\plastic108.jpg; data\processed\val\plastic\plastic108.jpg
EXACT_MD5,93b8cb01b7b1a51c0e38f134473cfe42,2,TrashNet_Raw; TrashNet_Processed_Train,TrashNet_Processed_Train::plastic; TrashNet_Raw::plastic,data\raw\TrashNet\plastic\plastic109.jpg; data\processed\train\plastic\plastic109.jpg
EXACT_MD5,e1a5171235ee4aacf3cbc1637a926d36,2,TrashNet_Raw; TrashNet_Processed_Train,TrashNet_Processed_Train::plastic; TrashNet_Raw::plastic,data\raw\TrashNet\plastic\plastic11.jpg; data\processed\train\plastic\plastic11.jpg
EXACT_MD5,a07e204a534b3098d0f4ca4f26b80e27,2,TrashNet_Raw; TrashNet_Processed_Test,TrashNet_Processed_Test::plastic; TrashNet_Raw::plastic,data\raw\TrashNet\plastic\plastic110.jpg; data\processed\test\plastic\plastic110.jpg
EXACT_MD5,d75768ec58acde0fee424b3108f23a16,2,TrashNet_Raw; TrashNet_Processed_Test,TrashNet_Processed_Test::plastic; TrashNet_Raw::plastic,data\raw\TrashNet\plastic\plastic111.jpg; data\processed\test\plastic\plastic111.jpg
EXACT_MD5,16c7da6c24b21616a0b0db9c036af704,2,TrashNet_Raw; TrashNet_Processed_Train,TrashNet_Processed_Train::plastic; TrashNet_Raw::plastic,data\raw\TrashNet\plastic\plastic112.jpg; data\processed\train\plastic\plastic112.jpg
EXACT_MD5,56095786213c51967e3b999e3b5cb4c2,2,TrashNet_Raw; TrashNet_Processed_Train,TrashNet_Processed_Train::plastic; TrashNet_Raw::plastic,data\raw\TrashNet\plastic\plastic113.jpg; data\processed\train\plastic\plastic113.jpg
EXACT_MD5,ed8d603767956a9b2d7b9bf1d7d984f0,2,TrashNet_Raw; TrashNet_Processed_Train,TrashNet_Processed_Train::plastic; TrashNet_Raw::plastic,data\raw\TrashNet\plastic\plastic114.jpg; data\processed\train\plastic\plastic114.jpg
EXACT_MD5,16a471e07d45ce77decf7d31a57a615f,2,TrashNet_Raw; TrashNet_Processed_Val,TrashNet_Processed_Val::plastic; TrashNet_Raw::plastic,data\raw\TrashNet\plastic\plastic115.jpg; data\processed\val\plastic\plastic115.jpg
EXACT_MD5,05c5b1e236a6ac9d7d6b9217ff39f66b,2,TrashNet_Raw; TrashNet_Processed_Test,TrashNet_Processed_Test::plastic; TrashNet_Raw::plastic,data\raw\TrashNet\plastic\plastic116.jpg; data\processed\test\plastic\plastic116.jpg
EXACT_MD5,180a60536ed9542b2cc61e4a2ddc9246,2,TrashNet_Raw; TrashNet_Processed_Train,TrashNet_Processed_Train::plastic; TrashNet_Raw::plastic,data\raw\TrashNet\plastic\plastic117.jpg; data\processed\train\plastic\plastic117.jpg
EXACT_MD5,7992084b0931b1d4918d4c0590c04379,2,TrashNet_Raw; TrashNet_Processed_Val,TrashNet_Processed_Val::plastic; TrashNet_Raw::plastic,data\raw\TrashNet\plastic\plastic118.jpg; data\processed\val\plastic\plastic118.jpg
EXACT_MD5,b1a65352e37d31d46c2713c35cf7c67d,2,TrashNet_Raw; TrashNet_Processed_Val,TrashNet_Processed_Val::plastic; TrashNet_Raw::plastic,data\raw\TrashNet\plastic\plastic119.jpg; data\processed\val\plastic\plastic119.jpg
EXACT_MD5,faac8126cc8352b3ea6673c9be6de22d,2,TrashNet_Raw; TrashNet_Processed_Train,TrashNet_Processed_Train::plastic; TrashNet_Raw::plastic,data\raw\TrashNet\plastic\plastic12.jpg; data\processed\train\plastic\plastic12.jpg
EXACT_MD5,7847037c9b96435742b0124ecbd9b8b6,2,TrashNet_Raw; TrashNet_Processed_Test,TrashNet_Processed_Test::plastic; TrashNet_Raw::plastic,data\raw\TrashNet\plastic\plastic120.jpg; data\processed\test\plastic\plastic120.jpg
EXACT_MD5,d6fadfeadd96fc413da35ab50450f034,2,TrashNet_Raw; TrashNet_Processed_Train,TrashNet_Processed_Train::plastic; TrashNet_Raw::plastic,data\raw\TrashNet\plastic\plastic121.jpg; data\processed\train\plastic\plastic121.jpg
EXACT_MD5,4f10b01bea2c543cad7b4e5c7aeabafd,2,TrashNet_Raw; TrashNet_Processed_Train,TrashNet_Processed_Train::plastic; TrashNet_Raw::plastic,data\raw\TrashNet\plastic\plastic122.jpg; data\processed\train\plastic\plastic122.jpg
EXACT_MD5,b7d626d4c667ab0e3adc755fc29ed4b8,2,TrashNet_Raw; TrashNet_Processed_Test,TrashNet_Processed_Test::plastic; TrashNet_Raw::plastic,data\raw\TrashNet\plastic\plastic123.jpg; data\processed\test\plastic\plastic123.jpg
EXACT_MD5,6e14c2660896bbe3680748d571a71c4f,2,TrashNet_Raw; TrashNet_Processed_Train,TrashNet_Processed_Train::plastic; TrashNet_Raw::plastic,data\raw\TrashNet\plastic\plastic124.jpg; data\processed\train\plastic\plastic124.jpg
EXACT_MD5,ed7146008665e5e21aaec8e17274842f,2,TrashNet_Raw; TrashNet_Processed_Train,TrashNet_Processed_Train::plastic; TrashNet_Raw::plastic,data\raw\TrashNet\plastic\plastic125.jpg; data\processed\train\plastic\plastic125.jpg
EXACT_MD5,3bbb4d48ef6afbf8bca13afd5f9b4f61,2,TrashNet_Raw; TrashNet_Processed_Train,TrashNet_Processed_Train::plastic; TrashNet_Raw::plastic,data\raw\TrashNet\plastic\plastic126.jpg; data\processed\train\plastic\plastic126.jpg
EXACT_MD5,d7a4efadc02431b55c9695fcc0d70947,2,TrashNet_Raw; TrashNet_Processed_Train,TrashNet_Processed_Train::plastic; TrashNet_Raw::plastic,data\raw\TrashNet\plastic\plastic127.jpg; data\processed\train\plastic\plastic127.jpg
EXACT_MD5,cc12cb008b28e0568d10dd953f3983c4,2,TrashNet_Raw; TrashNet_Processed_Test,TrashNet_Processed_Test::plastic; TrashNet_Raw::plastic,data\raw\TrashNet\plastic\plastic128.jpg; data\processed\test\plastic\plastic128.jpg
EXACT_MD5,74a2c6c79bb124998124c70f21335379,2,TrashNet_Raw; TrashNet_Processed_Train,TrashNet_Processed_Train::plastic; TrashNet_Raw::plastic,data\raw\TrashNet\plastic\plastic129.jpg; data\processed\train\plastic\plastic129.jpg
EXACT_MD5,a3c99a9bfeaa4da587f5a593af79efd5,2,TrashNet_Raw; TrashNet_Processed_Val,TrashNet_Processed_Val::plastic; TrashNet_Raw::plastic,data\raw\TrashNet\plastic\plastic13.jpg; data\processed\val\plastic\plastic13.jpg
EXACT_MD5,8e6c69560d3bb2a2e321081ea5ff9cbf,2,TrashNet_Raw; TrashNet_Processed_Train,TrashNet_Processed_Train::plastic; TrashNet_Raw::plastic,data\raw\TrashNet\plastic\plastic130.jpg; data\processed\train\plastic\plastic130.jpg
EXACT_MD5,207c0fcc0451c300e3d3aee6e69df497,2,TrashNet_Raw; TrashNet_Processed_Train,TrashNet_Processed_Train::plastic; TrashNet_Raw::plastic,data\raw\TrashNet\plastic\plastic131.jpg; data\processed\train\plastic\plastic131.jpg
EXACT_MD5,e892c0a59573e5a42502dff3d7d58c7a,2,TrashNet_Raw; TrashNet_Processed_Train,TrashNet_Processed_Train::plastic; TrashNet_Raw::plastic,data\raw\TrashNet\plastic\plastic132.jpg; data\processed\train\plastic\plastic132.jpg
EXACT_MD5,6104d749c7482c33573875b687e09c59,2,TrashNet_Raw; TrashNet_Processed_Train,TrashNet_Processed_Train::plastic; TrashNet_Raw::plastic,data\raw\TrashNet\plastic\plastic133.jpg; data\processed\train\plastic\plastic133.jpg
EXACT_MD5,ab7c88f88a0d3de06b21187894949e28,2,TrashNet_Raw; TrashNet_Processed_Train,TrashNet_Processed_Train::plastic; TrashNet_Raw::plastic,data\raw\TrashNet\plastic\plastic134.jpg; data\processed\train\plastic\plastic134.jpg
EXACT_MD5,3699f7d2da43b4929f2f57decb99a22d,2,TrashNet_Raw; TrashNet_Processed_Test,TrashNet_Processed_Test::plastic; TrashNet_Raw::plastic,data\raw\TrashNet\plastic\plastic135.jpg; data\processed\test\plastic\plastic135.jpg
EXACT_MD5,ead08d9f3beef5129ad39b6165cf0a52,2,TrashNet_Raw; TrashNet_Processed_Test,TrashNet_Processed_Test::plastic; TrashNet_Raw::plastic,data\raw\TrashNet\plastic\plastic136.jpg; data\processed\test\plastic\plastic136.jpg
EXACT_MD5,c4f644fd6ffa2b5497a6d7c1cabd1406,2,TrashNet_Raw; TrashNet_Processed_Train,TrashNet_Processed_Train::plastic; TrashNet_Raw::plastic,data\raw\TrashNet\plastic\plastic137.jpg; data\processed\train\plastic\plastic137.jpg
EXACT_MD5,1321d3f612514e4eab82e2529ff32bbe,2,TrashNet_Raw; TrashNet_Processed_Val,TrashNet_Processed_Val::plastic; TrashNet_Raw::plastic,data\raw\TrashNet\plastic\plastic138.jpg; data\processed\val\plastic\plastic138.jpg
EXACT_MD5,574e6ae0a63455c991c48ba82aa9111a,2,TrashNet_Raw; TrashNet_Processed_Train,TrashNet_Processed_Train::plastic; TrashNet_Raw::plastic,data\raw\TrashNet\plastic\plastic139.jpg; data\processed\train\plastic\plastic139.jpg
EXACT_MD5,e89ea6a1ed67332cf645d047e4f7df26,2,TrashNet_Raw; TrashNet_Processed_Train,TrashNet_Processed_Train::plastic; TrashNet_Raw::plastic,data\raw\TrashNet\plastic\plastic14.jpg; data\processed\train\plastic\plastic14.jpg
EXACT_MD5,3a39c9c84ddb1ae2669329b9f69b6397,2,TrashNet_Raw; TrashNet_Processed_Train,TrashNet_Processed_Train::plastic; TrashNet_Raw::plastic,data\raw\TrashNet\plastic\plastic140.jpg; data\processed\train\plastic\plastic140.jpg
EXACT_MD5,4661e56606ad56c606516f1436db5804,2,TrashNet_Raw; TrashNet_Processed_Train,TrashNet_Processed_Train::plastic; TrashNet_Raw::plastic,data\raw\TrashNet\plastic\plastic141.jpg; data\processed\train\plastic\plastic141.jpg
EXACT_MD5,65c0b539a2728811d44f3a61397cfd4d,2,TrashNet_Raw; TrashNet_Processed_Train,TrashNet_Processed_Train::plastic; TrashNet_Raw::plastic,data\raw\TrashNet\plastic\plastic142.jpg; data\processed\train\plastic\plastic142.jpg
EXACT_MD5,c6a0e1fef181be10fc6c4014874b4232,2,TrashNet_Raw; TrashNet_Processed_Train,TrashNet_Processed_Train::plastic; TrashNet_Raw::plastic,data\raw\TrashNet\plastic\plastic143.jpg; data\processed\train\plastic\plastic143.jpg
EXACT_MD5,32309c961a09feef196f9a1c0f3a7821,2,TrashNet_Raw; TrashNet_Processed_Test,TrashNet_Processed_Test::plastic; TrashNet_Raw::plastic,data\raw\TrashNet\plastic\plastic144.jpg; data\processed\test\plastic\plastic144.jpg
EXACT_MD5,edde9d3188108f8cfb320d84516bbda9,2,TrashNet_Raw; TrashNet_Processed_Train,TrashNet_Processed_Train::plastic; TrashNet_Raw::plastic,data\raw\TrashNet\plastic\plastic145.jpg; data\processed\train\plastic\plastic145.jpg
EXACT_MD5,15d3aa220c4cfa85ca29db109b4744e8,2,TrashNet_Raw; TrashNet_Processed_Train,TrashNet_Processed_Train::plastic; TrashNet_Raw::plastic,data\raw\TrashNet\plastic\plastic146.jpg; data\processed\train\plastic\plastic146.jpg
EXACT_MD5,46220306c5f0b1186c0f8d1a8a05f90b,2,TrashNet_Raw; TrashNet_Processed_Val,TrashNet_Processed_Val::plastic; TrashNet_Raw::plastic,data\raw\TrashNet\plastic\plastic147.jpg; data\processed\val\plastic\plastic147.jpg
EXACT_MD5,d3507d43b367a2873e1c206969f3daee,2,TrashNet_Raw; TrashNet_Processed_Train,TrashNet_Processed_Train::plastic; TrashNet_Raw::plastic,data\raw\TrashNet\plastic\plastic148.jpg; data\processed\train\plastic\plastic148.jpg
EXACT_MD5,977e88c98187ed6042417c23235dec22,2,TrashNet_Raw; TrashNet_Processed_Train,TrashNet_Processed_Train::plastic; TrashNet_Raw::plastic,data\raw\TrashNet\plastic\plastic149.jpg; data\processed\train\plastic\plastic149.jpg
EXACT_MD5,c337caf553f839dc13e1fa6e125fc317,2,TrashNet_Raw; TrashNet_Processed_Test,TrashNet_Processed_Test::plastic; TrashNet_Raw::plastic,data\raw\TrashNet\plastic\plastic15.jpg; data\processed\test\plastic\plastic15.jpg
EXACT_MD5,b8b90a8fb50f377d96d7eabe7a8c6e0b,2,TrashNet_Raw; TrashNet_Processed_Train,TrashNet_Processed_Train::plastic; TrashNet_Raw::plastic,data\raw\TrashNet\plastic\plastic150.jpg; data\processed\train\plastic\plastic150.jpg
EXACT_MD5,ffe552141aeac4eced76c17e8752678b,2,TrashNet_Raw; TrashNet_Processed_Train,TrashNet_Processed_Train::plastic; TrashNet_Raw::plastic,data\raw\TrashNet\plastic\plastic151.jpg; data\processed\train\plastic\plastic151.jpg
EXACT_MD5,ac8399e241cee5e05c5d8db22866d393,2,TrashNet_Raw; TrashNet_Processed_Train,TrashNet_Processed_Train::plastic; TrashNet_Raw::plastic,data\raw\TrashNet\plastic\plastic153.jpg; data\processed\train\plastic\plastic153.jpg
EXACT_MD5,4747e4111c88d15aecc65995d4fc9454,2,TrashNet_Raw; TrashNet_Processed_Train,TrashNet_Processed_Train::plastic; TrashNet_Raw::plastic,data\raw\TrashNet\plastic\plastic154.jpg; data\processed\train\plastic\plastic154.jpg
EXACT_MD5,111d0dfc5bf7976e34aa14ed74ffd1f5,2,TrashNet_Raw; TrashNet_Processed_Train,TrashNet_Processed_Train::plastic; TrashNet_Raw::plastic,data\raw\TrashNet\plastic\plastic155.jpg; data\processed\train\plastic\plastic155.jpg
EXACT_MD5,82e27663bb63c8b9c2fefe8e61dd878d,2,TrashNet_Raw; TrashNet_Processed_Test,TrashNet_Processed_Test::plastic; TrashNet_Raw::plastic,data\raw\TrashNet\plastic\plastic156.jpg; data\processed\test\plastic\plastic156.jpg
EXACT_MD5,947aa5037c0e792588c81e46b172afc1,2,TrashNet_Raw; TrashNet_Processed_Train,TrashNet_Processed_Train::plastic; TrashNet_Raw::plastic,data\raw\TrashNet\plastic\plastic157.jpg; data\processed\train\plastic\plastic157.jpg
EXACT_MD5,5a6a4ad9f7c313104efd2139a917fcb7,2,TrashNet_Raw; TrashNet_Processed_Train,TrashNet_Processed_Train::plastic; TrashNet_Raw::plastic,data\raw\TrashNet\plastic\plastic158.jpg; data\processed\train\plastic\plastic158.jpg
EXACT_MD5,3aabcbf4103492eacbf18458cd099a89,2,TrashNet_Raw; TrashNet_Processed_Train,TrashNet_Processed_Train::plastic; TrashNet_Raw::plastic,data\raw\TrashNet\plastic\plastic159.jpg; data\processed\train\plastic\plastic159.jpg
EXACT_MD5,64b303f2e1d4950af3567cad193a2074,2,TrashNet_Raw; TrashNet_Processed_Train,TrashNet_Processed_Train::plastic; TrashNet_Raw::plastic,data\raw\TrashNet\plastic\plastic16.jpg; data\processed\train\plastic\plastic16.jpg
EXACT_MD5,942775ca2bf62ae61085224f141b72b6,2,TrashNet_Raw; TrashNet_Processed_Train,TrashNet_Processed_Train::plastic; TrashNet_Raw::plastic,data\raw\TrashNet\plastic\plastic160.jpg; data\processed\train\plastic\plastic160.jpg
EXACT_MD5,8cbe5edb6b64715437785e37556b1e9d,2,TrashNet_Raw; TrashNet_Processed_Val,TrashNet_Processed_Val::plastic; TrashNet_Raw::plastic,data\raw\TrashNet\plastic\plastic161.jpg; data\processed\val\plastic\plastic161.jpg
EXACT_MD5,3358874628573ffa59bf4f9f2e5626b6,2,TrashNet_Raw; TrashNet_Processed_Val,TrashNet_Processed_Val::plastic; TrashNet_Raw::plastic,data\raw\TrashNet\plastic\plastic162.jpg; data\processed\val\plastic\plastic162.jpg
EXACT_MD5,bd7b71a2b4c967eeb3089ea915eeb440,2,TrashNet_Raw; TrashNet_Processed_Test,TrashNet_Processed_Test::plastic; TrashNet_Raw::plastic,data\raw\TrashNet\plastic\plastic163.jpg; data\processed\test\plastic\plastic163.jpg
EXACT_MD5,09d701406dd62b01a757d18a96f17f86,2,TrashNet_Raw; TrashNet_Processed_Test,TrashNet_Processed_Test::plastic; TrashNet_Raw::plastic,data\raw\TrashNet\plastic\plastic164.jpg; data\processed\test\plastic\plastic164.jpg
EXACT_MD5,9800ed1373955e21e8ac93d92c3f6b72,2,TrashNet_Raw; TrashNet_Processed_Train,TrashNet_Processed_Train::plastic; TrashNet_Raw::plastic,data\raw\TrashNet\plastic\plastic165.jpg; data\processed\train\plastic\plastic165.jpg
EXACT_MD5,3f0e04af3825d7cb3792e8e3238ced40,2,TrashNet_Raw; TrashNet_Processed_Test,TrashNet_Processed_Test::plastic; TrashNet_Raw::plastic,data\raw\TrashNet\plastic\plastic166.jpg; data\processed\test\plastic\plastic166.jpg
EXACT_MD5,08946918b250db03543648eafefc509c,2,TrashNet_Raw; TrashNet_Processed_Test,TrashNet_Processed_Test::plastic; TrashNet_Raw::plastic,data\raw\TrashNet\plastic\plastic167.jpg; data\processed\test\plastic\plastic167.jpg
EXACT_MD5,b3fcfa6f0b90d650d0d72d0d22dcaade,2,TrashNet_Raw; TrashNet_Processed_Train,TrashNet_Processed_Train::plastic; TrashNet_Raw::plastic,data\raw\TrashNet\plastic\plastic168.jpg; data\processed\train\plastic\plastic168.jpg
EXACT_MD5,21512d43072500f7d966a1fe5ad0a31e,2,TrashNet_Raw; TrashNet_Processed_Test,TrashNet_Processed_Test::plastic; TrashNet_Raw::plastic,data\raw\TrashNet\plastic\plastic169.jpg; data\processed\test\plastic\plastic169.jpg
EXACT_MD5,f4b63a84f1726fec2f864c6279c2a1c9,2,TrashNet_Raw; TrashNet_Processed_Train,TrashNet_Processed_Train::plastic; TrashNet_Raw::plastic,data\raw\TrashNet\plastic\plastic17.jpg; data\processed\train\plastic\plastic17.jpg
EXACT_MD5,22e24ea83e9891e20daf8c8c295ca0a9,2,TrashNet_Raw; TrashNet_Processed_Train,TrashNet_Processed_Train::plastic; TrashNet_Raw::plastic,data\raw\TrashNet\plastic\plastic170.jpg; data\processed\train\plastic\plastic170.jpg
EXACT_MD5,0fde5dfaea544255c189f9a262854200,2,TrashNet_Raw; TrashNet_Processed_Train,TrashNet_Processed_Train::plastic; TrashNet_Raw::plastic,data\raw\TrashNet\plastic\plastic171.jpg; data\processed\train\plastic\plastic171.jpg
EXACT_MD5,f3cebe2137382fbc87a84e77aba6492d,2,TrashNet_Raw; TrashNet_Processed_Train,TrashNet_Processed_Train::plastic; TrashNet_Raw::plastic,data\raw\TrashNet\plastic\plastic172.jpg; data\processed\train\plastic\plastic172.jpg
EXACT_MD5,012aed2f592627c080e379fbe7ea90c9,2,TrashNet_Raw; TrashNet_Processed_Train,TrashNet_Processed_Train::plastic; TrashNet_Raw::plastic,data\raw\TrashNet\plastic\plastic173.jpg; data\processed\train\plastic\plastic173.jpg
EXACT_MD5,f0d2185e90753f849cc1f2b4f3d4a765,2,TrashNet_Raw; TrashNet_Processed_Train,TrashNet_Processed_Train::plastic; TrashNet_Raw::plastic,data\raw\TrashNet\plastic\plastic174.jpg; data\processed\train\plastic\plastic174.jpg
EXACT_MD5,f2bbd92a2ecf6ae966b3016672d264c0,2,TrashNet_Raw; TrashNet_Processed_Train,TrashNet_Processed_Train::plastic; TrashNet_Raw::plastic,data\raw\TrashNet\plastic\plastic175.jpg; data\processed\train\plastic\plastic175.jpg
EXACT_MD5,e27669446185fc837eca9f31b93e74c5,2,TrashNet_Raw; TrashNet_Processed_Train,TrashNet_Processed_Train::plastic; TrashNet_Raw::plastic,data\raw\TrashNet\plastic\plastic176.jpg; data\processed\train\plastic\plastic176.jpg
EXACT_MD5,cd6c9166af3369af00d4bbbbe148701e,2,TrashNet_Raw; TrashNet_Processed_Train,TrashNet_Processed_Train::plastic; TrashNet_Raw::plastic,data\raw\TrashNet\plastic\plastic177.jpg; data\processed\train\plastic\plastic177.jpg
EXACT_MD5,ce9a53356af557abdedeba0d9aaa937a,2,TrashNet_Raw; TrashNet_Processed_Train,TrashNet_Processed_Train::plastic; TrashNet_Raw::plastic,data\raw\TrashNet\plastic\plastic178.jpg; data\processed\train\plastic\plastic178.jpg
EXACT_MD5,051a02ef5412d9e4e133a19fc31818d5,2,TrashNet_Raw; TrashNet_Processed_Train,TrashNet_Processed_Train::plastic; TrashNet_Raw::plastic,data\raw\TrashNet\plastic\plastic179.jpg; data\processed\train\plastic\plastic179.jpg
EXACT_MD5,5536614c8fe4fe00c3200f4411e4e591,2,TrashNet_Raw; TrashNet_Processed_Train,TrashNet_Processed_Train::plastic; TrashNet_Raw::plastic,data\raw\TrashNet\plastic\plastic18.jpg; data\processed\train\plastic\plastic18.jpg
EXACT_MD5,a2ddeb696a5b9849fbbd22d3b637527c,2,TrashNet_Raw; TrashNet_Processed_Val,TrashNet_Processed_Val::plastic; TrashNet_Raw::plastic,data\raw\TrashNet\plastic\plastic180.jpg; data\processed\val\plastic\plastic180.jpg
EXACT_MD5,4f52010483111a7e9793c74d248f37d7,2,TrashNet_Raw; TrashNet_Processed_Train,TrashNet_Processed_Train::plastic; TrashNet_Raw::plastic,data\raw\TrashNet\plastic\plastic181.jpg; data\processed\train\plastic\plastic181.jpg
EXACT_MD5,c81cd2ef27d2dc2a6bbf18a0a6c1640e,2,TrashNet_Raw; TrashNet_Processed_Train,TrashNet_Processed_Train::plastic; TrashNet_Raw::plastic,data\raw\TrashNet\plastic\plastic182.jpg; data\processed\train\plastic\plastic182.jpg
EXACT_MD5,1ba91d27bedfefc806d116321a963687,2,TrashNet_Raw; TrashNet_Processed_Train,TrashNet_Processed_Train::plastic; TrashNet_Raw::plastic,data\raw\TrashNet\plastic\plastic183.jpg; data\processed\train\plastic\plastic183.jpg
EXACT_MD5,471d5ed87739a5722b5e5c1db783f85a,2,TrashNet_Raw; TrashNet_Processed_Val,TrashNet_Processed_Val::plastic; TrashNet_Raw::plastic,data\raw\TrashNet\plastic\plastic184.jpg; data\processed\val\plastic\plastic184.jpg
EXACT_MD5,58b3281a39962dd39b0b3b320f7079d6,2,TrashNet_Raw; TrashNet_Processed_Train,TrashNet_Processed_Train::plastic; TrashNet_Raw::plastic,data\raw\TrashNet\plastic\plastic185.jpg; data\processed\train\plastic\plastic185.jpg
EXACT_MD5,49e3271d462b483f9202148dfb075efc,2,TrashNet_Raw; TrashNet_Processed_Val,TrashNet_Processed_Val::plastic; TrashNet_Raw::plastic,data\raw\TrashNet\plastic\plastic186.jpg; data\processed\val\plastic\plastic186.jpg
EXACT_MD5,690b55da504dc1f091bacaa4a375cab1,2,TrashNet_Raw; TrashNet_Processed_Train,TrashNet_Processed_Train::plastic; TrashNet_Raw::plastic,data\raw\TrashNet\plastic\plastic187.jpg; data\processed\train\plastic\plastic187.jpg
EXACT_MD5,2cf858961c449ad0e5bcacf81d35d061,2,TrashNet_Raw; TrashNet_Processed_Val,TrashNet_Processed_Val::plastic; TrashNet_Raw::plastic,data\raw\TrashNet\plastic\plastic188.jpg; data\processed\val\plastic\plastic188.jpg
EXACT_MD5,9fa727f39710602ce1b6a57a54820ace,2,TrashNet_Raw; TrashNet_Processed_Train,TrashNet_Processed_Train::plastic; TrashNet_Raw::plastic,data\raw\TrashNet\plastic\plastic189.jpg; data\processed\train\plastic\plastic189.jpg
EXACT_MD5,8415cb2be09f74024da605e2831478c6,2,TrashNet_Raw; TrashNet_Processed_Train,TrashNet_Processed_Train::plastic; TrashNet_Raw::plastic,data\raw\TrashNet\plastic\plastic19.jpg; data\processed\train\plastic\plastic19.jpg
EXACT_MD5,4495286c6987bb28b06f715e6dcdd79f,2,TrashNet_Raw; TrashNet_Processed_Train,TrashNet_Processed_Train::plastic; TrashNet_Raw::plastic,data\raw\TrashNet\plastic\plastic190.jpg; data\processed\train\plastic\plastic190.jpg
EXACT_MD5,b69c150e0febcad778b2d78470c67a48,2,TrashNet_Raw; TrashNet_Processed_Train,TrashNet_Processed_Train::plastic; TrashNet_Raw::plastic,data\raw\TrashNet\plastic\plastic191.jpg; data\processed\train\plastic\plastic191.jpg
EXACT_MD5,5d9ac8b95a6918708483dfbf4679fc82,2,TrashNet_Raw; TrashNet_Processed_Val,TrashNet_Processed_Val::plastic; TrashNet_Raw::plastic,data\raw\TrashNet\plastic\plastic192.jpg; data\processed\val\plastic\plastic192.jpg
EXACT_MD5,ec8857ea702ba389d641f61dcd281566,2,TrashNet_Raw; TrashNet_Processed_Val,TrashNet_Processed_Val::plastic; TrashNet_Raw::plastic,data\raw\TrashNet\plastic\plastic193.jpg; data\processed\val\plastic\plastic193.jpg
EXACT_MD5,115c020744bc7762f2b165ed3351610d,2,TrashNet_Raw; TrashNet_Processed_Train,TrashNet_Processed_Train::plastic; TrashNet_Raw::plastic,data\raw\TrashNet\plastic\plastic194.jpg; data\processed\train\plastic\plastic194.jpg
EXACT_MD5,c67468fc730ed00a83af3f16c27f8241,2,TrashNet_Raw; TrashNet_Processed_Train,TrashNet_Processed_Train::plastic; TrashNet_Raw::plastic,data\raw\TrashNet\plastic\plastic195.jpg; data\processed\train\plastic\plastic195.jpg
EXACT_MD5,862e987b22d227d6726c0089e2c779a2,2,TrashNet_Raw; TrashNet_Processed_Train,TrashNet_Processed_Train::plastic; TrashNet_Raw::plastic,data\raw\TrashNet\plastic\plastic196.jpg; data\processed\train\plastic\plastic196.jpg
EXACT_MD5,8df65332033a7ae618d4e9dd2a187842,2,TrashNet_Raw; TrashNet_Processed_Train,TrashNet_Processed_Train::plastic; TrashNet_Raw::plastic,data\raw\TrashNet\plastic\plastic197.jpg; data\processed\train\plastic\plastic197.jpg
EXACT_MD5,25ce37c1192e1642ad0e1c958979f781,2,TrashNet_Raw; TrashNet_Processed_Train,TrashNet_Processed_Train::plastic; TrashNet_Raw::plastic,data\raw\TrashNet\plastic\plastic198.jpg; data\processed\train\plastic\plastic198.jpg
EXACT_MD5,b6efe00e0e4e5b1d94e72bcc3b86d08d,2,TrashNet_Raw; TrashNet_Processed_Train,TrashNet_Processed_Train::plastic; TrashNet_Raw::plastic,data\raw\TrashNet\plastic\plastic199.jpg; data\processed\train\plastic\plastic199.jpg
EXACT_MD5,c3d106d5e374c88a5c9e15f3e6acb032,2,TrashNet_Raw; TrashNet_Processed_Test,TrashNet_Processed_Test::plastic; TrashNet_Raw::plastic,data\raw\TrashNet\plastic\plastic2.jpg; data\processed\test\plastic\plastic2.jpg
EXACT_MD5,df01a3eafb1062ad3e252630e0256d9d,2,TrashNet_Raw; TrashNet_Processed_Train,TrashNet_Processed_Train::plastic; TrashNet_Raw::plastic,data\raw\TrashNet\plastic\plastic20.jpg; data\processed\train\plastic\plastic20.jpg
EXACT_MD5,8abab981a5ec4034d0f7f1902890a181,2,TrashNet_Raw; TrashNet_Processed_Train,TrashNet_Processed_Train::plastic; TrashNet_Raw::plastic,data\raw\TrashNet\plastic\plastic200.jpg; data\processed\train\plastic\plastic200.jpg
EXACT_MD5,bdd7b02457c588ec8a70e48051a4e07a,2,TrashNet_Raw; TrashNet_Processed_Train,TrashNet_Processed_Train::plastic; TrashNet_Raw::plastic,data\raw\TrashNet\plastic\plastic201.jpg; data\processed\train\plastic\plastic201.jpg
EXACT_MD5,88e89df0cb65d7fc59ae2770177bf39b,2,TrashNet_Raw; TrashNet_Processed_Test,TrashNet_Processed_Test::plastic; TrashNet_Raw::plastic,data\raw\TrashNet\plastic\plastic202.jpg; data\processed\test\plastic\plastic202.jpg
EXACT_MD5,c520efe8aa22ca9ede6bd2f7f400173f,2,TrashNet_Raw; TrashNet_Processed_Train,TrashNet_Processed_Train::plastic; TrashNet_Raw::plastic,data\raw\TrashNet\plastic\plastic203.jpg; data\processed\train\plastic\plastic203.jpg
EXACT_MD5,a46c0541212fcee661169dff6b802c8c,2,TrashNet_Raw; TrashNet_Processed_Train,TrashNet_Processed_Train::plastic; TrashNet_Raw::plastic,data\raw\TrashNet\plastic\plastic204.jpg; data\processed\train\plastic\plastic204.jpg
EXACT_MD5,478c64f04275f0a49733910be1037153,2,TrashNet_Raw; TrashNet_Processed_Train,TrashNet_Processed_Train::plastic; TrashNet_Raw::plastic,data\raw\TrashNet\plastic\plastic205.jpg; data\processed\train\plastic\plastic205.jpg
EXACT_MD5,e2496f1c7771d7ffb4127513abb07396,2,TrashNet_Raw; TrashNet_Processed_Train,TrashNet_Processed_Train::plastic; TrashNet_Raw::plastic,data\raw\TrashNet\plastic\plastic206.jpg; data\processed\train\plastic\plastic206.jpg
EXACT_MD5,22890fdd7285901d9d1232d99c966210,2,TrashNet_Raw; TrashNet_Processed_Train,TrashNet_Processed_Train::plastic; TrashNet_Raw::plastic,data\raw\TrashNet\plastic\plastic207.jpg; data\processed\train\plastic\plastic207.jpg
EXACT_MD5,7b188c11b844846e6603715d98e245d6,2,TrashNet_Raw; TrashNet_Processed_Test,TrashNet_Processed_Test::plastic; TrashNet_Raw::plastic,data\raw\TrashNet\plastic\plastic208.jpg; data\processed\test\plastic\plastic208.jpg
EXACT_MD5,ca6c097d523a61202a54d91ed5aeaab3,2,TrashNet_Raw; TrashNet_Processed_Test,TrashNet_Processed_Test::plastic; TrashNet_Raw::plastic,data\raw\TrashNet\plastic\plastic209.jpg; data\processed\test\plastic\plastic209.jpg
EXACT_MD5,04b3f287d2ef04cbce89089acd2d7ee8,2,TrashNet_Raw; TrashNet_Processed_Test,TrashNet_Processed_Test::plastic; TrashNet_Raw::plastic,data\raw\TrashNet\plastic\plastic21.jpg; data\processed\test\plastic\plastic21.jpg
EXACT_MD5,4fee18d0bc638bc0954f1350d2b10a4e,2,TrashNet_Raw; TrashNet_Processed_Test,TrashNet_Processed_Test::plastic; TrashNet_Raw::plastic,data\raw\TrashNet\plastic\plastic210.jpg; data\processed\test\plastic\plastic210.jpg
EXACT_MD5,205111d583351975bfef7ce9936910bb,2,TrashNet_Raw; TrashNet_Processed_Train,TrashNet_Processed_Train::plastic; TrashNet_Raw::plastic,data\raw\TrashNet\plastic\plastic211.jpg; data\processed\train\plastic\plastic211.jpg
EXACT_MD5,3380504fbed2386cdf8fb0353cfc50c1,2,TrashNet_Raw; TrashNet_Processed_Train,TrashNet_Processed_Train::plastic; TrashNet_Raw::plastic,data\raw\TrashNet\plastic\plastic212.jpg; data\processed\train\plastic\plastic212.jpg
EXACT_MD5,bf11fadaf6d7d2ef99f57f3f0f10d72b,2,TrashNet_Raw; TrashNet_Processed_Train,TrashNet_Processed_Train::plastic; TrashNet_Raw::plastic,data\raw\TrashNet\plastic\plastic213.jpg; data\processed\train\plastic\plastic213.jpg
EXACT_MD5,9f4a7d1edb71f450103a78db8bc7f114,2,TrashNet_Raw; TrashNet_Processed_Train,TrashNet_Processed_Train::plastic; TrashNet_Raw::plastic,data\raw\TrashNet\plastic\plastic214.jpg; data\processed\train\plastic\plastic214.jpg
EXACT_MD5,277e69e5531d9e379d78d73399399acf,2,TrashNet_Raw; TrashNet_Processed_Train,TrashNet_Processed_Train::plastic; TrashNet_Raw::plastic,data\raw\TrashNet\plastic\plastic215.jpg; data\processed\train\plastic\plastic215.jpg
EXACT_MD5,f75e3d7a7b5c0d50c866a21b1a4844a2,2,TrashNet_Raw; TrashNet_Processed_Val,TrashNet_Processed_Val::plastic; TrashNet_Raw::plastic,data\raw\TrashNet\plastic\plastic216.jpg; data\processed\val\plastic\plastic216.jpg
EXACT_MD5,7aa443aba144d859d620c9b272afa80b,2,TrashNet_Raw; TrashNet_Processed_Train,TrashNet_Processed_Train::plastic; TrashNet_Raw::plastic,data\raw\TrashNet\plastic\plastic217.jpg; data\processed\train\plastic\plastic217.jpg
EXACT_MD5,c3734fced177795a54929d33c38527a4,2,TrashNet_Raw; TrashNet_Processed_Test,TrashNet_Processed_Test::plastic; TrashNet_Raw::plastic,data\raw\TrashNet\plastic\plastic218.jpg; data\processed\test\plastic\plastic218.jpg
EXACT_MD5,771424b15c2b3a59cbc51b83f7def86f,2,TrashNet_Raw; TrashNet_Processed_Train,TrashNet_Processed_Train::plastic; TrashNet_Raw::plastic,data\raw\TrashNet\plastic\plastic219.jpg; data\processed\train\plastic\plastic219.jpg
EXACT_MD5,812769f9315991ca0436a75b5b9e3ac0,2,TrashNet_Raw; TrashNet_Processed_Train,TrashNet_Processed_Train::plastic; TrashNet_Raw::plastic,data\raw\TrashNet\plastic\plastic22.jpg; data\processed\train\plastic\plastic22.jpg
EXACT_MD5,e26e1a029d0224ac7cd912347fb2d46b,2,TrashNet_Raw; TrashNet_Processed_Train,TrashNet_Processed_Train::plastic; TrashNet_Raw::plastic,data\raw\TrashNet\plastic\plastic220.jpg; data\processed\train\plastic\plastic220.jpg
EXACT_MD5,7af84b556d80d6bd17a02f4ecc85c693,2,TrashNet_Raw; TrashNet_Processed_Train,TrashNet_Processed_Train::plastic; TrashNet_Raw::plastic,data\raw\TrashNet\plastic\plastic221.jpg; data\processed\train\plastic\plastic221.jpg
EXACT_MD5,c4d7a69dfd101b40e32ed8c1b2b9a305,2,TrashNet_Raw; TrashNet_Processed_Train,TrashNet_Processed_Train::plastic; TrashNet_Raw::plastic,data\raw\TrashNet\plastic\plastic222.jpg; data\processed\train\plastic\plastic222.jpg
EXACT_MD5,35310da641ebb3fe5e6f09cf860bb64e,2,TrashNet_Raw; TrashNet_Processed_Train,TrashNet_Processed_Train::plastic; TrashNet_Raw::plastic,data\raw\TrashNet\plastic\plastic223.jpg; data\processed\train\plastic\plastic223.jpg
EXACT_MD5,a633c96b83544adec22f5b8e919e7714,2,TrashNet_Raw; TrashNet_Processed_Train,TrashNet_Processed_Train::plastic; TrashNet_Raw::plastic,data\raw\TrashNet\plastic\plastic224.jpg; data\processed\train\plastic\plastic224.jpg
EXACT_MD5,550b04b4c43b39333ffee9ca80e43215,2,TrashNet_Raw; TrashNet_Processed_Train,TrashNet_Processed_Train::plastic; TrashNet_Raw::plastic,data\raw\TrashNet\plastic\plastic225.jpg; data\processed\train\plastic\plastic225.jpg
EXACT_MD5,14a0221e423a089d08f73215345fbc57,2,TrashNet_Raw; TrashNet_Processed_Train,TrashNet_Processed_Train::plastic; TrashNet_Raw::plastic,data\raw\TrashNet\plastic\plastic226.jpg; data\processed\train\plastic\plastic226.jpg
EXACT_MD5,a0e2a5a3784258e1a33fdd12628277b0,2,TrashNet_Raw; TrashNet_Processed_Train,TrashNet_Processed_Train::plastic; TrashNet_Raw::plastic,data\raw\TrashNet\plastic\plastic227.jpg; data\processed\train\plastic\plastic227.jpg
EXACT_MD5,05de3dae2e9c7773400f0387ecff2ee6,2,TrashNet_Raw; TrashNet_Processed_Train,TrashNet_Processed_Train::plastic; TrashNet_Raw::plastic,data\raw\TrashNet\plastic\plastic228.jpg; data\processed\train\plastic\plastic228.jpg
EXACT_MD5,222e82349990f7ca1543be22763ac2fd,2,TrashNet_Raw; TrashNet_Processed_Train,TrashNet_Processed_Train::plastic; TrashNet_Raw::plastic,data\raw\TrashNet\plastic\plastic229.jpg; data\processed\train\plastic\plastic229.jpg
EXACT_MD5,7caff63716e634e45c0ae45254af92da,2,TrashNet_Raw; TrashNet_Processed_Train,TrashNet_Processed_Train::plastic; TrashNet_Raw::plastic,data\raw\TrashNet\plastic\plastic23.jpg; data\processed\train\plastic\plastic23.jpg
EXACT_MD5,a0d12b484364a67098b6db80c9b6af45,2,TrashNet_Raw; TrashNet_Processed_Train,TrashNet_Processed_Train::plastic; TrashNet_Raw::plastic,data\raw\TrashNet\plastic\plastic230.jpg; data\processed\train\plastic\plastic230.jpg
EXACT_MD5,db339981977ab6014e6b928d497a02ed,2,TrashNet_Raw; TrashNet_Processed_Test,TrashNet_Processed_Test::plastic; TrashNet_Raw::plastic,data\raw\TrashNet\plastic\plastic231.jpg; data\processed\test\plastic\plastic231.jpg
EXACT_MD5,0e533b0ce1b02bb6c9f5580ab08e0080,2,TrashNet_Raw; TrashNet_Processed_Test,TrashNet_Processed_Test::plastic; TrashNet_Raw::plastic,data\raw\TrashNet\plastic\plastic232.jpg; data\processed\test\plastic\plastic232.jpg
EXACT_MD5,8e7a1c139248022e5a924bbfb44787db,2,TrashNet_Raw; TrashNet_Processed_Train,TrashNet_Processed_Train::plastic; TrashNet_Raw::plastic,data\raw\TrashNet\plastic\plastic233.jpg; data\processed\train\plastic\plastic233.jpg
EXACT_MD5,c392d24834c39ef3c563804a0d5bce3c,2,TrashNet_Raw; TrashNet_Processed_Test,TrashNet_Processed_Test::plastic; TrashNet_Raw::plastic,data\raw\TrashNet\plastic\plastic234.jpg; data\processed\test\plastic\plastic234.jpg
EXACT_MD5,c6fe1db91a26e14a6c8d6755a595961f,2,TrashNet_Raw; TrashNet_Processed_Val,TrashNet_Processed_Val::plastic; TrashNet_Raw::plastic,data\raw\TrashNet\plastic\plastic235.jpg; data\processed\val\plastic\plastic235.jpg
EXACT_MD5,750b72346bbda9df606232263335f6a4,2,TrashNet_Raw; TrashNet_Processed_Train,TrashNet_Processed_Train::plastic; TrashNet_Raw::plastic,data\raw\TrashNet\plastic\plastic236.jpg; data\processed\train\plastic\plastic236.jpg
EXACT_MD5,712173444889148643c7266328b36573,2,TrashNet_Raw; TrashNet_Processed_Train,TrashNet_Processed_Train::plastic; TrashNet_Raw::plastic,data\raw\TrashNet\plastic\plastic237.jpg; data\processed\train\plastic\plastic237.jpg
EXACT_MD5,fee9f7740cb9eb2475b3cfd9badc209f,2,TrashNet_Raw; TrashNet_Processed_Train,TrashNet_Processed_Train::plastic; TrashNet_Raw::plastic,data\raw\TrashNet\plastic\plastic238.jpg; data\processed\train\plastic\plastic238.jpg
EXACT_MD5,7e73e8d852cc4bddc3514ddd68c1c9ca,2,TrashNet_Raw; TrashNet_Processed_Test,TrashNet_Processed_Test::plastic; TrashNet_Raw::plastic,data\raw\TrashNet\plastic\plastic239.jpg; data\processed\test\plastic\plastic239.jpg
EXACT_MD5,4cf390e17240c686b4523baeaca159f4,2,TrashNet_Raw; TrashNet_Processed_Train,TrashNet_Processed_Train::plastic; TrashNet_Raw::plastic,data\raw\TrashNet\plastic\plastic24.jpg; data\processed\train\plastic\plastic24.jpg
EXACT_MD5,cdb269f5f04159f63a9338fcc1147cac,2,TrashNet_Raw; TrashNet_Processed_Train,TrashNet_Processed_Train::plastic; TrashNet_Raw::plastic,data\raw\TrashNet\plastic\plastic240.jpg; data\processed\train\plastic\plastic240.jpg
EXACT_MD5,65481705446811062c10acbc256357e8,2,TrashNet_Raw; TrashNet_Processed_Train,TrashNet_Processed_Train::plastic; TrashNet_Raw::plastic,data\raw\TrashNet\plastic\plastic241.jpg; data\processed\train\plastic\plastic241.jpg
EXACT_MD5,e14870e82024580db898d6055666e582,2,TrashNet_Raw; TrashNet_Processed_Val,TrashNet_Processed_Val::plastic; TrashNet_Raw::plastic,data\raw\TrashNet\plastic\plastic242.jpg; data\processed\val\plastic\plastic242.jpg
EXACT_MD5,c5d302a81929cf26e34a95f41ff3302e,2,TrashNet_Raw; TrashNet_Processed_Train,TrashNet_Processed_Train::plastic; TrashNet_Raw::plastic,data\raw\TrashNet\plastic\plastic243.jpg; data\processed\train\plastic\plastic243.jpg
EXACT_MD5,178aaa25abce27488f5e9f1a7e4c00a8,2,TrashNet_Raw; TrashNet_Processed_Train,TrashNet_Processed_Train::plastic; TrashNet_Raw::plastic,data\raw\TrashNet\plastic\plastic244.jpg; data\processed\train\plastic\plastic244.jpg
EXACT_MD5,aeada6b6dd47d559aa266dea46cf1fb9,2,TrashNet_Raw; TrashNet_Processed_Val,TrashNet_Processed_Val::plastic; TrashNet_Raw::plastic,data\raw\TrashNet\plastic\plastic245.jpg; data\processed\val\plastic\plastic245.jpg
EXACT_MD5,a5713caba8e618eac0f0c948cc809dac,2,TrashNet_Raw; TrashNet_Processed_Train,TrashNet_Processed_Train::plastic; TrashNet_Raw::plastic,data\raw\TrashNet\plastic\plastic246.jpg; data\processed\train\plastic\plastic246.jpg
EXACT_MD5,9c3d55b35e0326659e1d7506c3741162,2,TrashNet_Raw; TrashNet_Processed_Test,TrashNet_Processed_Test::plastic; TrashNet_Raw::plastic,data\raw\TrashNet\plastic\plastic247.jpg; data\processed\test\plastic\plastic247.jpg
EXACT_MD5,f409705dbda0a7ff6d13be7014b2272f,2,TrashNet_Raw; TrashNet_Processed_Train,TrashNet_Processed_Train::plastic; TrashNet_Raw::plastic,data\raw\TrashNet\plastic\plastic248.jpg; data\processed\train\plastic\plastic248.jpg
EXACT_MD5,2f4cfa01a8050759dac44de790d1bf04,2,TrashNet_Raw; TrashNet_Processed_Train,TrashNet_Processed_Train::plastic; TrashNet_Raw::plastic,data\raw\TrashNet\plastic\plastic249.jpg; data\processed\train\plastic\plastic249.jpg
EXACT_MD5,764d94068ede21c50a0cb262fb297747,2,TrashNet_Raw; TrashNet_Processed_Train,TrashNet_Processed_Train::plastic; TrashNet_Raw::plastic,data\raw\TrashNet\plastic\plastic25.jpg; data\processed\train\plastic\plastic25.jpg
EXACT_MD5,99cf9832279f62fafa263875cc55379c,2,TrashNet_Raw; TrashNet_Processed_Train,TrashNet_Processed_Train::plastic; TrashNet_Raw::plastic,data\raw\TrashNet\plastic\plastic250.jpg; data\processed\train\plastic\plastic250.jpg
EXACT_MD5,19b50c2cd759d8d16717d3e0e860005c,2,TrashNet_Raw; TrashNet_Processed_Train,TrashNet_Processed_Train::plastic; TrashNet_Raw::plastic,data\raw\TrashNet\plastic\plastic251.jpg; data\processed\train\plastic\plastic251.jpg
EXACT_MD5,c64d2fcac0147117ca9ca9bd8a0f09ad,2,TrashNet_Raw; TrashNet_Processed_Train,TrashNet_Processed_Train::plastic; TrashNet_Raw::plastic,data\raw\TrashNet\plastic\plastic252.jpg; data\processed\train\plastic\plastic252.jpg
EXACT_MD5,dbbec750a9e62c73196137ec955b8d30,2,TrashNet_Raw; TrashNet_Processed_Val,TrashNet_Processed_Val::plastic; TrashNet_Raw::plastic,data\raw\TrashNet\plastic\plastic253.jpg; data\processed\val\plastic\plastic253.jpg
EXACT_MD5,d1422693e08774dabab8ac3f8e4b732e,2,TrashNet_Raw; TrashNet_Processed_Test,TrashNet_Processed_Test::plastic; TrashNet_Raw::plastic,data\raw\TrashNet\plastic\plastic254.jpg; data\processed\test\plastic\plastic254.jpg
EXACT_MD5,e180c45bf0f4a82d8f2fb4504d694b24,2,TrashNet_Raw; TrashNet_Processed_Train,TrashNet_Processed_Train::plastic; TrashNet_Raw::plastic,data\raw\TrashNet\plastic\plastic255.jpg; data\processed\train\plastic\plastic255.jpg
EXACT_MD5,b7726cf2ec3a424d7561efb5ceff663c,2,TrashNet_Raw; TrashNet_Processed_Val,TrashNet_Processed_Val::plastic; TrashNet_Raw::plastic,data\raw\TrashNet\plastic\plastic256.jpg; data\processed\val\plastic\plastic256.jpg
EXACT_MD5,9f9928de7e29919bb9c6b94d77bdddb2,2,TrashNet_Raw; TrashNet_Processed_Train,TrashNet_Processed_Train::plastic; TrashNet_Raw::plastic,data\raw\TrashNet\plastic\plastic257.jpg; data\processed\train\plastic\plastic257.jpg
EXACT_MD5,1bfacfdbdbaa3af31f419724d0833d90,2,TrashNet_Raw; TrashNet_Processed_Train,TrashNet_Processed_Train::plastic; TrashNet_Raw::plastic,data\raw\TrashNet\plastic\plastic258.jpg; data\processed\train\plastic\plastic258.jpg
EXACT_MD5,0ff4a88d4124f04a68f5385f72e5ce52,2,TrashNet_Raw; TrashNet_Processed_Val,TrashNet_Processed_Val::plastic; TrashNet_Raw::plastic,data\raw\TrashNet\plastic\plastic259.jpg; data\processed\val\plastic\plastic259.jpg
EXACT_MD5,d0f18d806688e8ecffba5524733dac86,2,TrashNet_Raw; TrashNet_Processed_Train,TrashNet_Processed_Train::plastic; TrashNet_Raw::plastic,data\raw\TrashNet\plastic\plastic26.jpg; data\processed\train\plastic\plastic26.jpg
EXACT_MD5,cf29bf3fdc5bfae7742bb9bc79ef7b5c,2,TrashNet_Raw; TrashNet_Processed_Train,TrashNet_Processed_Train::plastic; TrashNet_Raw::plastic,data\raw\TrashNet\plastic\plastic260.jpg; data\processed\train\plastic\plastic260.jpg
EXACT_MD5,242c998c944d21f5f6385047a3282cd0,2,TrashNet_Raw; TrashNet_Processed_Train,TrashNet_Processed_Train::plastic; TrashNet_Raw::plastic,data\raw\TrashNet\plastic\plastic261.jpg; data\processed\train\plastic\plastic261.jpg
EXACT_MD5,0fe01c7be98c07d1895b0c731d1e1b46,2,TrashNet_Raw; TrashNet_Processed_Val,TrashNet_Processed_Val::plastic; TrashNet_Raw::plastic,data\raw\TrashNet\plastic\plastic262.jpg; data\processed\val\plastic\plastic262.jpg
EXACT_MD5,a30aa5637fb4e3f167a79ba913bb0e5a,2,TrashNet_Raw; TrashNet_Processed_Train,TrashNet_Processed_Train::plastic; TrashNet_Raw::plastic,data\raw\TrashNet\plastic\plastic263.jpg; data\processed\train\plastic\plastic263.jpg
EXACT_MD5,7dda19e11111b899153360396e49d838,2,TrashNet_Raw; TrashNet_Processed_Val,TrashNet_Processed_Val::plastic; TrashNet_Raw::plastic,data\raw\TrashNet\plastic\plastic264.jpg; data\processed\val\plastic\plastic264.jpg
EXACT_MD5,d7256114bb8d52aa8869d3b4863b662b,2,TrashNet_Raw; TrashNet_Processed_Train,TrashNet_Processed_Train::plastic; TrashNet_Raw::plastic,data\raw\TrashNet\plastic\plastic265.jpg; data\processed\train\plastic\plastic265.jpg
EXACT_MD5,4956294bfa4c680f129c65cb56841c40,2,TrashNet_Raw; TrashNet_Processed_Val,TrashNet_Processed_Val::plastic; TrashNet_Raw::plastic,data\raw\TrashNet\plastic\plastic266.jpg; data\processed\val\plastic\plastic266.jpg
EXACT_MD5,329b9824945b25afb00e9b078a16753e,2,TrashNet_Raw; TrashNet_Processed_Train,TrashNet_Processed_Train::plastic; TrashNet_Raw::plastic,data\raw\TrashNet\plastic\plastic267.jpg; data\processed\train\plastic\plastic267.jpg
EXACT_MD5,ef0c44e98aaa206607c0ded92dcf1a31,2,TrashNet_Raw; TrashNet_Processed_Train,TrashNet_Processed_Train::plastic; TrashNet_Raw::plastic,data\raw\TrashNet\plastic\plastic268.jpg; data\processed\train\plastic\plastic268.jpg
EXACT_MD5,5de220e77ba4558f0c0e670aaf63ea6c,2,TrashNet_Raw; TrashNet_Processed_Train,TrashNet_Processed_Train::plastic; TrashNet_Raw::plastic,data\raw\TrashNet\plastic\plastic269.jpg; data\processed\train\plastic\plastic269.jpg
EXACT_MD5,3b347b8819d18bb6b1ce20783c586e68,2,TrashNet_Raw; TrashNet_Processed_Train,TrashNet_Processed_Train::plastic; TrashNet_Raw::plastic,data\raw\TrashNet\plastic\plastic27.jpg; data\processed\train\plastic\plastic27.jpg
EXACT_MD5,d43e82f5ce916d9b5ae3b76c1ee18116,2,TrashNet_Raw; TrashNet_Processed_Train,TrashNet_Processed_Train::plastic; TrashNet_Raw::plastic,data\raw\TrashNet\plastic\plastic270.jpg; data\processed\train\plastic\plastic270.jpg
EXACT_MD5,c565413f91382bc2d4ef1009ed31bdbd,2,TrashNet_Raw; TrashNet_Processed_Train,TrashNet_Processed_Train::plastic; TrashNet_Raw::plastic,data\raw\TrashNet\plastic\plastic271.jpg; data\processed\train\plastic\plastic271.jpg
EXACT_MD5,a37bc574d143bf63f6ceccdf2c6e1303,2,TrashNet_Raw; TrashNet_Processed_Test,TrashNet_Processed_Test::plastic; TrashNet_Raw::plastic,data\raw\TrashNet\plastic\plastic272.jpg; data\processed\test\plastic\plastic272.jpg
EXACT_MD5,c5bcb086e62626a9af028c589bc841b5,2,TrashNet_Raw; TrashNet_Processed_Train,TrashNet_Processed_Train::plastic; TrashNet_Raw::plastic,data\raw\TrashNet\plastic\plastic273.jpg; data\processed\train\plastic\plastic273.jpg
EXACT_MD5,99a5191c2be88c6fb5fc89bdc3a521f9,2,TrashNet_Raw; TrashNet_Processed_Train,TrashNet_Processed_Train::plastic; TrashNet_Raw::plastic,data\raw\TrashNet\plastic\plastic274.jpg; data\processed\train\plastic\plastic274.jpg
EXACT_MD5,ebf14e40e68a147669077e7158e374b7,2,TrashNet_Raw; TrashNet_Processed_Train,TrashNet_Processed_Train::plastic; TrashNet_Raw::plastic,data\raw\TrashNet\plastic\plastic275.jpg; data\processed\train\plastic\plastic275.jpg
EXACT_MD5,5d086e4c3048bc6f8493aed2469e2fb4,2,TrashNet_Raw; TrashNet_Processed_Train,TrashNet_Processed_Train::plastic; TrashNet_Raw::plastic,data\raw\TrashNet\plastic\plastic276.jpg; data\processed\train\plastic\plastic276.jpg
EXACT_MD5,33a2ec23e5b54f7a7cb329ba199d318d,2,TrashNet_Raw; TrashNet_Processed_Train,TrashNet_Processed_Train::plastic; TrashNet_Raw::plastic,data\raw\TrashNet\plastic\plastic277.jpg; data\processed\train\plastic\plastic277.jpg
EXACT_MD5,8f369c61822d701aaf9a0e8d080c7faa,2,TrashNet_Raw; TrashNet_Processed_Test,TrashNet_Processed_Test::plastic; TrashNet_Raw::plastic,data\raw\TrashNet\plastic\plastic278.jpg; data\processed\test\plastic\plastic278.jpg
EXACT_MD5,e05dbae2e62fc3a19980fb74a1a1df08,2,TrashNet_Raw; TrashNet_Processed_Val,TrashNet_Processed_Val::plastic; TrashNet_Raw::plastic,data\raw\TrashNet\plastic\plastic279.jpg; data\processed\val\plastic\plastic279.jpg
EXACT_MD5,210d2aab77dd89d0a46b51d89b117749,2,TrashNet_Raw; TrashNet_Processed_Val,TrashNet_Processed_Val::plastic; TrashNet_Raw::plastic,data\raw\TrashNet\plastic\plastic28.jpg; data\processed\val\plastic\plastic28.jpg
EXACT_MD5,bbea0bdf097af1ddb2904c3c056f9e17,2,TrashNet_Raw; TrashNet_Processed_Train,TrashNet_Processed_Train::plastic; TrashNet_Raw::plastic,data\raw\TrashNet\plastic\plastic280.jpg; data\processed\train\plastic\plastic280.jpg
EXACT_MD5,a0dff9ccfad0b27878c0b58fb301b959,2,TrashNet_Raw; TrashNet_Processed_Train,TrashNet_Processed_Train::plastic; TrashNet_Raw::plastic,data\raw\TrashNet\plastic\plastic281.jpg; data\processed\train\plastic\plastic281.jpg
EXACT_MD5,425194e8f51fcd17492ae657dfb413dc,2,TrashNet_Raw; TrashNet_Processed_Test,TrashNet_Processed_Test::plastic; TrashNet_Raw::plastic,data\raw\TrashNet\plastic\plastic282.jpg; data\processed\test\plastic\plastic282.jpg
EXACT_MD5,c4607e9163a9baa4b9b5b2ebdeb6f96e,2,TrashNet_Raw; TrashNet_Processed_Val,TrashNet_Processed_Val::plastic; TrashNet_Raw::plastic,data\raw\TrashNet\plastic\plastic283.jpg; data\processed\val\plastic\plastic283.jpg
EXACT_MD5,382341c81bade5299bbd4c5207e51bef,2,TrashNet_Raw; TrashNet_Processed_Train,TrashNet_Processed_Train::plastic; TrashNet_Raw::plastic,data\raw\TrashNet\plastic\plastic284.jpg; data\processed\train\plastic\plastic284.jpg
EXACT_MD5,ffe34cb1e5bee1999135f82d08b934dd,2,TrashNet_Raw; TrashNet_Processed_Train,TrashNet_Processed_Train::plastic; TrashNet_Raw::plastic,data\raw\TrashNet\plastic\plastic285.jpg; data\processed\train\plastic\plastic285.jpg
EXACT_MD5,010c7d4497b74f57422e8cde51e4cd91,2,TrashNet_Raw; TrashNet_Processed_Train,TrashNet_Processed_Train::plastic; TrashNet_Raw::plastic,data\raw\TrashNet\plastic\plastic286.jpg; data\processed\train\plastic\plastic286.jpg
EXACT_MD5,c2185227957326425fbebc6a27f72a96,2,TrashNet_Raw; TrashNet_Processed_Train,TrashNet_Processed_Train::plastic; TrashNet_Raw::plastic,data\raw\TrashNet\plastic\plastic287.jpg; data\processed\train\plastic\plastic287.jpg
EXACT_MD5,04d88af501783fdf68d3c54a0470ca00,2,TrashNet_Raw; TrashNet_Processed_Train,TrashNet_Processed_Train::plastic; TrashNet_Raw::plastic,data\raw\TrashNet\plastic\plastic288.jpg; data\processed\train\plastic\plastic288.jpg
EXACT_MD5,8d75a9fd5c027a98ddb034580a9a521b,2,TrashNet_Raw; TrashNet_Processed_Train,TrashNet_Processed_Train::plastic; TrashNet_Raw::plastic,data\raw\TrashNet\plastic\plastic289.jpg; data\processed\train\plastic\plastic289.jpg
EXACT_MD5,4662ae57580cc9d5983157b047e7c08e,2,TrashNet_Raw; TrashNet_Processed_Train,TrashNet_Processed_Train::plastic; TrashNet_Raw::plastic,data\raw\TrashNet\plastic\plastic29.jpg; data\processed\train\plastic\plastic29.jpg
EXACT_MD5,083b955ba4f0e2afca4ecb5b44d7dad4,2,TrashNet_Raw; TrashNet_Processed_Train,TrashNet_Processed_Train::plastic; TrashNet_Raw::plastic,data\raw\TrashNet\plastic\plastic290.jpg; data\processed\train\plastic\plastic290.jpg
EXACT_MD5,ea7f350e97642af44ac0bf8e5d50acfd,2,TrashNet_Raw; TrashNet_Processed_Test,TrashNet_Processed_Test::plastic; TrashNet_Raw::plastic,data\raw\TrashNet\plastic\plastic291.jpg; data\processed\test\plastic\plastic291.jpg
EXACT_MD5,92fba22e668ce16d58c67dc4bbc3e00c,2,TrashNet_Raw; TrashNet_Processed_Val,TrashNet_Processed_Val::plastic; TrashNet_Raw::plastic,data\raw\TrashNet\plastic\plastic292.jpg; data\processed\val\plastic\plastic292.jpg
EXACT_MD5,3910b733111234c619b44ea803155f27,2,TrashNet_Raw; TrashNet_Processed_Test,TrashNet_Processed_Test::plastic; TrashNet_Raw::plastic,data\raw\TrashNet\plastic\plastic293.jpg; data\processed\test\plastic\plastic293.jpg
EXACT_MD5,1ad2e4b60a7d8e68f6eb6396ca3571ae,2,TrashNet_Raw; TrashNet_Processed_Train,TrashNet_Processed_Train::plastic; TrashNet_Raw::plastic,data\raw\TrashNet\plastic\plastic294.jpg; data\processed\train\plastic\plastic294.jpg
EXACT_MD5,b3e137dfc477e9a877f36b0649e9fb36,2,TrashNet_Raw; TrashNet_Processed_Test,TrashNet_Processed_Test::plastic; TrashNet_Raw::plastic,data\raw\TrashNet\plastic\plastic295.jpg; data\processed\test\plastic\plastic295.jpg
EXACT_MD5,0fa5f428390161019ec1dae678bf7f44,2,TrashNet_Raw; TrashNet_Processed_Train,TrashNet_Processed_Train::plastic; TrashNet_Raw::plastic,data\raw\TrashNet\plastic\plastic296.jpg; data\processed\train\plastic\plastic296.jpg
EXACT_MD5,c9692afd68b374af3bd3496ef65c8180,2,TrashNet_Raw; TrashNet_Processed_Train,TrashNet_Processed_Train::plastic; TrashNet_Raw::plastic,data\raw\TrashNet\plastic\plastic297.jpg; data\processed\train\plastic\plastic297.jpg
EXACT_MD5,90579eb1925a570be47412ccf3319679,2,TrashNet_Raw; TrashNet_Processed_Test,TrashNet_Processed_Test::plastic; TrashNet_Raw::plastic,data\raw\TrashNet\plastic\plastic298.jpg; data\processed\test\plastic\plastic298.jpg
EXACT_MD5,a0c57de1b42498270c9efc13c5a29dee,2,TrashNet_Raw; TrashNet_Processed_Train,TrashNet_Processed_Train::plastic; TrashNet_Raw::plastic,data\raw\TrashNet\plastic\plastic299.jpg; data\processed\train\plastic\plastic299.jpg
EXACT_MD5,0c38fe24b430312b6222ccbf1b2d9c59,2,TrashNet_Raw; TrashNet_Processed_Train,TrashNet_Processed_Train::plastic; TrashNet_Raw::plastic,data\raw\TrashNet\plastic\plastic3.jpg; data\processed\train\plastic\plastic3.jpg
EXACT_MD5,7339296929e0918caa5df18057223514,2,TrashNet_Raw; TrashNet_Processed_Train,TrashNet_Processed_Train::plastic; TrashNet_Raw::plastic,data\raw\TrashNet\plastic\plastic30.jpg; data\processed\train\plastic\plastic30.jpg
EXACT_MD5,4daf86e7894cee96367f4424534b2d1e,2,TrashNet_Raw; TrashNet_Processed_Train,TrashNet_Processed_Train::plastic; TrashNet_Raw::plastic,data\raw\TrashNet\plastic\plastic300.jpg; data\processed\train\plastic\plastic300.jpg
EXACT_MD5,ec0abbaca0afd81772d737171fc0f136,2,TrashNet_Raw; TrashNet_Processed_Train,TrashNet_Processed_Train::plastic; TrashNet_Raw::plastic,data\raw\TrashNet\plastic\plastic301.jpg; data\processed\train\plastic\plastic301.jpg
EXACT_MD5,e69ce0e5eeadcc1f23b011066d1cb39f,2,TrashNet_Raw; TrashNet_Processed_Train,TrashNet_Processed_Train::plastic; TrashNet_Raw::plastic,data\raw\TrashNet\plastic\plastic302.jpg; data\processed\train\plastic\plastic302.jpg
EXACT_MD5,d0d46ec0aff1391555de68d82b3c9d2f,2,TrashNet_Raw; TrashNet_Processed_Train,TrashNet_Processed_Train::plastic; TrashNet_Raw::plastic,data\raw\TrashNet\plastic\plastic303.jpg; data\processed\train\plastic\plastic303.jpg
EXACT_MD5,99633f046df55e820f077dc3106e518f,2,TrashNet_Raw; TrashNet_Processed_Train,TrashNet_Processed_Train::plastic; TrashNet_Raw::plastic,data\raw\TrashNet\plastic\plastic304.jpg; data\processed\train\plastic\plastic304.jpg
EXACT_MD5,cbe78eff117a2d2815d6912551ba89dd,2,TrashNet_Raw; TrashNet_Processed_Train,TrashNet_Processed_Train::plastic; TrashNet_Raw::plastic,data\raw\TrashNet\plastic\plastic305.jpg; data\processed\train\plastic\plastic305.jpg
EXACT_MD5,eb76c38c32b69a8ed97a554209b131e8,2,TrashNet_Raw; TrashNet_Processed_Test,TrashNet_Processed_Test::plastic; TrashNet_Raw::plastic,data\raw\TrashNet\plastic\plastic306.jpg; data\processed\test\plastic\plastic306.jpg
EXACT_MD5,6f15a908bdbcf3cdb14541eb044382b7,2,TrashNet_Raw; TrashNet_Processed_Train,TrashNet_Processed_Train::plastic; TrashNet_Raw::plastic,data\raw\TrashNet\plastic\plastic307.jpg; data\processed\train\plastic\plastic307.jpg
EXACT_MD5,210d2e3abba42c698bca2ffc28b20141,2,TrashNet_Raw; TrashNet_Processed_Train,TrashNet_Processed_Train::plastic; TrashNet_Raw::plastic,data\raw\TrashNet\plastic\plastic308.jpg; data\processed\train\plastic\plastic308.jpg
EXACT_MD5,376c7f18d14c8b0f4cf196bc06042cd6,2,TrashNet_Raw; TrashNet_Processed_Train,TrashNet_Processed_Train::plastic; TrashNet_Raw::plastic,data\raw\TrashNet\plastic\plastic309.jpg; data\processed\train\plastic\plastic309.jpg
EXACT_MD5,edc9fba618977c58362a6c9056547f69,2,TrashNet_Raw; TrashNet_Processed_Train,TrashNet_Processed_Train::plastic; TrashNet_Raw::plastic,data\raw\TrashNet\plastic\plastic31.jpg; data\processed\train\plastic\plastic31.jpg
EXACT_MD5,b3bb1cf2eaad63ebbf907f8e0f64b080,2,TrashNet_Raw; TrashNet_Processed_Test,TrashNet_Processed_Test::plastic; TrashNet_Raw::plastic,data\raw\TrashNet\plastic\plastic310.jpg; data\processed\test\plastic\plastic310.jpg
EXACT_MD5,efbbbbdf8c493636e3f017b4450ace67,2,TrashNet_Raw; TrashNet_Processed_Train,TrashNet_Processed_Train::plastic; TrashNet_Raw::plastic,data\raw\TrashNet\plastic\plastic311.jpg; data\processed\train\plastic\plastic311.jpg
EXACT_MD5,dee98883243b602ff0ff669c1f2f16a0,2,TrashNet_Raw; TrashNet_Processed_Train,TrashNet_Processed_Train::plastic; TrashNet_Raw::plastic,data\raw\TrashNet\plastic\plastic312.jpg; data\processed\train\plastic\plastic312.jpg
EXACT_MD5,2b35ed9e245bd0ded5afeabd162bd0fa,2,TrashNet_Raw; TrashNet_Processed_Val,TrashNet_Processed_Val::plastic; TrashNet_Raw::plastic,data\raw\TrashNet\plastic\plastic313.jpg; data\processed\val\plastic\plastic313.jpg
EXACT_MD5,3454fb2af19557bf7b9a95bf6fc254e9,2,TrashNet_Raw; TrashNet_Processed_Train,TrashNet_Processed_Train::plastic; TrashNet_Raw::plastic,data\raw\TrashNet\plastic\plastic314.jpg; data\processed\train\plastic\plastic314.jpg
EXACT_MD5,61a49f2af6dc3876e8baa29a627a4de9,2,TrashNet_Raw; TrashNet_Processed_Train,TrashNet_Processed_Train::plastic; TrashNet_Raw::plastic,data\raw\TrashNet\plastic\plastic315.jpg; data\processed\train\plastic\plastic315.jpg
EXACT_MD5,3b0b11dff34f60c0ac92899af71e9107,2,TrashNet_Raw; TrashNet_Processed_Test,TrashNet_Processed_Test::plastic; TrashNet_Raw::plastic,data\raw\TrashNet\plastic\plastic316.jpg; data\processed\test\plastic\plastic316.jpg
EXACT_MD5,c8e357bb6fa24f88dedb0b91bd0dfb37,2,TrashNet_Raw; TrashNet_Processed_Test,TrashNet_Processed_Test::plastic; TrashNet_Raw::plastic,data\raw\TrashNet\plastic\plastic317.jpg; data\processed\test\plastic\plastic317.jpg
EXACT_MD5,8eb32f831441613bef47de5e5a9b6f09,2,TrashNet_Raw; TrashNet_Processed_Val,TrashNet_Processed_Val::plastic; TrashNet_Raw::plastic,data\raw\TrashNet\plastic\plastic318.jpg; data\processed\val\plastic\plastic318.jpg
EXACT_MD5,59cf3418497efebbc67b408125b6022d,2,TrashNet_Raw; TrashNet_Processed_Train,TrashNet_Processed_Train::plastic; TrashNet_Raw::plastic,data\raw\TrashNet\plastic\plastic319.jpg; data\processed\train\plastic\plastic319.jpg
EXACT_MD5,f0adec2964b761825fa0a28ddae6062d,2,TrashNet_Raw; TrashNet_Processed_Train,TrashNet_Processed_Train::plastic; TrashNet_Raw::plastic,data\raw\TrashNet\plastic\plastic32.jpg; data\processed\train\plastic\plastic32.jpg
EXACT_MD5,ffeffa8c2cbdc57083cb3eec8ea13f92,2,TrashNet_Raw; TrashNet_Processed_Val,TrashNet_Processed_Val::plastic; TrashNet_Raw::plastic,data\raw\TrashNet\plastic\plastic320.jpg; data\processed\val\plastic\plastic320.jpg
EXACT_MD5,5200c2c9b1880f390500ce7c7505893b,2,TrashNet_Raw; TrashNet_Processed_Train,TrashNet_Processed_Train::plastic; TrashNet_Raw::plastic,data\raw\TrashNet\plastic\plastic321.jpg; data\processed\train\plastic\plastic321.jpg
EXACT_MD5,17b76abc0e39770c61f1f0569401d152,2,TrashNet_Raw; TrashNet_Processed_Train,TrashNet_Processed_Train::plastic; TrashNet_Raw::plastic,data\raw\TrashNet\plastic\plastic322.jpg; data\processed\train\plastic\plastic322.jpg
EXACT_MD5,3b3e52dd1b98aef9889dad6d62ac4e58,2,TrashNet_Raw; TrashNet_Processed_Train,TrashNet_Processed_Train::plastic; TrashNet_Raw::plastic,data\raw\TrashNet\plastic\plastic323.jpg; data\processed\train\plastic\plastic323.jpg
EXACT_MD5,06a129b6c9fd550e64b40ca9bd948c74,2,TrashNet_Raw; TrashNet_Processed_Train,TrashNet_Processed_Train::plastic; TrashNet_Raw::plastic,data\raw\TrashNet\plastic\plastic324.jpg; data\processed\train\plastic\plastic324.jpg
EXACT_MD5,f5323b25808644aa9ed363422f565624,2,TrashNet_Raw; TrashNet_Processed_Train,TrashNet_Processed_Train::plastic; TrashNet_Raw::plastic,data\raw\TrashNet\plastic\plastic325.jpg; data\processed\train\plastic\plastic325.jpg
EXACT_MD5,f1aa22c9fa38cd813afad1a124d4063d,2,TrashNet_Raw; TrashNet_Processed_Train,TrashNet_Processed_Train::plastic; TrashNet_Raw::plastic,data\raw\TrashNet\plastic\plastic326.jpg; data\processed\train\plastic\plastic326.jpg
EXACT_MD5,1b202f610eb67adfdf445f48679dd07d,2,TrashNet_Raw; TrashNet_Processed_Train,TrashNet_Processed_Train::plastic; TrashNet_Raw::plastic,data\raw\TrashNet\plastic\plastic327.jpg; data\processed\train\plastic\plastic327.jpg
EXACT_MD5,ac0feb0d95ff43e83877bc664afe9b3d,2,TrashNet_Raw; TrashNet_Processed_Train,TrashNet_Processed_Train::plastic; TrashNet_Raw::plastic,data\raw\TrashNet\plastic\plastic328.jpg; data\processed\train\plastic\plastic328.jpg
EXACT_MD5,808a7655496938c1745e99bc418cd62e,2,TrashNet_Raw; TrashNet_Processed_Train,TrashNet_Processed_Train::plastic; TrashNet_Raw::plastic,data\raw\TrashNet\plastic\plastic329.jpg; data\processed\train\plastic\plastic329.jpg
EXACT_MD5,350dd2cdcc11b02083e7d78f5d908952,2,TrashNet_Raw; TrashNet_Processed_Test,TrashNet_Processed_Test::plastic; TrashNet_Raw::plastic,data\raw\TrashNet\plastic\plastic33.jpg; data\processed\test\plastic\plastic33.jpg
EXACT_MD5,60ed58be9b1f90e92ba826dde7e2ab34,2,TrashNet_Raw; TrashNet_Processed_Train,TrashNet_Processed_Train::plastic; TrashNet_Raw::plastic,data\raw\TrashNet\plastic\plastic330.jpg; data\processed\train\plastic\plastic330.jpg
EXACT_MD5,4b269abfaef443db98221467df4bf542,2,TrashNet_Raw; TrashNet_Processed_Test,TrashNet_Processed_Test::plastic; TrashNet_Raw::plastic,data\raw\TrashNet\plastic\plastic331.jpg; data\processed\test\plastic\plastic331.jpg
EXACT_MD5,ae1ea4ad1079a0108356c132da2a4357,2,TrashNet_Raw; TrashNet_Processed_Train,TrashNet_Processed_Train::plastic; TrashNet_Raw::plastic,data\raw\TrashNet\plastic\plastic333.jpg; data\processed\train\plastic\plastic333.jpg
EXACT_MD5,055622342025b2eb5d0ae2296a633f14,2,TrashNet_Raw; TrashNet_Processed_Val,TrashNet_Processed_Val::plastic; TrashNet_Raw::plastic,data\raw\TrashNet\plastic\plastic334.jpg; data\processed\val\plastic\plastic334.jpg
EXACT_MD5,4f12f2a08f4c2b013114becf3d54a63c,2,TrashNet_Raw; TrashNet_Processed_Train,TrashNet_Processed_Train::plastic; TrashNet_Raw::plastic,data\raw\TrashNet\plastic\plastic335.jpg; data\processed\train\plastic\plastic335.jpg
EXACT_MD5,8b812f185f567731ed8e2a3862d38aa6,2,TrashNet_Raw; TrashNet_Processed_Train,TrashNet_Processed_Train::plastic; TrashNet_Raw::plastic,data\raw\TrashNet\plastic\plastic336.jpg; data\processed\train\plastic\plastic336.jpg
EXACT_MD5,0aa76c2bec63909644883c2556f9ba9c,2,TrashNet_Raw; TrashNet_Processed_Train,TrashNet_Processed_Train::plastic; TrashNet_Raw::plastic,data\raw\TrashNet\plastic\plastic337.jpg; data\processed\train\plastic\plastic337.jpg
EXACT_MD5,b9e23f157866674b5ac8a553a063ae64,2,TrashNet_Raw; TrashNet_Processed_Test,TrashNet_Processed_Test::plastic; TrashNet_Raw::plastic,data\raw\TrashNet\plastic\plastic338.jpg; data\processed\test\plastic\plastic338.jpg
EXACT_MD5,03aa09f3ba8f67bc40952f63edc06e82,2,TrashNet_Raw; TrashNet_Processed_Train,TrashNet_Processed_Train::plastic; TrashNet_Raw::plastic,data\raw\TrashNet\plastic\plastic339.jpg; data\processed\train\plastic\plastic339.jpg
EXACT_MD5,739128a2a69c267d685c10aa0148457c,2,TrashNet_Raw; TrashNet_Processed_Train,TrashNet_Processed_Train::plastic; TrashNet_Raw::plastic,data\raw\TrashNet\plastic\plastic34.jpg; data\processed\train\plastic\plastic34.jpg
EXACT_MD5,b8b684601b30a5224f49f113b761ea15,2,TrashNet_Raw; TrashNet_Processed_Train,TrashNet_Processed_Train::plastic; TrashNet_Raw::plastic,data\raw\TrashNet\plastic\plastic340.jpg; data\processed\train\plastic\plastic340.jpg
EXACT_MD5,a2c242e5140d4a1683fff1056bc8ad68,2,TrashNet_Raw; TrashNet_Processed_Train,TrashNet_Processed_Train::plastic; TrashNet_Raw::plastic,data\raw\TrashNet\plastic\plastic341.jpg; data\processed\train\plastic\plastic341.jpg
EXACT_MD5,789e367477bcc379ec7a601efcb22170,2,TrashNet_Raw; TrashNet_Processed_Val,TrashNet_Processed_Val::plastic; TrashNet_Raw::plastic,data\raw\TrashNet\plastic\plastic342.jpg; data\processed\val\plastic\plastic342.jpg
EXACT_MD5,2efafc92a3af7664c3706ddc64e5c8d2,2,TrashNet_Raw; TrashNet_Processed_Val,TrashNet_Processed_Val::plastic; TrashNet_Raw::plastic,data\raw\TrashNet\plastic\plastic343.jpg; data\processed\val\plastic\plastic343.jpg
EXACT_MD5,7120ca14b5eae21d5ad2f4e520232949,2,TrashNet_Raw; TrashNet_Processed_Test,TrashNet_Processed_Test::plastic; TrashNet_Raw::plastic,data\raw\TrashNet\plastic\plastic344.jpg; data\processed\test\plastic\plastic344.jpg
EXACT_MD5,9d1c9d9ff544102b1ca229368f0a4e20,2,TrashNet_Raw; TrashNet_Processed_Train,TrashNet_Processed_Train::plastic; TrashNet_Raw::plastic,data\raw\TrashNet\plastic\plastic345.jpg; data\processed\train\plastic\plastic345.jpg
EXACT_MD5,0912172a0658637efbc389f47df39e56,2,TrashNet_Raw; TrashNet_Processed_Train,TrashNet_Processed_Train::plastic; TrashNet_Raw::plastic,data\raw\TrashNet\plastic\plastic346.jpg; data\processed\train\plastic\plastic346.jpg
EXACT_MD5,0e963bfd65c3c0ee7b4ebf754570afab,2,TrashNet_Raw; TrashNet_Processed_Train,TrashNet_Processed_Train::plastic; TrashNet_Raw::plastic,data\raw\TrashNet\plastic\plastic347.jpg; data\processed\train\plastic\plastic347.jpg
EXACT_MD5,b8726f7e2094832c8802a938d8a795b6,2,TrashNet_Raw; TrashNet_Processed_Test,TrashNet_Processed_Test::plastic; TrashNet_Raw::plastic,data\raw\TrashNet\plastic\plastic348.jpg; data\processed\test\plastic\plastic348.jpg
EXACT_MD5,f832b730207e64a22e092a85c2067e91,2,TrashNet_Raw; TrashNet_Processed_Train,TrashNet_Processed_Train::plastic; TrashNet_Raw::plastic,data\raw\TrashNet\plastic\plastic349.jpg; data\processed\train\plastic\plastic349.jpg
EXACT_MD5,0475700e9caed37492bf5da2be51dcb2,2,TrashNet_Raw; TrashNet_Processed_Train,TrashNet_Processed_Train::plastic; TrashNet_Raw::plastic,data\raw\TrashNet\plastic\plastic35.jpg; data\processed\train\plastic\plastic35.jpg
EXACT_MD5,6db4a31541c575bcb15cb0d509f55e9e,2,TrashNet_Raw; TrashNet_Processed_Train,TrashNet_Processed_Train::plastic; TrashNet_Raw::plastic,data\raw\TrashNet\plastic\plastic350.jpg; data\processed\train\plastic\plastic350.jpg
EXACT_MD5,8fd199130bc084bbeebc59c446c70146,2,TrashNet_Raw; TrashNet_Processed_Val,TrashNet_Processed_Val::plastic; TrashNet_Raw::plastic,data\raw\TrashNet\plastic\plastic351.jpg; data\processed\val\plastic\plastic351.jpg
EXACT_MD5,56ee561142e38189719bc8007cf835b7,2,TrashNet_Raw; TrashNet_Processed_Val,TrashNet_Processed_Val::plastic; TrashNet_Raw::plastic,data\raw\TrashNet\plastic\plastic352.jpg; data\processed\val\plastic\plastic352.jpg
EXACT_MD5,7ad9e75d154a2c34c4b57801b987b43b,2,TrashNet_Raw; TrashNet_Processed_Test,TrashNet_Processed_Test::plastic; TrashNet_Raw::plastic,data\raw\TrashNet\plastic\plastic353.jpg; data\processed\test\plastic\plastic353.jpg
EXACT_MD5,ed25d3c292041d869dc0fa72fb170b27,2,TrashNet_Raw; TrashNet_Processed_Train,TrashNet_Processed_Train::plastic; TrashNet_Raw::plastic,data\raw\TrashNet\plastic\plastic354.jpg; data\processed\train\plastic\plastic354.jpg
EXACT_MD5,f50ae6f1097b1ef7efeb38e88a25d516,2,TrashNet_Raw; TrashNet_Processed_Train,TrashNet_Processed_Train::plastic; TrashNet_Raw::plastic,data\raw\TrashNet\plastic\plastic355.jpg; data\processed\train\plastic\plastic355.jpg
EXACT_MD5,c91cb07e7299f1913569ff5573405dd6,2,TrashNet_Raw; TrashNet_Processed_Val,TrashNet_Processed_Val::plastic; TrashNet_Raw::plastic,data\raw\TrashNet\plastic\plastic356.jpg; data\processed\val\plastic\plastic356.jpg
EXACT_MD5,10fb506a5b18793b95f92fa51ee031eb,2,TrashNet_Raw; TrashNet_Processed_Train,TrashNet_Processed_Train::plastic; TrashNet_Raw::plastic,data\raw\TrashNet\plastic\plastic357.jpg; data\processed\train\plastic\plastic357.jpg
EXACT_MD5,d604d57e4b8202ca358f380993a97d9b,2,TrashNet_Raw; TrashNet_Processed_Train,TrashNet_Processed_Train::plastic; TrashNet_Raw::plastic,data\raw\TrashNet\plastic\plastic358.jpg; data\processed\train\plastic\plastic358.jpg
EXACT_MD5,dc633fccf800c24215914d1b3fae3252,2,TrashNet_Raw; TrashNet_Processed_Train,TrashNet_Processed_Train::plastic; TrashNet_Raw::plastic,data\raw\TrashNet\plastic\plastic359.jpg; data\processed\train\plastic\plastic359.jpg
EXACT_MD5,c43b9fd93673ec0dabee7a1f17a67a74,2,TrashNet_Raw; TrashNet_Processed_Train,TrashNet_Processed_Train::plastic; TrashNet_Raw::plastic,data\raw\TrashNet\plastic\plastic36.jpg; data\processed\train\plastic\plastic36.jpg
EXACT_MD5,c71fd6f41e5baeaa6abaa6d5c9bb3305,2,TrashNet_Raw; TrashNet_Processed_Train,TrashNet_Processed_Train::plastic; TrashNet_Raw::plastic,data\raw\TrashNet\plastic\plastic360.jpg; data\processed\train\plastic\plastic360.jpg
EXACT_MD5,c962940553ea84352b28456e7fc22a50,2,TrashNet_Raw; TrashNet_Processed_Train,TrashNet_Processed_Train::plastic; TrashNet_Raw::plastic,data\raw\TrashNet\plastic\plastic361.jpg; data\processed\train\plastic\plastic361.jpg
EXACT_MD5,3dcebe890910b95447f53a8420daf412,2,TrashNet_Raw; TrashNet_Processed_Train,TrashNet_Processed_Train::plastic; TrashNet_Raw::plastic,data\raw\TrashNet\plastic\plastic362.jpg; data\processed\train\plastic\plastic362.jpg
EXACT_MD5,0627fdadf4e3823184621d83143a70c2,2,TrashNet_Raw; TrashNet_Processed_Train,TrashNet_Processed_Train::plastic; TrashNet_Raw::plastic,data\raw\TrashNet\plastic\plastic363.jpg; data\processed\train\plastic\plastic363.jpg
EXACT_MD5,e46be3c982d38702dde547ee3b310d85,2,TrashNet_Raw; TrashNet_Processed_Val,TrashNet_Processed_Val::plastic; TrashNet_Raw::plastic,data\raw\TrashNet\plastic\plastic364.jpg; data\processed\val\plastic\plastic364.jpg
EXACT_MD5,471be6820d08b23610ec2a6b4be1242a,2,TrashNet_Raw; TrashNet_Processed_Train,TrashNet_Processed_Train::plastic; TrashNet_Raw::plastic,data\raw\TrashNet\plastic\plastic365.jpg; data\processed\train\plastic\plastic365.jpg
EXACT_MD5,4b70a1ebd45ecf944522b2b9b38a3f1e,2,TrashNet_Raw; TrashNet_Processed_Test,TrashNet_Processed_Test::plastic; TrashNet_Raw::plastic,data\raw\TrashNet\plastic\plastic366.jpg; data\processed\test\plastic\plastic366.jpg
EXACT_MD5,2bf109b3c91efe3f94c392a0d7b3fd28,2,TrashNet_Raw; TrashNet_Processed_Train,TrashNet_Processed_Train::plastic; TrashNet_Raw::plastic,data\raw\TrashNet\plastic\plastic367.jpg; data\processed\train\plastic\plastic367.jpg
EXACT_MD5,23ccc74b9631adb87f969c2e6d930f7c,2,TrashNet_Raw; TrashNet_Processed_Train,TrashNet_Processed_Train::plastic; TrashNet_Raw::plastic,data\raw\TrashNet\plastic\plastic368.jpg; data\processed\train\plastic\plastic368.jpg
EXACT_MD5,fb0c9949f942f89e69022d1bfa02f483,2,TrashNet_Raw; TrashNet_Processed_Val,TrashNet_Processed_Val::plastic; TrashNet_Raw::plastic,data\raw\TrashNet\plastic\plastic369.jpg; data\processed\val\plastic\plastic369.jpg
EXACT_MD5,1903ab22c11e9d9267bd7558014740eb,2,TrashNet_Raw; TrashNet_Processed_Train,TrashNet_Processed_Train::plastic; TrashNet_Raw::plastic,data\raw\TrashNet\plastic\plastic37.jpg; data\processed\train\plastic\plastic37.jpg
EXACT_MD5,0ab4032dbdd0f324302e73d0e49821d3,2,TrashNet_Raw; TrashNet_Processed_Train,TrashNet_Processed_Train::plastic; TrashNet_Raw::plastic,data\raw\TrashNet\plastic\plastic370.jpg; data\processed\train\plastic\plastic370.jpg
EXACT_MD5,354e3916aeca89b7363cb233924d4ca3,2,TrashNet_Raw; TrashNet_Processed_Train,TrashNet_Processed_Train::plastic; TrashNet_Raw::plastic,data\raw\TrashNet\plastic\plastic371.jpg; data\processed\train\plastic\plastic371.jpg
EXACT_MD5,85048c5c52830034335169db5a0765c7,2,TrashNet_Raw; TrashNet_Processed_Train,TrashNet_Processed_Train::plastic; TrashNet_Raw::plastic,data\raw\TrashNet\plastic\plastic372.jpg; data\processed\train\plastic\plastic372.jpg
EXACT_MD5,b385398842b90ffd97cd2cbc051ec5ce,2,TrashNet_Raw; TrashNet_Processed_Train,TrashNet_Processed_Train::plastic; TrashNet_Raw::plastic,data\raw\TrashNet\plastic\plastic373.jpg; data\processed\train\plastic\plastic373.jpg
EXACT_MD5,5b6e3f55af70d3eaad193c87db71e71c,2,TrashNet_Raw; TrashNet_Processed_Train,TrashNet_Processed_Train::plastic; TrashNet_Raw::plastic,data\raw\TrashNet\plastic\plastic374.jpg; data\processed\train\plastic\plastic374.jpg
EXACT_MD5,6422260e5f63132f64b77a5083efee58,2,TrashNet_Raw; TrashNet_Processed_Train,TrashNet_Processed_Train::plastic; TrashNet_Raw::plastic,data\raw\TrashNet\plastic\plastic375.jpg; data\processed\train\plastic\plastic375.jpg
EXACT_MD5,2e123d4887d19576d4be62352e36d848,2,TrashNet_Raw; TrashNet_Processed_Test,TrashNet_Processed_Test::plastic; TrashNet_Raw::plastic,data\raw\TrashNet\plastic\plastic376.jpg; data\processed\test\plastic\plastic376.jpg
EXACT_MD5,987fe4b763f72cd2293d55adba639316,2,TrashNet_Raw; TrashNet_Processed_Train,TrashNet_Processed_Train::plastic; TrashNet_Raw::plastic,data\raw\TrashNet\plastic\plastic377.jpg; data\processed\train\plastic\plastic377.jpg
EXACT_MD5,efab45f70b28ade5b19906b3d7138e02,2,TrashNet_Raw; TrashNet_Processed_Train,TrashNet_Processed_Train::plastic; TrashNet_Raw::plastic,data\raw\TrashNet\plastic\plastic378.jpg; data\processed\train\plastic\plastic378.jpg
EXACT_MD5,abf09ed4dec95a69a2226aa7e3892553,2,TrashNet_Raw; TrashNet_Processed_Train,TrashNet_Processed_Train::plastic; TrashNet_Raw::plastic,data\raw\TrashNet\plastic\plastic379.jpg; data\processed\train\plastic\plastic379.jpg
EXACT_MD5,f4d3cd4beb2677be82ae05ce772c98be,2,TrashNet_Raw; TrashNet_Processed_Train,TrashNet_Processed_Train::plastic; TrashNet_Raw::plastic,data\raw\TrashNet\plastic\plastic38.jpg; data\processed\train\plastic\plastic38.jpg
EXACT_MD5,54e56478acd9e3f6dc5a47b8b7b2267b,2,TrashNet_Raw; TrashNet_Processed_Train,TrashNet_Processed_Train::plastic; TrashNet_Raw::plastic,data\raw\TrashNet\plastic\plastic380.jpg; data\processed\train\plastic\plastic380.jpg
EXACT_MD5,2db3badc1dc4205a58640e1aad802f95,2,TrashNet_Raw; TrashNet_Processed_Test,TrashNet_Processed_Test::plastic; TrashNet_Raw::plastic,data\raw\TrashNet\plastic\plastic381.jpg; data\processed\test\plastic\plastic381.jpg
EXACT_MD5,a38c3e190dbab78bc026ef739d486276,2,TrashNet_Raw; TrashNet_Processed_Train,TrashNet_Processed_Train::plastic; TrashNet_Raw::plastic,data\raw\TrashNet\plastic\plastic382.jpg; data\processed\train\plastic\plastic382.jpg
EXACT_MD5,5cd04418f1dd92edd51c0d2d3c8d70bd,2,TrashNet_Raw; TrashNet_Processed_Train,TrashNet_Processed_Train::plastic; TrashNet_Raw::plastic,data\raw\TrashNet\plastic\plastic383.jpg; data\processed\train\plastic\plastic383.jpg
EXACT_MD5,af2c7cabe8925a187dbdacf43aa5e85c,2,TrashNet_Raw; TrashNet_Processed_Val,TrashNet_Processed_Val::plastic; TrashNet_Raw::plastic,data\raw\TrashNet\plastic\plastic384.jpg; data\processed\val\plastic\plastic384.jpg
EXACT_MD5,1c90422ef03fe8745f50daae6dc59859,2,TrashNet_Raw; TrashNet_Processed_Test,TrashNet_Processed_Test::plastic; TrashNet_Raw::plastic,data\raw\TrashNet\plastic\plastic385.jpg; data\processed\test\plastic\plastic385.jpg
EXACT_MD5,1dfc9d0543692f1655efe6fed1532363,2,TrashNet_Raw; TrashNet_Processed_Train,TrashNet_Processed_Train::plastic; TrashNet_Raw::plastic,data\raw\TrashNet\plastic\plastic386.jpg; data\processed\train\plastic\plastic386.jpg
EXACT_MD5,62700d684e468f24eb154d4706b26ed4,2,TrashNet_Raw; TrashNet_Processed_Train,TrashNet_Processed_Train::plastic; TrashNet_Raw::plastic,data\raw\TrashNet\plastic\plastic387.jpg; data\processed\train\plastic\plastic387.jpg
EXACT_MD5,2d6baaae65d00c4ec11a28badaaba5c3,2,TrashNet_Raw; TrashNet_Processed_Test,TrashNet_Processed_Test::plastic; TrashNet_Raw::plastic,data\raw\TrashNet\plastic\plastic388.jpg; data\processed\test\plastic\plastic388.jpg
EXACT_MD5,6bd23185c2fccad60647545467e78f1a,2,TrashNet_Raw; TrashNet_Processed_Train,TrashNet_Processed_Train::plastic; TrashNet_Raw::plastic,data\raw\TrashNet\plastic\plastic389.jpg; data\processed\train\plastic\plastic389.jpg
EXACT_MD5,10b34699e570b5062ae1e635910c2c21,2,TrashNet_Raw; TrashNet_Processed_Train,TrashNet_Processed_Train::plastic; TrashNet_Raw::plastic,data\raw\TrashNet\plastic\plastic39.jpg; data\processed\train\plastic\plastic39.jpg
EXACT_MD5,d55c7776255eaa3534199146616ee022,2,TrashNet_Raw; TrashNet_Processed_Val,TrashNet_Processed_Val::plastic; TrashNet_Raw::plastic,data\raw\TrashNet\plastic\plastic390.jpg; data\processed\val\plastic\plastic390.jpg
EXACT_MD5,e80a93876425a28121036a0d2c5569d1,2,TrashNet_Raw; TrashNet_Processed_Train,TrashNet_Processed_Train::plastic; TrashNet_Raw::plastic,data\raw\TrashNet\plastic\plastic391.jpg; data\processed\train\plastic\plastic391.jpg
EXACT_MD5,c7bed73c07b465ffe33d1524b78a9329,2,TrashNet_Raw; TrashNet_Processed_Test,TrashNet_Processed_Test::plastic; TrashNet_Raw::plastic,data\raw\TrashNet\plastic\plastic392.jpg; data\processed\test\plastic\plastic392.jpg
EXACT_MD5,6f05f18db45efefa90093ef9b5d6cb44,2,TrashNet_Raw; TrashNet_Processed_Train,TrashNet_Processed_Train::plastic; TrashNet_Raw::plastic,data\raw\TrashNet\plastic\plastic393.jpg; data\processed\train\plastic\plastic393.jpg
EXACT_MD5,76416176e6bdd3f09f94e57157cc50bb,2,TrashNet_Raw; TrashNet_Processed_Val,TrashNet_Processed_Val::plastic; TrashNet_Raw::plastic,data\raw\TrashNet\plastic\plastic394.jpg; data\processed\val\plastic\plastic394.jpg
EXACT_MD5,8c8c09e28baa4fb03daa3f3a8fcc4bd7,2,TrashNet_Raw; TrashNet_Processed_Train,TrashNet_Processed_Train::plastic; TrashNet_Raw::plastic,data\raw\TrashNet\plastic\plastic395.jpg; data\processed\train\plastic\plastic395.jpg
EXACT_MD5,8e4b70c15968521d17dc90e5f60ae291,2,TrashNet_Raw; TrashNet_Processed_Test,TrashNet_Processed_Test::plastic; TrashNet_Raw::plastic,data\raw\TrashNet\plastic\plastic396.jpg; data\processed\test\plastic\plastic396.jpg
EXACT_MD5,dfef2a63f474c453ae228584660198f4,2,TrashNet_Raw; TrashNet_Processed_Train,TrashNet_Processed_Train::plastic; TrashNet_Raw::plastic,data\raw\TrashNet\plastic\plastic397.jpg; data\processed\train\plastic\plastic397.jpg
EXACT_MD5,660d8d4723b70c7d745f83028e5bf0bb,2,TrashNet_Raw; TrashNet_Processed_Val,TrashNet_Processed_Val::plastic; TrashNet_Raw::plastic,data\raw\TrashNet\plastic\plastic398.jpg; data\processed\val\plastic\plastic398.jpg
EXACT_MD5,ea2c2c77f5b4b5911e050bdebb7a1a59,2,TrashNet_Raw; TrashNet_Processed_Train,TrashNet_Processed_Train::plastic; TrashNet_Raw::plastic,data\raw\TrashNet\plastic\plastic399.jpg; data\processed\train\plastic\plastic399.jpg
EXACT_MD5,4a3ec56d8ce309676a9d614545c2a1e6,2,TrashNet_Raw; TrashNet_Processed_Val,TrashNet_Processed_Val::plastic; TrashNet_Raw::plastic,data\raw\TrashNet\plastic\plastic4.jpg; data\processed\val\plastic\plastic4.jpg
EXACT_MD5,52df97eaa398a5af2e8155dfaecd573d,2,TrashNet_Raw; TrashNet_Processed_Test,TrashNet_Processed_Test::plastic; TrashNet_Raw::plastic,data\raw\TrashNet\plastic\plastic40.jpg; data\processed\test\plastic\plastic40.jpg
EXACT_MD5,b332bbefba96784e93a1a79c8e940b0b,2,TrashNet_Raw; TrashNet_Processed_Train,TrashNet_Processed_Train::plastic; TrashNet_Raw::plastic,data\raw\TrashNet\plastic\plastic400.jpg; data\processed\train\plastic\plastic400.jpg
EXACT_MD5,ac8e1ac595884bdf5db85afd48ba5e16,2,TrashNet_Raw; TrashNet_Processed_Train,TrashNet_Processed_Train::plastic; TrashNet_Raw::plastic,data\raw\TrashNet\plastic\plastic401.jpg; data\processed\train\plastic\plastic401.jpg
EXACT_MD5,d78e0a8482f255b95b2e07a067ed70fb,2,TrashNet_Raw; TrashNet_Processed_Train,TrashNet_Processed_Train::plastic; TrashNet_Raw::plastic,data\raw\TrashNet\plastic\plastic402.jpg; data\processed\train\plastic\plastic402.jpg
EXACT_MD5,f61ac3ef642dcdf6acfc483956b212c8,2,TrashNet_Raw; TrashNet_Processed_Val,TrashNet_Processed_Val::plastic; TrashNet_Raw::plastic,data\raw\TrashNet\plastic\plastic403.jpg; data\processed\val\plastic\plastic403.jpg
EXACT_MD5,eb2d11d89379d5312061e90f8d763a59,2,TrashNet_Raw; TrashNet_Processed_Train,TrashNet_Processed_Train::plastic; TrashNet_Raw::plastic,data\raw\TrashNet\plastic\plastic404.jpg; data\processed\train\plastic\plastic404.jpg
EXACT_MD5,e784a3ff395ece2dae54edff76959dc7,2,TrashNet_Raw; TrashNet_Processed_Train,TrashNet_Processed_Train::plastic; TrashNet_Raw::plastic,data\raw\TrashNet\plastic\plastic405.jpg; data\processed\train\plastic\plastic405.jpg
EXACT_MD5,1b2e0916712e06288260a462e6481992,2,TrashNet_Raw; TrashNet_Processed_Train,TrashNet_Processed_Train::plastic; TrashNet_Raw::plastic,data\raw\TrashNet\plastic\plastic406.jpg; data\processed\train\plastic\plastic406.jpg
EXACT_MD5,d62b7948c9558087a51e3f4ae01b2401,2,TrashNet_Raw; TrashNet_Processed_Val,TrashNet_Processed_Val::plastic; TrashNet_Raw::plastic,data\raw\TrashNet\plastic\plastic407.jpg; data\processed\val\plastic\plastic407.jpg
EXACT_MD5,030c2c90c7f401c30971ea96f62540cb,2,TrashNet_Raw; TrashNet_Processed_Train,TrashNet_Processed_Train::plastic; TrashNet_Raw::plastic,data\raw\TrashNet\plastic\plastic408.jpg; data\processed\train\plastic\plastic408.jpg
EXACT_MD5,6d0165f3c837dca236887fa2d0747693,2,TrashNet_Raw; TrashNet_Processed_Val,TrashNet_Processed_Val::plastic; TrashNet_Raw::plastic,data\raw\TrashNet\plastic\plastic409.jpg; data\processed\val\plastic\plastic409.jpg
EXACT_MD5,57f829a011ab998353ed47f17c5dc16a,2,TrashNet_Raw; TrashNet_Processed_Train,TrashNet_Processed_Train::plastic; TrashNet_Raw::plastic,data\raw\TrashNet\plastic\plastic41.jpg; data\processed\train\plastic\plastic41.jpg
EXACT_MD5,0e459657bdcddc24eb46bcc532d517a4,2,TrashNet_Raw; TrashNet_Processed_Train,TrashNet_Processed_Train::plastic; TrashNet_Raw::plastic,data\raw\TrashNet\plastic\plastic410.jpg; data\processed\train\plastic\plastic410.jpg
EXACT_MD5,a146854d17126761d52cf9162fbd435d,2,TrashNet_Raw; TrashNet_Processed_Train,TrashNet_Processed_Train::plastic; TrashNet_Raw::plastic,data\raw\TrashNet\plastic\plastic411.jpg; data\processed\train\plastic\plastic411.jpg
EXACT_MD5,197531f4068a833c210201a224c1a1fe,2,TrashNet_Raw; TrashNet_Processed_Train,TrashNet_Processed_Train::plastic; TrashNet_Raw::plastic,data\raw\TrashNet\plastic\plastic412.jpg; data\processed\train\plastic\plastic412.jpg
EXACT_MD5,319e00eb8757acd7c84e8d27b0fac06a,2,TrashNet_Raw; TrashNet_Processed_Train,TrashNet_Processed_Train::plastic; TrashNet_Raw::plastic,data\raw\TrashNet\plastic\plastic413.jpg; data\processed\train\plastic\plastic413.jpg
EXACT_MD5,dbc1202927996ddf25620b40cf546ce0,2,TrashNet_Raw; TrashNet_Processed_Train,TrashNet_Processed_Train::plastic; TrashNet_Raw::plastic,data\raw\TrashNet\plastic\plastic414.jpg; data\processed\train\plastic\plastic414.jpg
EXACT_MD5,eee96a157434efcad2dbd8a069f17cf4,2,TrashNet_Raw; TrashNet_Processed_Train,TrashNet_Processed_Train::plastic; TrashNet_Raw::plastic,data\raw\TrashNet\plastic\plastic415.jpg; data\processed\train\plastic\plastic415.jpg
EXACT_MD5,55e1a23a6ca2f3342cf5248a320f5a99,2,TrashNet_Raw; TrashNet_Processed_Val,TrashNet_Processed_Val::plastic; TrashNet_Raw::plastic,data\raw\TrashNet\plastic\plastic416.jpg; data\processed\val\plastic\plastic416.jpg
EXACT_MD5,a0b824b2c178382d344ee7bff99291d4,2,TrashNet_Raw; TrashNet_Processed_Train,TrashNet_Processed_Train::plastic; TrashNet_Raw::plastic,data\raw\TrashNet\plastic\plastic417.jpg; data\processed\train\plastic\plastic417.jpg
EXACT_MD5,78f8fdabaf05b7cbc224557b27c0a7a0,2,TrashNet_Raw; TrashNet_Processed_Train,TrashNet_Processed_Train::plastic; TrashNet_Raw::plastic,data\raw\TrashNet\plastic\plastic418.jpg; data\processed\train\plastic\plastic418.jpg
EXACT_MD5,437af69bf2a41c3ace01485b69c831e0,2,TrashNet_Raw; TrashNet_Processed_Val,TrashNet_Processed_Val::plastic; TrashNet_Raw::plastic,data\raw\TrashNet\plastic\plastic419.jpg; data\processed\val\plastic\plastic419.jpg
EXACT_MD5,7b66677f3e6a65c796c4d56668d6a8c0,2,TrashNet_Raw; TrashNet_Processed_Train,TrashNet_Processed_Train::plastic; TrashNet_Raw::plastic,data\raw\TrashNet\plastic\plastic42.jpg; data\processed\train\plastic\plastic42.jpg
EXACT_MD5,7be20771b9f741e0fe4d7cf7b8404047,2,TrashNet_Raw; TrashNet_Processed_Train,TrashNet_Processed_Train::plastic; TrashNet_Raw::plastic,data\raw\TrashNet\plastic\plastic420.jpg; data\processed\train\plastic\plastic420.jpg
EXACT_MD5,da0ade7cfc62bc5040af2e693e86bbe2,2,TrashNet_Raw; TrashNet_Processed_Test,TrashNet_Processed_Test::plastic; TrashNet_Raw::plastic,data\raw\TrashNet\plastic\plastic421.jpg; data\processed\test\plastic\plastic421.jpg
EXACT_MD5,fa04f87685b9d4a4cd4507fe59121e6d,2,TrashNet_Raw; TrashNet_Processed_Train,TrashNet_Processed_Train::plastic; TrashNet_Raw::plastic,data\raw\TrashNet\plastic\plastic422.jpg; data\processed\train\plastic\plastic422.jpg
EXACT_MD5,bcd79f89f46f39fdda98aa5cb32a6185,2,TrashNet_Raw; TrashNet_Processed_Train,TrashNet_Processed_Train::plastic; TrashNet_Raw::plastic,data\raw\TrashNet\plastic\plastic423.jpg; data\processed\train\plastic\plastic423.jpg
EXACT_MD5,0566bbf5fffc07afe276c814b86a6d0f,2,TrashNet_Raw; TrashNet_Processed_Train,TrashNet_Processed_Train::plastic; TrashNet_Raw::plastic,data\raw\TrashNet\plastic\plastic424.jpg; data\processed\train\plastic\plastic424.jpg
EXACT_MD5,8741e235c87e4376b73e8d9c289e534f,2,TrashNet_Raw; TrashNet_Processed_Train,TrashNet_Processed_Train::plastic; TrashNet_Raw::plastic,data\raw\TrashNet\plastic\plastic425.jpg; data\processed\train\plastic\plastic425.jpg
EXACT_MD5,219590b3c9a36c142733c1f21e5bb577,2,TrashNet_Raw; TrashNet_Processed_Test,TrashNet_Processed_Test::plastic; TrashNet_Raw::plastic,data\raw\TrashNet\plastic\plastic426.jpg; data\processed\test\plastic\plastic426.jpg
EXACT_MD5,f8b4d95c451e21f7332a57c2ed6e054b,2,TrashNet_Raw; TrashNet_Processed_Train,TrashNet_Processed_Train::plastic; TrashNet_Raw::plastic,data\raw\TrashNet\plastic\plastic427.jpg; data\processed\train\plastic\plastic427.jpg
EXACT_MD5,2e93504928a41931decbe36efce70179,2,TrashNet_Raw; TrashNet_Processed_Train,TrashNet_Processed_Train::plastic; TrashNet_Raw::plastic,data\raw\TrashNet\plastic\plastic428.jpg; data\processed\train\plastic\plastic428.jpg
EXACT_MD5,007dd6058a75075708c472b0e7fd03e0,2,TrashNet_Raw; TrashNet_Processed_Train,TrashNet_Processed_Train::plastic; TrashNet_Raw::plastic,data\raw\TrashNet\plastic\plastic429.jpg; data\processed\train\plastic\plastic429.jpg
EXACT_MD5,276446ca126e92669075191b4514fb84,2,TrashNet_Raw; TrashNet_Processed_Test,TrashNet_Processed_Test::plastic; TrashNet_Raw::plastic,data\raw\TrashNet\plastic\plastic43.jpg; data\processed\test\plastic\plastic43.jpg
EXACT_MD5,fd5c3a4353b3d813b804981ed038579d,2,TrashNet_Raw; TrashNet_Processed_Train,TrashNet_Processed_Train::plastic; TrashNet_Raw::plastic,data\raw\TrashNet\plastic\plastic430.jpg; data\processed\train\plastic\plastic430.jpg
EXACT_MD5,fbf74a5cd0bc97122ec09a977fc01a19,2,TrashNet_Raw; TrashNet_Processed_Test,TrashNet_Processed_Test::plastic; TrashNet_Raw::plastic,data\raw\TrashNet\plastic\plastic431.jpg; data\processed\test\plastic\plastic431.jpg
EXACT_MD5,372c3540333a01ca415d417575f8d41b,2,TrashNet_Raw; TrashNet_Processed_Val,TrashNet_Processed_Val::plastic; TrashNet_Raw::plastic,data\raw\TrashNet\plastic\plastic432.jpg; data\processed\val\plastic\plastic432.jpg
EXACT_MD5,14827c68dfc94530b850bf1a696a67c4,2,TrashNet_Raw; TrashNet_Processed_Train,TrashNet_Processed_Train::plastic; TrashNet_Raw::plastic,data\raw\TrashNet\plastic\plastic433.jpg; data\processed\train\plastic\plastic433.jpg
EXACT_MD5,355b694c49bd0ea2d45f49124c251970,2,TrashNet_Raw; TrashNet_Processed_Train,TrashNet_Processed_Train::plastic; TrashNet_Raw::plastic,data\raw\TrashNet\plastic\plastic434.jpg; data\processed\train\plastic\plastic434.jpg
EXACT_MD5,b7bcd8a4d7447ca153dbb2985e282dcb,2,TrashNet_Raw; TrashNet_Processed_Train,TrashNet_Processed_Train::plastic; TrashNet_Raw::plastic,data\raw\TrashNet\plastic\plastic435.jpg; data\processed\train\plastic\plastic435.jpg
EXACT_MD5,142b2b91eb8a0093f24548f66eb97b0e,2,TrashNet_Raw; TrashNet_Processed_Test,TrashNet_Processed_Test::plastic; TrashNet_Raw::plastic,data\raw\TrashNet\plastic\plastic436.jpg; data\processed\test\plastic\plastic436.jpg
EXACT_MD5,41f98d6a9be8071ff3f0d1571b711398,2,TrashNet_Raw; TrashNet_Processed_Train,TrashNet_Processed_Train::plastic; TrashNet_Raw::plastic,data\raw\TrashNet\plastic\plastic437.jpg; data\processed\train\plastic\plastic437.jpg
EXACT_MD5,75f8c240e1c2a6b42ef777bbdf00860b,2,TrashNet_Raw; TrashNet_Processed_Train,TrashNet_Processed_Train::plastic; TrashNet_Raw::plastic,data\raw\TrashNet\plastic\plastic438.jpg; data\processed\train\plastic\plastic438.jpg
EXACT_MD5,7fbac59f838d2e8c3023b8150699b3ed,2,TrashNet_Raw; TrashNet_Processed_Val,TrashNet_Processed_Val::plastic; TrashNet_Raw::plastic,data\raw\TrashNet\plastic\plastic439.jpg; data\processed\val\plastic\plastic439.jpg
EXACT_MD5,cb5f1a073e2259090f234152f161aafc,2,TrashNet_Raw; TrashNet_Processed_Train,TrashNet_Processed_Train::plastic; TrashNet_Raw::plastic,data\raw\TrashNet\plastic\plastic44.jpg; data\processed\train\plastic\plastic44.jpg
EXACT_MD5,c7994a23be29492e55a79a2986b9766b,2,TrashNet_Raw; TrashNet_Processed_Train,TrashNet_Processed_Train::plastic; TrashNet_Raw::plastic,data\raw\TrashNet\plastic\plastic440.jpg; data\processed\train\plastic\plastic440.jpg
EXACT_MD5,f04dceabd613f479619a7fdd5aae6ca8,2,TrashNet_Raw; TrashNet_Processed_Train,TrashNet_Processed_Train::plastic; TrashNet_Raw::plastic,data\raw\TrashNet\plastic\plastic441.jpg; data\processed\train\plastic\plastic441.jpg
EXACT_MD5,e4f2a8750ecf72b710e08de785a451d3,2,TrashNet_Raw; TrashNet_Processed_Val,TrashNet_Processed_Val::plastic; TrashNet_Raw::plastic,data\raw\TrashNet\plastic\plastic442.jpg; data\processed\val\plastic\plastic442.jpg
EXACT_MD5,a2e1996650a4a2b05e75670ca7cc2653,2,TrashNet_Raw; TrashNet_Processed_Train,TrashNet_Processed_Train::plastic; TrashNet_Raw::plastic,data\raw\TrashNet\plastic\plastic443.jpg; data\processed\train\plastic\plastic443.jpg
EXACT_MD5,f10d9215b7c5b36521a56a5c935a1ca7,2,TrashNet_Raw; TrashNet_Processed_Val,TrashNet_Processed_Val::plastic; TrashNet_Raw::plastic,data\raw\TrashNet\plastic\plastic444.jpg; data\processed\val\plastic\plastic444.jpg
EXACT_MD5,6626706dc579db2aad81cce361100b21,2,TrashNet_Raw; TrashNet_Processed_Train,TrashNet_Processed_Train::plastic; TrashNet_Raw::plastic,data\raw\TrashNet\plastic\plastic445.jpg; data\processed\train\plastic\plastic445.jpg
EXACT_MD5,047b400a816a221e901af993c3c86b32,2,TrashNet_Raw; TrashNet_Processed_Train,TrashNet_Processed_Train::plastic; TrashNet_Raw::plastic,data\raw\TrashNet\plastic\plastic446.jpg; data\processed\train\plastic\plastic446.jpg
EXACT_MD5,88ec4e1bdeb0750a57db69e73ed00b9e,2,TrashNet_Raw; TrashNet_Processed_Train,TrashNet_Processed_Train::plastic; TrashNet_Raw::plastic,data\raw\TrashNet\plastic\plastic447.jpg; data\processed\train\plastic\plastic447.jpg
EXACT_MD5,24ae5a031984a736d8985ae52ebf1d50,2,TrashNet_Raw; TrashNet_Processed_Val,TrashNet_Processed_Val::plastic; TrashNet_Raw::plastic,data\raw\TrashNet\plastic\plastic448.jpg; data\processed\val\plastic\plastic448.jpg
EXACT_MD5,8c0fddfb402b9544d4c501a58afdd795,2,TrashNet_Raw; TrashNet_Processed_Train,TrashNet_Processed_Train::plastic; TrashNet_Raw::plastic,data\raw\TrashNet\plastic\plastic449.jpg; data\processed\train\plastic\plastic449.jpg
EXACT_MD5,63f8acc000e5926b56bbf5481d5dba81,2,TrashNet_Raw; TrashNet_Processed_Train,TrashNet_Processed_Train::plastic; TrashNet_Raw::plastic,data\raw\TrashNet\plastic\plastic45.jpg; data\processed\train\plastic\plastic45.jpg
EXACT_MD5,b1698fd646f419e259c8cfe746a58800,2,TrashNet_Raw; TrashNet_Processed_Test,TrashNet_Processed_Test::plastic; TrashNet_Raw::plastic,data\raw\TrashNet\plastic\plastic450.jpg; data\processed\test\plastic\plastic450.jpg
EXACT_MD5,a02a832f15b6a1f69d7bc2653802207b,2,TrashNet_Raw; TrashNet_Processed_Train,TrashNet_Processed_Train::plastic; TrashNet_Raw::plastic,data\raw\TrashNet\plastic\plastic451.jpg; data\processed\train\plastic\plastic451.jpg
EXACT_MD5,edfa74f3e29799beff9203963d8bca7c,2,TrashNet_Raw; TrashNet_Processed_Train,TrashNet_Processed_Train::plastic; TrashNet_Raw::plastic,data\raw\TrashNet\plastic\plastic452.jpg; data\processed\train\plastic\plastic452.jpg
EXACT_MD5,950d08b9fe93c93854ed5ba88c34bfe8,2,TrashNet_Raw; TrashNet_Processed_Val,TrashNet_Processed_Val::plastic; TrashNet_Raw::plastic,data\raw\TrashNet\plastic\plastic453.jpg; data\processed\val\plastic\plastic453.jpg
EXACT_MD5,3e25e648b4b9da1a40bddc1a993e424f,2,TrashNet_Raw; TrashNet_Processed_Val,TrashNet_Processed_Val::plastic; TrashNet_Raw::plastic,data\raw\TrashNet\plastic\plastic454.jpg; data\processed\val\plastic\plastic454.jpg
EXACT_MD5,532e05254c653fd5ad5ea72ee05326ce,2,TrashNet_Raw; TrashNet_Processed_Train,TrashNet_Processed_Train::plastic; TrashNet_Raw::plastic,data\raw\TrashNet\plastic\plastic455.jpg; data\processed\train\plastic\plastic455.jpg
EXACT_MD5,6bef7fd46eaaa33fcf1d29f49e80b787,2,TrashNet_Raw; TrashNet_Processed_Val,TrashNet_Processed_Val::plastic; TrashNet_Raw::plastic,data\raw\TrashNet\plastic\plastic456.jpg; data\processed\val\plastic\plastic456.jpg
EXACT_MD5,4c35e6797b6504d5656191dbf2af5b3d,2,TrashNet_Raw; TrashNet_Processed_Train,TrashNet_Processed_Train::plastic; TrashNet_Raw::plastic,data\raw\TrashNet\plastic\plastic457.jpg; data\processed\train\plastic\plastic457.jpg
EXACT_MD5,e3e41ab88693b44b05197b8266efc02d,2,TrashNet_Raw; TrashNet_Processed_Train,TrashNet_Processed_Train::plastic; TrashNet_Raw::plastic,data\raw\TrashNet\plastic\plastic458.jpg; data\processed\train\plastic\plastic458.jpg
EXACT_MD5,56fcbe0c03dea7a811d2482b4839bbf1,2,TrashNet_Raw; TrashNet_Processed_Test,TrashNet_Processed_Test::plastic; TrashNet_Raw::plastic,data\raw\TrashNet\plastic\plastic459.jpg; data\processed\test\plastic\plastic459.jpg
EXACT_MD5,6914c3775385e1688a3adc2dd4cba87d,2,TrashNet_Raw; TrashNet_Processed_Train,TrashNet_Processed_Train::plastic; TrashNet_Raw::plastic,data\raw\TrashNet\plastic\plastic46.jpg; data\processed\train\plastic\plastic46.jpg
EXACT_MD5,4865f8be9c5046f25aebd4036dd2d9ff,2,TrashNet_Raw; TrashNet_Processed_Train,TrashNet_Processed_Train::plastic; TrashNet_Raw::plastic,data\raw\TrashNet\plastic\plastic460.jpg; data\processed\train\plastic\plastic460.jpg
EXACT_MD5,f4002e97998ac39fb817e8776fcc1a24,2,TrashNet_Raw; TrashNet_Processed_Train,TrashNet_Processed_Train::plastic; TrashNet_Raw::plastic,data\raw\TrashNet\plastic\plastic461.jpg; data\processed\train\plastic\plastic461.jpg
EXACT_MD5,351fa2dde853190a9e6513deff6c25e9,2,TrashNet_Raw; TrashNet_Processed_Train,TrashNet_Processed_Train::plastic; TrashNet_Raw::plastic,data\raw\TrashNet\plastic\plastic462.jpg; data\processed\train\plastic\plastic462.jpg
EXACT_MD5,49f270b317a97b9065a4628a18f02534,2,TrashNet_Raw; TrashNet_Processed_Train,TrashNet_Processed_Train::plastic; TrashNet_Raw::plastic,data\raw\TrashNet\plastic\plastic463.jpg; data\processed\train\plastic\plastic463.jpg
EXACT_MD5,6c8748f25ff3a1275a80ade74448c5da,2,TrashNet_Raw; TrashNet_Processed_Val,TrashNet_Processed_Val::plastic; TrashNet_Raw::plastic,data\raw\TrashNet\plastic\plastic464.jpg; data\processed\val\plastic\plastic464.jpg
EXACT_MD5,9665c55cd998dcd8e1503413cdb687fa,2,TrashNet_Raw; TrashNet_Processed_Val,TrashNet_Processed_Val::plastic; TrashNet_Raw::plastic,data\raw\TrashNet\plastic\plastic465.jpg; data\processed\val\plastic\plastic465.jpg
EXACT_MD5,693174c115e33b085782854226226ead,2,TrashNet_Raw; TrashNet_Processed_Test,TrashNet_Processed_Test::plastic; TrashNet_Raw::plastic,data\raw\TrashNet\plastic\plastic466.jpg; data\processed\test\plastic\plastic466.jpg
EXACT_MD5,16a53fb15eab1f3d18c084e4e863c3ab,2,TrashNet_Raw; TrashNet_Processed_Test,TrashNet_Processed_Test::plastic; TrashNet_Raw::plastic,data\raw\TrashNet\plastic\plastic467.jpg; data\processed\test\plastic\plastic467.jpg
EXACT_MD5,cfe2f8fd86811ca3bb61c473a89c61e8,2,TrashNet_Raw; TrashNet_Processed_Train,TrashNet_Processed_Train::plastic; TrashNet_Raw::plastic,data\raw\TrashNet\plastic\plastic468.jpg; data\processed\train\plastic\plastic468.jpg
EXACT_MD5,a46b5dbf9eaeb7ace5414ed33362a68d,2,TrashNet_Raw; TrashNet_Processed_Train,TrashNet_Processed_Train::plastic; TrashNet_Raw::plastic,data\raw\TrashNet\plastic\plastic469.jpg; data\processed\train\plastic\plastic469.jpg
EXACT_MD5,02ab40a92218bbbbf51ec8e516d575e3,2,TrashNet_Raw; TrashNet_Processed_Train,TrashNet_Processed_Train::plastic; TrashNet_Raw::plastic,data\raw\TrashNet\plastic\plastic47.jpg; data\processed\train\plastic\plastic47.jpg
EXACT_MD5,0f021aae7ccb6460bd2bfb08da01b15c,2,TrashNet_Raw; TrashNet_Processed_Train,TrashNet_Processed_Train::plastic; TrashNet_Raw::plastic,data\raw\TrashNet\plastic\plastic470.jpg; data\processed\train\plastic\plastic470.jpg
EXACT_MD5,9227fb662ae3a45cf22e1347e07bc52b,2,TrashNet_Raw; TrashNet_Processed_Val,TrashNet_Processed_Val::plastic; TrashNet_Raw::plastic,data\raw\TrashNet\plastic\plastic471.jpg; data\processed\val\plastic\plastic471.jpg
EXACT_MD5,6e7dbaa430471d450f8f7dc175b288f2,2,TrashNet_Raw; TrashNet_Processed_Train,TrashNet_Processed_Train::plastic; TrashNet_Raw::plastic,data\raw\TrashNet\plastic\plastic472.jpg; data\processed\train\plastic\plastic472.jpg
EXACT_MD5,906055bb928a1e50835fddcf94a881bc,2,TrashNet_Raw; TrashNet_Processed_Val,TrashNet_Processed_Val::plastic; TrashNet_Raw::plastic,data\raw\TrashNet\plastic\plastic473.jpg; data\processed\val\plastic\plastic473.jpg
EXACT_MD5,ee29edbaeeecda70e30f57844bf19dc6,2,TrashNet_Raw; TrashNet_Processed_Val,TrashNet_Processed_Val::plastic; TrashNet_Raw::plastic,data\raw\TrashNet\plastic\plastic474.jpg; data\processed\val\plastic\plastic474.jpg
EXACT_MD5,c8120b767d8e5de7829a74016bfb708e,2,TrashNet_Raw; TrashNet_Processed_Val,TrashNet_Processed_Val::plastic; TrashNet_Raw::plastic,data\raw\TrashNet\plastic\plastic475.jpg; data\processed\val\plastic\plastic475.jpg
EXACT_MD5,e4df6d55d00946bb67391cccce8750a8,2,TrashNet_Raw; TrashNet_Processed_Train,TrashNet_Processed_Train::plastic; TrashNet_Raw::plastic,data\raw\TrashNet\plastic\plastic476.jpg; data\processed\train\plastic\plastic476.jpg
EXACT_MD5,4d8412a52f85cf58c0884d880069b19e,2,TrashNet_Raw; TrashNet_Processed_Train,TrashNet_Processed_Train::plastic; TrashNet_Raw::plastic,data\raw\TrashNet\plastic\plastic477.jpg; data\processed\train\plastic\plastic477.jpg
EXACT_MD5,05c454b0afe0d41db2008984c784d255,2,TrashNet_Raw; TrashNet_Processed_Train,TrashNet_Processed_Train::plastic; TrashNet_Raw::plastic,data\raw\TrashNet\plastic\plastic478.jpg; data\processed\train\plastic\plastic478.jpg
EXACT_MD5,cee57dd6d6ca576eee3e1c809847b8ff,2,TrashNet_Raw; TrashNet_Processed_Train,TrashNet_Processed_Train::plastic; TrashNet_Raw::plastic,data\raw\TrashNet\plastic\plastic479.jpg; data\processed\train\plastic\plastic479.jpg
EXACT_MD5,f587f05ce71e5787b53457ff9df863db,2,TrashNet_Raw; TrashNet_Processed_Val,TrashNet_Processed_Val::plastic; TrashNet_Raw::plastic,data\raw\TrashNet\plastic\plastic48.jpg; data\processed\val\plastic\plastic48.jpg
EXACT_MD5,e976ea1cb05f0611575e16239286a647,2,TrashNet_Raw; TrashNet_Processed_Val,TrashNet_Processed_Val::plastic; TrashNet_Raw::plastic,data\raw\TrashNet\plastic\plastic480.jpg; data\processed\val\plastic\plastic480.jpg
EXACT_MD5,c4c14b758af720c16a80134db716f986,2,TrashNet_Raw; TrashNet_Processed_Train,TrashNet_Processed_Train::plastic; TrashNet_Raw::plastic,data\raw\TrashNet\plastic\plastic481.jpg; data\processed\train\plastic\plastic481.jpg
EXACT_MD5,830a66dfaf4e5334c24a4d428ee8beff,2,TrashNet_Raw; TrashNet_Processed_Train,TrashNet_Processed_Train::plastic; TrashNet_Raw::plastic,data\raw\TrashNet\plastic\plastic482.jpg; data\processed\train\plastic\plastic482.jpg
EXACT_MD5,53fcd1f0aeefc432388726e73e38fc2d,2,TrashNet_Raw; TrashNet_Processed_Test,TrashNet_Processed_Test::plastic; TrashNet_Raw::plastic,data\raw\TrashNet\plastic\plastic49.jpg; data\processed\test\plastic\plastic49.jpg
EXACT_MD5,afa94ccc243e81476fbadf4dc2e55c1c,2,TrashNet_Raw; TrashNet_Processed_Test,TrashNet_Processed_Test::plastic; TrashNet_Raw::plastic,data\raw\TrashNet\plastic\plastic5.jpg; data\processed\test\plastic\plastic5.jpg
EXACT_MD5,1a71d6b55922784375a2c5e999f287aa,2,TrashNet_Raw; TrashNet_Processed_Train,TrashNet_Processed_Train::plastic; TrashNet_Raw::plastic,data\raw\TrashNet\plastic\plastic50.jpg; data\processed\train\plastic\plastic50.jpg
EXACT_MD5,f727eedba49d23ff1fd367bece220c29,2,TrashNet_Raw; TrashNet_Processed_Test,TrashNet_Processed_Test::plastic; TrashNet_Raw::plastic,data\raw\TrashNet\plastic\plastic51.jpg; data\processed\test\plastic\plastic51.jpg
EXACT_MD5,098bd917f6ebc80d939b3269687b6b17,2,TrashNet_Raw; TrashNet_Processed_Train,TrashNet_Processed_Train::plastic; TrashNet_Raw::plastic,data\raw\TrashNet\plastic\plastic52.jpg; data\processed\train\plastic\plastic52.jpg
EXACT_MD5,149df3c680a327e2bacbc706e8ec6ff7,2,TrashNet_Raw; TrashNet_Processed_Test,TrashNet_Processed_Test::plastic; TrashNet_Raw::plastic,data\raw\TrashNet\plastic\plastic53.jpg; data\processed\test\plastic\plastic53.jpg
EXACT_MD5,998947bacd5fc0d53b6738a219d9df30,2,TrashNet_Raw; TrashNet_Processed_Train,TrashNet_Processed_Train::plastic; TrashNet_Raw::plastic,data\raw\TrashNet\plastic\plastic54.jpg; data\processed\train\plastic\plastic54.jpg
EXACT_MD5,ded7a0942ec360dc7e97fb197bdfc34a,2,TrashNet_Raw; TrashNet_Processed_Train,TrashNet_Processed_Train::plastic; TrashNet_Raw::plastic,data\raw\TrashNet\plastic\plastic55.jpg; data\processed\train\plastic\plastic55.jpg
EXACT_MD5,c3a1420b95dcea67bd5a1bc75eb9a5ed,2,TrashNet_Raw; TrashNet_Processed_Train,TrashNet_Processed_Train::plastic; TrashNet_Raw::plastic,data\raw\TrashNet\plastic\plastic56.jpg; data\processed\train\plastic\plastic56.jpg
EXACT_MD5,d934fd69da3b16aae32cc8c684afcb7d,2,TrashNet_Raw; TrashNet_Processed_Test,TrashNet_Processed_Test::plastic; TrashNet_Raw::plastic,data\raw\TrashNet\plastic\plastic57.jpg; data\processed\test\plastic\plastic57.jpg
EXACT_MD5,cd1cce056bc0c8d60527d00468c94dcf,2,TrashNet_Raw; TrashNet_Processed_Train,TrashNet_Processed_Train::plastic; TrashNet_Raw::plastic,data\raw\TrashNet\plastic\plastic58.jpg; data\processed\train\plastic\plastic58.jpg
EXACT_MD5,b819f750fefdd493aff206d30f868859,2,TrashNet_Raw; TrashNet_Processed_Train,TrashNet_Processed_Train::plastic; TrashNet_Raw::plastic,data\raw\TrashNet\plastic\plastic59.jpg; data\processed\train\plastic\plastic59.jpg
EXACT_MD5,f472addd104c908c74f9fef4311decb1,2,TrashNet_Raw; TrashNet_Processed_Train,TrashNet_Processed_Train::plastic; TrashNet_Raw::plastic,data\raw\TrashNet\plastic\plastic6.jpg; data\processed\train\plastic\plastic6.jpg
EXACT_MD5,48dd736feeeaf4074f99fc5501ff63fe,2,TrashNet_Raw; TrashNet_Processed_Train,TrashNet_Processed_Train::plastic; TrashNet_Raw::plastic,data\raw\TrashNet\plastic\plastic60.jpg; data\processed\train\plastic\plastic60.jpg
EXACT_MD5,f4a7e3d75f28baea47664b43ca6d2618,2,TrashNet_Raw; TrashNet_Processed_Train,TrashNet_Processed_Train::plastic; TrashNet_Raw::plastic,data\raw\TrashNet\plastic\plastic61.jpg; data\processed\train\plastic\plastic61.jpg
EXACT_MD5,8f73ff41ac57b169b4aec8a48279ea6b,2,TrashNet_Raw; TrashNet_Processed_Train,TrashNet_Processed_Train::plastic; TrashNet_Raw::plastic,data\raw\TrashNet\plastic\plastic62.jpg; data\processed\train\plastic\plastic62.jpg
EXACT_MD5,bb467e30e14d28bf744616e9e7d4be50,2,TrashNet_Raw; TrashNet_Processed_Val,TrashNet_Processed_Val::plastic; TrashNet_Raw::plastic,data\raw\TrashNet\plastic\plastic63.jpg; data\processed\val\plastic\plastic63.jpg
EXACT_MD5,9107e20eebceb16e77cd54d47586e71d,2,TrashNet_Raw; TrashNet_Processed_Train,TrashNet_Processed_Train::plastic; TrashNet_Raw::plastic,data\raw\TrashNet\plastic\plastic64.jpg; data\processed\train\plastic\plastic64.jpg
EXACT_MD5,12bb2a02a4d7e62791456ff0e3dc60d3,2,TrashNet_Raw; TrashNet_Processed_Train,TrashNet_Processed_Train::plastic; TrashNet_Raw::plastic,data\raw\TrashNet\plastic\plastic65.jpg; data\processed\train\plastic\plastic65.jpg
EXACT_MD5,7b8eefef2ad67a78c8dc980788829aa6,2,TrashNet_Raw; TrashNet_Processed_Train,TrashNet_Processed_Train::plastic; TrashNet_Raw::plastic,data\raw\TrashNet\plastic\plastic66.jpg; data\processed\train\plastic\plastic66.jpg
EXACT_MD5,1958b42e3e31ea1c38ba975088c82a6d,2,TrashNet_Raw; TrashNet_Processed_Train,TrashNet_Processed_Train::plastic; TrashNet_Raw::plastic,data\raw\TrashNet\plastic\plastic67.jpg; data\processed\train\plastic\plastic67.jpg
EXACT_MD5,76b2dec088f8509174f954218ded3113,2,TrashNet_Raw; TrashNet_Processed_Train,TrashNet_Processed_Train::plastic; TrashNet_Raw::plastic,data\raw\TrashNet\plastic\plastic68.jpg; data\processed\train\plastic\plastic68.jpg
EXACT_MD5,d3f9d94d1d1c12f15ff9737511c908ee,2,TrashNet_Raw; TrashNet_Processed_Train,TrashNet_Processed_Train::plastic; TrashNet_Raw::plastic,data\raw\TrashNet\plastic\plastic69.jpg; data\processed\train\plastic\plastic69.jpg
EXACT_MD5,8459a8c2ce9f66e4a38802ed6ba9559b,2,TrashNet_Raw; TrashNet_Processed_Train,TrashNet_Processed_Train::plastic; TrashNet_Raw::plastic,data\raw\TrashNet\plastic\plastic7.jpg; data\processed\train\plastic\plastic7.jpg
EXACT_MD5,a28207fb62e8cdb8c67b60e8a555d69e,2,TrashNet_Raw; TrashNet_Processed_Val,TrashNet_Processed_Val::plastic; TrashNet_Raw::plastic,data\raw\TrashNet\plastic\plastic70.jpg; data\processed\val\plastic\plastic70.jpg
EXACT_MD5,e376adb5f9dd3d4434b4462aadf66ba0,2,TrashNet_Raw; TrashNet_Processed_Train,TrashNet_Processed_Train::plastic; TrashNet_Raw::plastic,data\raw\TrashNet\plastic\plastic71.jpg; data\processed\train\plastic\plastic71.jpg
EXACT_MD5,943840a1ae0cd8d1ce846cb4fd6d38a0,2,TrashNet_Raw; TrashNet_Processed_Train,TrashNet_Processed_Train::plastic; TrashNet_Raw::plastic,data\raw\TrashNet\plastic\plastic72.jpg; data\processed\train\plastic\plastic72.jpg
EXACT_MD5,702869c49653b7f0965afd89056ca8f7,2,TrashNet_Raw; TrashNet_Processed_Train,TrashNet_Processed_Train::plastic; TrashNet_Raw::plastic,data\raw\TrashNet\plastic\plastic73.jpg; data\processed\train\plastic\plastic73.jpg
EXACT_MD5,1a2ea3598c60cacc5ba829c11b1acd14,2,TrashNet_Raw; TrashNet_Processed_Train,TrashNet_Processed_Train::plastic; TrashNet_Raw::plastic,data\raw\TrashNet\plastic\plastic74.jpg; data\processed\train\plastic\plastic74.jpg
EXACT_MD5,0e79f2635adbcf30f77c49b974c7d81f,2,TrashNet_Raw; TrashNet_Processed_Val,TrashNet_Processed_Val::plastic; TrashNet_Raw::plastic,data\raw\TrashNet\plastic\plastic75.jpg; data\processed\val\plastic\plastic75.jpg
EXACT_MD5,8ea5b5fad18b72760095efddf89b7a7e,2,TrashNet_Raw; TrashNet_Processed_Train,TrashNet_Processed_Train::plastic; TrashNet_Raw::plastic,data\raw\TrashNet\plastic\plastic76.jpg; data\processed\train\plastic\plastic76.jpg
EXACT_MD5,18989c922073f3e3b8629c62d4337840,2,TrashNet_Raw; TrashNet_Processed_Train,TrashNet_Processed_Train::plastic; TrashNet_Raw::plastic,data\raw\TrashNet\plastic\plastic77.jpg; data\processed\train\plastic\plastic77.jpg
EXACT_MD5,982169b29b128d6c9c0cc9f5dadd12ea,2,TrashNet_Raw; TrashNet_Processed_Val,TrashNet_Processed_Val::plastic; TrashNet_Raw::plastic,data\raw\TrashNet\plastic\plastic78.jpg; data\processed\val\plastic\plastic78.jpg
EXACT_MD5,2435fdcbffc65b5d72ecefe8e4530d0e,2,TrashNet_Raw; TrashNet_Processed_Train,TrashNet_Processed_Train::plastic; TrashNet_Raw::plastic,data\raw\TrashNet\plastic\plastic79.jpg; data\processed\train\plastic\plastic79.jpg
EXACT_MD5,475caf57caa58e80147ee8febafbfde1,2,TrashNet_Raw; TrashNet_Processed_Train,TrashNet_Processed_Train::plastic; TrashNet_Raw::plastic,data\raw\TrashNet\plastic\plastic8.jpg; data\processed\train\plastic\plastic8.jpg
EXACT_MD5,55ee430756289ad5ccf8ea261560ab12,2,TrashNet_Raw; TrashNet_Processed_Train,TrashNet_Processed_Train::plastic; TrashNet_Raw::plastic,data\raw\TrashNet\plastic\plastic80.jpg; data\processed\train\plastic\plastic80.jpg
EXACT_MD5,20e191f74d8600ec7fccfaecce506c4f,2,TrashNet_Raw; TrashNet_Processed_Train,TrashNet_Processed_Train::plastic; TrashNet_Raw::plastic,data\raw\TrashNet\plastic\plastic81.jpg; data\processed\train\plastic\plastic81.jpg
EXACT_MD5,10e3d9bd462fd6b8750b6569a1a6f4ae,2,TrashNet_Raw; TrashNet_Processed_Train,TrashNet_Processed_Train::plastic; TrashNet_Raw::plastic,data\raw\TrashNet\plastic\plastic82.jpg; data\processed\train\plastic\plastic82.jpg
EXACT_MD5,be9b6a1042ca46e705b8bae8aca52f4b,2,TrashNet_Raw; TrashNet_Processed_Train,TrashNet_Processed_Train::plastic; TrashNet_Raw::plastic,data\raw\TrashNet\plastic\plastic83.jpg; data\processed\train\plastic\plastic83.jpg
EXACT_MD5,580166e5eb27520c35c690a379d2b3d1,2,TrashNet_Raw; TrashNet_Processed_Train,TrashNet_Processed_Train::plastic; TrashNet_Raw::plastic,data\raw\TrashNet\plastic\plastic84.jpg; data\processed\train\plastic\plastic84.jpg
EXACT_MD5,1180d9c142a519aed660a860c8bd50c4,2,TrashNet_Raw; TrashNet_Processed_Train,TrashNet_Processed_Train::plastic; TrashNet_Raw::plastic,data\raw\TrashNet\plastic\plastic85.jpg; data\processed\train\plastic\plastic85.jpg
EXACT_MD5,93011b8f26f3f7073a05cd002af571fa,2,TrashNet_Raw; TrashNet_Processed_Train,TrashNet_Processed_Train::plastic; TrashNet_Raw::plastic,data\raw\TrashNet\plastic\plastic86.jpg; data\processed\train\plastic\plastic86.jpg
EXACT_MD5,f58c4b4e9f22a8d90660e98df594bc10,2,TrashNet_Raw; TrashNet_Processed_Train,TrashNet_Processed_Train::plastic; TrashNet_Raw::plastic,data\raw\TrashNet\plastic\plastic87.jpg; data\processed\train\plastic\plastic87.jpg
EXACT_MD5,a359bd5c1acb1714afe25fc1cfd5fe5f,2,TrashNet_Raw; TrashNet_Processed_Train,TrashNet_Processed_Train::plastic; TrashNet_Raw::plastic,data\raw\TrashNet\plastic\plastic88.jpg; data\processed\train\plastic\plastic88.jpg
EXACT_MD5,2905646f66c24c96a9c30761dddfe617,2,TrashNet_Raw; TrashNet_Processed_Train,TrashNet_Processed_Train::plastic; TrashNet_Raw::plastic,data\raw\TrashNet\plastic\plastic89.jpg; data\processed\train\plastic\plastic89.jpg
EXACT_MD5,a4a252e95bcbbc103fa06b3b7de97c96,2,TrashNet_Raw; TrashNet_Processed_Val,TrashNet_Processed_Val::plastic; TrashNet_Raw::plastic,data\raw\TrashNet\plastic\plastic9.jpg; data\processed\val\plastic\plastic9.jpg
EXACT_MD5,4549e44386ea15af8e9bb73e8185a799,2,TrashNet_Raw; TrashNet_Processed_Train,TrashNet_Processed_Train::plastic; TrashNet_Raw::plastic,data\raw\TrashNet\plastic\plastic90.jpg; data\processed\train\plastic\plastic90.jpg
EXACT_MD5,ac99e5fe9e3968de5dd50e5c6695a5e0,2,TrashNet_Raw; TrashNet_Processed_Train,TrashNet_Processed_Train::plastic; TrashNet_Raw::plastic,data\raw\TrashNet\plastic\plastic91.jpg; data\processed\train\plastic\plastic91.jpg
EXACT_MD5,896bcb77f19c7e7c5f8375099cad74b8,2,TrashNet_Raw; TrashNet_Processed_Train,TrashNet_Processed_Train::plastic; TrashNet_Raw::plastic,data\raw\TrashNet\plastic\plastic92.jpg; data\processed\train\plastic\plastic92.jpg
EXACT_MD5,6b152e39225aff220a580a15b3732a5e,2,TrashNet_Raw; TrashNet_Processed_Test,TrashNet_Processed_Test::plastic; TrashNet_Raw::plastic,data\raw\TrashNet\plastic\plastic93.jpg; data\processed\test\plastic\plastic93.jpg
EXACT_MD5,b3d2c98d1f205f0fa5026e2cb0dba165,2,TrashNet_Raw; TrashNet_Processed_Train,TrashNet_Processed_Train::plastic; TrashNet_Raw::plastic,data\raw\TrashNet\plastic\plastic94.jpg; data\processed\train\plastic\plastic94.jpg
EXACT_MD5,6ea592d3f145b18840a322f2834840ac,2,TrashNet_Raw; TrashNet_Processed_Train,TrashNet_Processed_Train::plastic; TrashNet_Raw::plastic,data\raw\TrashNet\plastic\plastic95.jpg; data\processed\train\plastic\plastic95.jpg
EXACT_MD5,b290d0093d835a3724daa548794d9309,2,TrashNet_Raw; TrashNet_Processed_Test,TrashNet_Processed_Test::plastic; TrashNet_Raw::plastic,data\raw\TrashNet\plastic\plastic96.jpg; data\processed\test\plastic\plastic96.jpg
EXACT_MD5,f2b44259216347fc4fc08f0edf9055bf,2,TrashNet_Raw; TrashNet_Processed_Train,TrashNet_Processed_Train::plastic; TrashNet_Raw::plastic,data\raw\TrashNet\plastic\plastic97.jpg; data\processed\train\plastic\plastic97.jpg
EXACT_MD5,cf890b40158202ae96d5f5b4dd3cf85a,2,TrashNet_Raw; TrashNet_Processed_Train,TrashNet_Processed_Train::plastic; TrashNet_Raw::plastic,data\raw\TrashNet\plastic\plastic98.jpg; data\processed\train\plastic\plastic98.jpg
EXACT_MD5,a2c2af297fbaace9b4250bb13260a355,2,TrashNet_Raw; TrashNet_Processed_Train,TrashNet_Processed_Train::plastic; TrashNet_Raw::plastic,data\raw\TrashNet\plastic\plastic99.jpg; data\processed\train\plastic\plastic99.jpg
EXACT_MD5,43c94c5aa4ac6363b0e086f72a880d82,2,TrashNet_Raw; TrashNet_Processed_Train,TrashNet_Raw::trash; TrashNet_Processed_Train::trash,data\raw\TrashNet\trash\trash1.jpg; data\processed\train\trash\trash1.jpg
EXACT_MD5,f47bc6b11ed83c6ab2dcc700f914e44e,2,TrashNet_Raw; TrashNet_Processed_Train,TrashNet_Raw::trash; TrashNet_Processed_Train::trash,data\raw\TrashNet\trash\trash10.jpg; data\processed\train\trash\trash10.jpg
EXACT_MD5,ffae0a4146b6b529aeae9ff7f313b5e7,2,TrashNet_Raw; TrashNet_Processed_Train,TrashNet_Raw::trash; TrashNet_Processed_Train::trash,data\raw\TrashNet\trash\trash100.jpg; data\processed\train\trash\trash100.jpg
EXACT_MD5,d1da20fad5a7a21f70bf3e83f76eafcb,2,TrashNet_Raw; TrashNet_Processed_Val,TrashNet_Raw::trash; TrashNet_Processed_Val::trash,data\raw\TrashNet\trash\trash101.jpg; data\processed\val\trash\trash101.jpg
EXACT_MD5,d7839e3ddf9902987d1c501ee2bde858,2,TrashNet_Raw; TrashNet_Processed_Test,TrashNet_Raw::trash; TrashNet_Processed_Test::trash,data\raw\TrashNet\trash\trash102.jpg; data\processed\test\trash\trash102.jpg
EXACT_MD5,95987d9d66d66f1b655b04d3afc83a81,2,TrashNet_Raw; TrashNet_Processed_Train,TrashNet_Raw::trash; TrashNet_Processed_Train::trash,data\raw\TrashNet\trash\trash103.jpg; data\processed\train\trash\trash103.jpg
EXACT_MD5,8e15f2f4f324ad30edb61daa085c6c7a,2,TrashNet_Raw; TrashNet_Processed_Val,TrashNet_Raw::trash; TrashNet_Processed_Val::trash,data\raw\TrashNet\trash\trash104.jpg; data\processed\val\trash\trash104.jpg
EXACT_MD5,d6fc55b50f70862124f22efb53e06a79,2,TrashNet_Raw; TrashNet_Processed_Train,TrashNet_Raw::trash; TrashNet_Processed_Train::trash,data\raw\TrashNet\trash\trash105.jpg; data\processed\train\trash\trash105.jpg
EXACT_MD5,c541352c7ca8fb5232296f4a1606d00a,2,TrashNet_Raw; TrashNet_Processed_Train,TrashNet_Raw::trash; TrashNet_Processed_Train::trash,data\raw\TrashNet\trash\trash106.jpg; data\processed\train\trash\trash106.jpg
EXACT_MD5,4d2b8b68b640887d46e4c7be8357a502,2,TrashNet_Raw; TrashNet_Processed_Train,TrashNet_Raw::trash; TrashNet_Processed_Train::trash,data\raw\TrashNet\trash\trash107.jpg; data\processed\train\trash\trash107.jpg
EXACT_MD5,88b0cc4669792e633f82f0fac0aa1716,2,TrashNet_Raw; TrashNet_Processed_Train,TrashNet_Raw::trash; TrashNet_Processed_Train::trash,data\raw\TrashNet\trash\trash108.jpg; data\processed\train\trash\trash108.jpg
EXACT_MD5,08631c64a9f80de62df6feabfc94e799,2,TrashNet_Raw; TrashNet_Processed_Train,TrashNet_Raw::trash; TrashNet_Processed_Train::trash,data\raw\TrashNet\trash\trash109.jpg; data\processed\train\trash\trash109.jpg
EXACT_MD5,3183cd5c39f7cb3418339b5673b7e9c2,2,TrashNet_Raw; TrashNet_Processed_Train,TrashNet_Raw::trash; TrashNet_Processed_Train::trash,data\raw\TrashNet\trash\trash11.jpg; data\processed\train\trash\trash11.jpg
EXACT_MD5,a7340dfdbc618252a7418c981689856c,2,TrashNet_Raw; TrashNet_Processed_Train,TrashNet_Raw::trash; TrashNet_Processed_Train::trash,data\raw\TrashNet\trash\trash110.jpg; data\processed\train\trash\trash110.jpg
EXACT_MD5,c91667939859018b38ecef4be0f7c5f2,2,TrashNet_Raw; TrashNet_Processed_Test,TrashNet_Raw::trash; TrashNet_Processed_Test::trash,data\raw\TrashNet\trash\trash111.jpg; data\processed\test\trash\trash111.jpg
EXACT_MD5,3efcc6b14c2001b8d9a6bebde4aff257,2,TrashNet_Raw; TrashNet_Processed_Train,TrashNet_Raw::trash; TrashNet_Processed_Train::trash,data\raw\TrashNet\trash\trash112.jpg; data\processed\train\trash\trash112.jpg
EXACT_MD5,e92a2cf09344d63bb44205625c6d5790,2,TrashNet_Raw; TrashNet_Processed_Train,TrashNet_Raw::trash; TrashNet_Processed_Train::trash,data\raw\TrashNet\trash\trash113.jpg; data\processed\train\trash\trash113.jpg
EXACT_MD5,1fc287b41f351d5565148835ede3789d,2,TrashNet_Raw; TrashNet_Processed_Train,TrashNet_Raw::trash; TrashNet_Processed_Train::trash,data\raw\TrashNet\trash\trash114.jpg; data\processed\train\trash\trash114.jpg
EXACT_MD5,70bc3b58a014e00634191caea3f5992e,2,TrashNet_Raw; TrashNet_Processed_Train,TrashNet_Raw::trash; TrashNet_Processed_Train::trash,data\raw\TrashNet\trash\trash115.jpg; data\processed\train\trash\trash115.jpg
EXACT_MD5,23f1053af531e1b4c0bc4b895eb57221,2,TrashNet_Raw; TrashNet_Processed_Train,TrashNet_Raw::trash; TrashNet_Processed_Train::trash,data\raw\TrashNet\trash\trash116.jpg; data\processed\train\trash\trash116.jpg
EXACT_MD5,1ae5bc333ae4e42f58a9105b0ec9bd7e,2,TrashNet_Raw; TrashNet_Processed_Train,TrashNet_Raw::trash; TrashNet_Processed_Train::trash,data\raw\TrashNet\trash\trash117.jpg; data\processed\train\trash\trash117.jpg
EXACT_MD5,64d994c8d49a50daa840aab78008f7e3,2,TrashNet_Raw; TrashNet_Processed_Val,TrashNet_Raw::trash; TrashNet_Processed_Val::trash,data\raw\TrashNet\trash\trash118.jpg; data\processed\val\trash\trash118.jpg
EXACT_MD5,53365080e4f3bb6c51eafe97a5ffd3ec,2,TrashNet_Raw; TrashNet_Processed_Train,TrashNet_Raw::trash; TrashNet_Processed_Train::trash,data\raw\TrashNet\trash\trash119.jpg; data\processed\train\trash\trash119.jpg
EXACT_MD5,9296b7b01ad663a03c37da9c8ac79310,2,TrashNet_Raw; TrashNet_Processed_Train,TrashNet_Raw::trash; TrashNet_Processed_Train::trash,data\raw\TrashNet\trash\trash12.jpg; data\processed\train\trash\trash12.jpg
EXACT_MD5,d13b4f831a06bb2b09ea6fb4160f2553,2,TrashNet_Raw; TrashNet_Processed_Train,TrashNet_Raw::trash; TrashNet_Processed_Train::trash,data\raw\TrashNet\trash\trash120.jpg; data\processed\train\trash\trash120.jpg
EXACT_MD5,14235d8ce1105d3ce2d85ef8f28fd063,2,TrashNet_Raw; TrashNet_Processed_Train,TrashNet_Raw::trash; TrashNet_Processed_Train::trash,data\raw\TrashNet\trash\trash121.jpg; data\processed\train\trash\trash121.jpg
EXACT_MD5,bed4fa1f12b08bb7fc8abbf2a072a31b,2,TrashNet_Raw; TrashNet_Processed_Train,TrashNet_Raw::trash; TrashNet_Processed_Train::trash,data\raw\TrashNet\trash\trash122.jpg; data\processed\train\trash\trash122.jpg
EXACT_MD5,0f2f762ad715695acc688d7f7337b2d0,2,TrashNet_Raw; TrashNet_Processed_Train,TrashNet_Raw::trash; TrashNet_Processed_Train::trash,data\raw\TrashNet\trash\trash123.jpg; data\processed\train\trash\trash123.jpg
EXACT_MD5,731ba431efa2327dab9ce5cebc1e37bb,2,TrashNet_Raw; TrashNet_Processed_Train,TrashNet_Raw::trash; TrashNet_Processed_Train::trash,data\raw\TrashNet\trash\trash124.jpg; data\processed\train\trash\trash124.jpg
EXACT_MD5,a06ddf0c636cf0f39a70a6dbd3af9a34,2,TrashNet_Raw; TrashNet_Processed_Val,TrashNet_Raw::trash; TrashNet_Processed_Val::trash,data\raw\TrashNet\trash\trash125.jpg; data\processed\val\trash\trash125.jpg
EXACT_MD5,8cce9532a9d42258374b66fe01849cf9,2,TrashNet_Raw; TrashNet_Processed_Train,TrashNet_Raw::trash; TrashNet_Processed_Train::trash,data\raw\TrashNet\trash\trash126.jpg; data\processed\train\trash\trash126.jpg
EXACT_MD5,f8e56c6bd581fab288ef3e3929e3f538,2,TrashNet_Raw; TrashNet_Processed_Train,TrashNet_Raw::trash; TrashNet_Processed_Train::trash,data\raw\TrashNet\trash\trash127.jpg; data\processed\train\trash\trash127.jpg
EXACT_MD5,f0b05397f98910982870d06f0d6bf8d2,2,TrashNet_Raw; TrashNet_Processed_Train,TrashNet_Raw::trash; TrashNet_Processed_Train::trash,data\raw\TrashNet\trash\trash128.jpg; data\processed\train\trash\trash128.jpg
EXACT_MD5,dd85bf1c834ac805b094ea5814eb7743,2,TrashNet_Raw; TrashNet_Processed_Val,TrashNet_Raw::trash; TrashNet_Processed_Val::trash,data\raw\TrashNet\trash\trash129.jpg; data\processed\val\trash\trash129.jpg
EXACT_MD5,2dd696cc4ad8639e30ec3431f5c94ecd,2,TrashNet_Raw; TrashNet_Processed_Train,TrashNet_Raw::trash; TrashNet_Processed_Train::trash,data\raw\TrashNet\trash\trash13.jpg; data\processed\train\trash\trash13.jpg
EXACT_MD5,60abe84160d52e79b05ad5271e13f28b,2,TrashNet_Raw; TrashNet_Processed_Train,TrashNet_Raw::trash; TrashNet_Processed_Train::trash,data\raw\TrashNet\trash\trash130.jpg; data\processed\train\trash\trash130.jpg
EXACT_MD5,b919b0cc8628b1a0013aa38fe8f39e9c,2,TrashNet_Raw; TrashNet_Processed_Train,TrashNet_Raw::trash; TrashNet_Processed_Train::trash,data\raw\TrashNet\trash\trash131.jpg; data\processed\train\trash\trash131.jpg
EXACT_MD5,a53c259772d5bc320e3dd30531805de8,2,TrashNet_Raw; TrashNet_Processed_Train,TrashNet_Raw::trash; TrashNet_Processed_Train::trash,data\raw\TrashNet\trash\trash132.jpg; data\processed\train\trash\trash132.jpg
EXACT_MD5,c45aef79f7950d092ff12ec7072f0773,2,TrashNet_Raw; TrashNet_Processed_Train,TrashNet_Raw::trash; TrashNet_Processed_Train::trash,data\raw\TrashNet\trash\trash133.jpg; data\processed\train\trash\trash133.jpg
EXACT_MD5,d33c0e8b81231168e4e2b359936ee6f6,2,TrashNet_Raw; TrashNet_Processed_Test,TrashNet_Raw::trash; TrashNet_Processed_Test::trash,data\raw\TrashNet\trash\trash134.jpg; data\processed\test\trash\trash134.jpg
EXACT_MD5,c55a49e8c49ab13d213cbe700f54c63a,2,TrashNet_Raw; TrashNet_Processed_Train,TrashNet_Raw::trash; TrashNet_Processed_Train::trash,data\raw\TrashNet\trash\trash135.jpg; data\processed\train\trash\trash135.jpg
EXACT_MD5,38dfe11a5afccdd0b8159c11121c7b0b,2,TrashNet_Raw; TrashNet_Processed_Test,TrashNet_Raw::trash; TrashNet_Processed_Test::trash,data\raw\TrashNet\trash\trash136.jpg; data\processed\test\trash\trash136.jpg
EXACT_MD5,0de121a1699255e1d4cf4fb14f1b4465,2,TrashNet_Raw; TrashNet_Processed_Test,TrashNet_Raw::trash; TrashNet_Processed_Test::trash,data\raw\TrashNet\trash\trash137.jpg; data\processed\test\trash\trash137.jpg
EXACT_MD5,a1d05a73a55ea933bcc31504614f6def,2,TrashNet_Raw; TrashNet_Processed_Train,TrashNet_Raw::trash; TrashNet_Processed_Train::trash,data\raw\TrashNet\trash\trash14.jpg; data\processed\train\trash\trash14.jpg
EXACT_MD5,62f926114de8314c72aff3ee9bcb258c,2,TrashNet_Raw; TrashNet_Processed_Train,TrashNet_Raw::trash; TrashNet_Processed_Train::trash,data\raw\TrashNet\trash\trash15.jpg; data\processed\train\trash\trash15.jpg
EXACT_MD5,aad8b4b44df148a19b32a855f6552880,2,TrashNet_Raw; TrashNet_Processed_Train,TrashNet_Raw::trash; TrashNet_Processed_Train::trash,data\raw\TrashNet\trash\trash16.jpg; data\processed\train\trash\trash16.jpg
EXACT_MD5,5894c353a2b5c28ef6555c84d7adf833,2,TrashNet_Raw; TrashNet_Processed_Train,TrashNet_Raw::trash; TrashNet_Processed_Train::trash,data\raw\TrashNet\trash\trash17.jpg; data\processed\train\trash\trash17.jpg
EXACT_MD5,45ce2cf9e9a5fa461621892aa133192a,2,TrashNet_Raw; TrashNet_Processed_Test,TrashNet_Raw::trash; TrashNet_Processed_Test::trash,data\raw\TrashNet\trash\trash18.jpg; data\processed\test\trash\trash18.jpg
EXACT_MD5,8477d3d9d0c21d3f692df1f1278f7786,2,TrashNet_Raw; TrashNet_Processed_Train,TrashNet_Raw::trash; TrashNet_Processed_Train::trash,data\raw\TrashNet\trash\trash19.jpg; data\processed\train\trash\trash19.jpg
EXACT_MD5,52d461f47fa71a884a352fe452f5c029,2,TrashNet_Raw; TrashNet_Processed_Train,TrashNet_Raw::trash; TrashNet_Processed_Train::trash,data\raw\TrashNet\trash\trash2.jpg; data\processed\train\trash\trash2.jpg
EXACT_MD5,b9bb3d03059fab89e48e2a721b1e5fa4,2,TrashNet_Raw; TrashNet_Processed_Train,TrashNet_Raw::trash; TrashNet_Processed_Train::trash,data\raw\TrashNet\trash\trash20.jpg; data\processed\train\trash\trash20.jpg
EXACT_MD5,dffcd22b0dcfe25c92d9549a70af621c,2,TrashNet_Raw; TrashNet_Processed_Train,TrashNet_Raw::trash; TrashNet_Processed_Train::trash,data\raw\TrashNet\trash\trash21.jpg; data\processed\train\trash\trash21.jpg
EXACT_MD5,72daf32d3e25d8ae3169586a79ed9b3b,2,TrashNet_Raw; TrashNet_Processed_Train,TrashNet_Raw::trash; TrashNet_Processed_Train::trash,data\raw\TrashNet\trash\trash22.jpg; data\processed\train\trash\trash22.jpg
EXACT_MD5,c0550b25efab529996bafc18b54de288,2,TrashNet_Raw; TrashNet_Processed_Test,TrashNet_Raw::trash; TrashNet_Processed_Test::trash,data\raw\TrashNet\trash\trash23.jpg; data\processed\test\trash\trash23.jpg
EXACT_MD5,fea667e3bbb9ffa8a96fccfc6bf9f40d,2,TrashNet_Raw; TrashNet_Processed_Train,TrashNet_Raw::trash; TrashNet_Processed_Train::trash,data\raw\TrashNet\trash\trash24.jpg; data\processed\train\trash\trash24.jpg
EXACT_MD5,fa93b6f665d22399ead272e9fafc12b3,2,TrashNet_Raw; TrashNet_Processed_Train,TrashNet_Raw::trash; TrashNet_Processed_Train::trash,data\raw\TrashNet\trash\trash25.jpg; data\processed\train\trash\trash25.jpg
EXACT_MD5,ddfbe6555569b5118b4769bd7fe79f6d,2,TrashNet_Raw; TrashNet_Processed_Train,TrashNet_Raw::trash; TrashNet_Processed_Train::trash,data\raw\TrashNet\trash\trash26.jpg; data\processed\train\trash\trash26.jpg
EXACT_MD5,16e1647cfc995b7ed23fee66a26138a5,2,TrashNet_Raw; TrashNet_Processed_Train,TrashNet_Raw::trash; TrashNet_Processed_Train::trash,data\raw\TrashNet\trash\trash27.jpg; data\processed\train\trash\trash27.jpg
EXACT_MD5,d1c941335f3de5f639d57c63c271ee11,2,TrashNet_Raw; TrashNet_Processed_Train,TrashNet_Raw::trash; TrashNet_Processed_Train::trash,data\raw\TrashNet\trash\trash28.jpg; data\processed\train\trash\trash28.jpg
EXACT_MD5,5f828ab1eb7015e78cbb1394ff6084e0,2,TrashNet_Raw; TrashNet_Processed_Train,TrashNet_Raw::trash; TrashNet_Processed_Train::trash,data\raw\TrashNet\trash\trash29.jpg; data\processed\train\trash\trash29.jpg
EXACT_MD5,2c3b52c93b7fefba1993cb4834ce3789,2,TrashNet_Raw; TrashNet_Processed_Val,TrashNet_Raw::trash; TrashNet_Processed_Val::trash,data\raw\TrashNet\trash\trash3.jpg; data\processed\val\trash\trash3.jpg
EXACT_MD5,6cd139feba2b0596847d43be871342cb,2,TrashNet_Raw; TrashNet_Processed_Val,TrashNet_Raw::trash; TrashNet_Processed_Val::trash,data\raw\TrashNet\trash\trash30.jpg; data\processed\val\trash\trash30.jpg
EXACT_MD5,fd2adbd9a58e44da84d6e407356cbaf4,2,TrashNet_Raw; TrashNet_Processed_Train,TrashNet_Raw::trash; TrashNet_Processed_Train::trash,data\raw\TrashNet\trash\trash31.jpg; data\processed\train\trash\trash31.jpg
EXACT_MD5,8ec2bdd535f4695373acd69fc03daceb,2,TrashNet_Raw; TrashNet_Processed_Train,TrashNet_Raw::trash; TrashNet_Processed_Train::trash,data\raw\TrashNet\trash\trash32.jpg; data\processed\train\trash\trash32.jpg
EXACT_MD5,2450807c92961d9af22063b30b3b01e8,2,TrashNet_Raw; TrashNet_Processed_Train,TrashNet_Raw::trash; TrashNet_Processed_Train::trash,data\raw\TrashNet\trash\trash33.jpg; data\processed\train\trash\trash33.jpg
EXACT_MD5,63f7a25b0d426843ddecb0a81636ac2d,2,TrashNet_Raw; TrashNet_Processed_Train,TrashNet_Raw::trash; TrashNet_Processed_Train::trash,data\raw\TrashNet\trash\trash34.jpg; data\processed\train\trash\trash34.jpg
EXACT_MD5,a0591e62fdfdfed6365fc922f9c25ff4,2,TrashNet_Raw; TrashNet_Processed_Train,TrashNet_Raw::trash; TrashNet_Processed_Train::trash,data\raw\TrashNet\trash\trash35.jpg; data\processed\train\trash\trash35.jpg
EXACT_MD5,eed234e1e31d2dc87b9863d1c5a92e6b,2,TrashNet_Raw; TrashNet_Processed_Val,TrashNet_Raw::trash; TrashNet_Processed_Val::trash,data\raw\TrashNet\trash\trash36.jpg; data\processed\val\trash\trash36.jpg
EXACT_MD5,3a5d1028bf8663358287be7b6d4673a8,2,TrashNet_Raw; TrashNet_Processed_Train,TrashNet_Raw::trash; TrashNet_Processed_Train::trash,data\raw\TrashNet\trash\trash37.jpg; data\processed\train\trash\trash37.jpg
EXACT_MD5,8352a4cd5994638adb7bbc74cdf01170,2,TrashNet_Raw; TrashNet_Processed_Train,TrashNet_Raw::trash; TrashNet_Processed_Train::trash,data\raw\TrashNet\trash\trash38.jpg; data\processed\train\trash\trash38.jpg
EXACT_MD5,76aec8ab96d59d32f45e84e5280adff5,2,TrashNet_Raw; TrashNet_Processed_Train,TrashNet_Raw::trash; TrashNet_Processed_Train::trash,data\raw\TrashNet\trash\trash39.jpg; data\processed\train\trash\trash39.jpg
EXACT_MD5,711bada2fbf78502d7ea9c96952e7c7d,2,TrashNet_Raw; TrashNet_Processed_Train,TrashNet_Raw::trash; TrashNet_Processed_Train::trash,data\raw\TrashNet\trash\trash4.jpg; data\processed\train\trash\trash4.jpg
EXACT_MD5,4bf4fe0f356c5b6e5583c9a6518dd25a,2,TrashNet_Raw; TrashNet_Processed_Train,TrashNet_Raw::trash; TrashNet_Processed_Train::trash,data\raw\TrashNet\trash\trash40.jpg; data\processed\train\trash\trash40.jpg
EXACT_MD5,3c002202f85a0bc0108fa8d738961eca,2,TrashNet_Raw; TrashNet_Processed_Val,TrashNet_Raw::trash; TrashNet_Processed_Val::trash,data\raw\TrashNet\trash\trash41.jpg; data\processed\val\trash\trash41.jpg
EXACT_MD5,d649d86454a30fa76c4089212ee7c393,2,TrashNet_Raw; TrashNet_Processed_Test,TrashNet_Raw::trash; TrashNet_Processed_Test::trash,data\raw\TrashNet\trash\trash42.jpg; data\processed\test\trash\trash42.jpg
EXACT_MD5,34b0ae1490d8728b39c901c0859ab4ce,2,TrashNet_Raw; TrashNet_Processed_Train,TrashNet_Raw::trash; TrashNet_Processed_Train::trash,data\raw\TrashNet\trash\trash43.jpg; data\processed\train\trash\trash43.jpg
EXACT_MD5,e42815b4835c943fe90c751744ae5825,2,TrashNet_Raw; TrashNet_Processed_Test,TrashNet_Raw::trash; TrashNet_Processed_Test::trash,data\raw\TrashNet\trash\trash44.jpg; data\processed\test\trash\trash44.jpg
EXACT_MD5,1a429b5553ed8c69f28ae3a5610d56b3,2,TrashNet_Raw; TrashNet_Processed_Train,TrashNet_Raw::trash; TrashNet_Processed_Train::trash,data\raw\TrashNet\trash\trash45.jpg; data\processed\train\trash\trash45.jpg
EXACT_MD5,513aa162103043c8f401e7ebc55441a6,2,TrashNet_Raw; TrashNet_Processed_Train,TrashNet_Raw::trash; TrashNet_Processed_Train::trash,data\raw\TrashNet\trash\trash46.jpg; data\processed\train\trash\trash46.jpg
EXACT_MD5,c978224c0b21a8dff1c22524a2eb5afc,2,TrashNet_Raw; TrashNet_Processed_Train,TrashNet_Raw::trash; TrashNet_Processed_Train::trash,data\raw\TrashNet\trash\trash47.jpg; data\processed\train\trash\trash47.jpg
EXACT_MD5,85cfa23a0d4cc6c96d13be24cd50425e,2,TrashNet_Raw; TrashNet_Processed_Val,TrashNet_Raw::trash; TrashNet_Processed_Val::trash,data\raw\TrashNet\trash\trash48.jpg; data\processed\val\trash\trash48.jpg
EXACT_MD5,187f797b3d592486c6f506834dc00dfe,2,TrashNet_Raw; TrashNet_Processed_Train,TrashNet_Raw::trash; TrashNet_Processed_Train::trash,data\raw\TrashNet\trash\trash49.jpg; data\processed\train\trash\trash49.jpg
EXACT_MD5,50c66e172aad0e567efc94ca2eb76f81,2,TrashNet_Raw; TrashNet_Processed_Train,TrashNet_Raw::trash; TrashNet_Processed_Train::trash,data\raw\TrashNet\trash\trash5.jpg; data\processed\train\trash\trash5.jpg
EXACT_MD5,8663fef612ba8b4fab0d4050e5c136d6,2,TrashNet_Raw; TrashNet_Processed_Val,TrashNet_Raw::trash; TrashNet_Processed_Val::trash,data\raw\TrashNet\trash\trash50.jpg; data\processed\val\trash\trash50.jpg
EXACT_MD5,e4290904ff9c518cbec9469911a09ce2,2,TrashNet_Raw; TrashNet_Processed_Train,TrashNet_Raw::trash; TrashNet_Processed_Train::trash,data\raw\TrashNet\trash\trash51.jpg; data\processed\train\trash\trash51.jpg
EXACT_MD5,9509551fc8dac454c750f3c2d119de40,2,TrashNet_Raw; TrashNet_Processed_Train,TrashNet_Raw::trash; TrashNet_Processed_Train::trash,data\raw\TrashNet\trash\trash52.jpg; data\processed\train\trash\trash52.jpg
EXACT_MD5,50f6c0f4ecac3cff17844a5c5b50746a,2,TrashNet_Raw; TrashNet_Processed_Test,TrashNet_Raw::trash; TrashNet_Processed_Test::trash,data\raw\TrashNet\trash\trash53.jpg; data\processed\test\trash\trash53.jpg
EXACT_MD5,6873f9f25bde20e938cf56cd84718d1a,2,TrashNet_Raw; TrashNet_Processed_Train,TrashNet_Raw::trash; TrashNet_Processed_Train::trash,data\raw\TrashNet\trash\trash54.jpg; data\processed\train\trash\trash54.jpg
EXACT_MD5,ef7134f9bc1dcacaf54ba3fcfa677e79,2,TrashNet_Raw; TrashNet_Processed_Val,TrashNet_Raw::trash; TrashNet_Processed_Val::trash,data\raw\TrashNet\trash\trash55.jpg; data\processed\val\trash\trash55.jpg
EXACT_MD5,32136ec1bdcb39aea9400e2d66992669,2,TrashNet_Raw; TrashNet_Processed_Train,TrashNet_Raw::trash; TrashNet_Processed_Train::trash,data\raw\TrashNet\trash\trash56.jpg; data\processed\train\trash\trash56.jpg
EXACT_MD5,d87a90c79a5a7385c95ad60d03c0afab,2,TrashNet_Raw; TrashNet_Processed_Train,TrashNet_Raw::trash; TrashNet_Processed_Train::trash,data\raw\TrashNet\trash\trash57.jpg; data\processed\train\trash\trash57.jpg
EXACT_MD5,3734fd3e74e67efe9cb1848ae86b6b99,2,TrashNet_Raw; TrashNet_Processed_Train,TrashNet_Raw::trash; TrashNet_Processed_Train::trash,data\raw\TrashNet\trash\trash58.jpg; data\processed\train\trash\trash58.jpg
EXACT_MD5,37a38e7ba594c8b5ee6b741fa47cb0fa,2,TrashNet_Raw; TrashNet_Processed_Test,TrashNet_Raw::trash; TrashNet_Processed_Test::trash,data\raw\TrashNet\trash\trash59.jpg; data\processed\test\trash\trash59.jpg
EXACT_MD5,d68836a77e43a7b61ba5f9670be21e82,2,TrashNet_Raw; TrashNet_Processed_Train,TrashNet_Raw::trash; TrashNet_Processed_Train::trash,data\raw\TrashNet\trash\trash6.jpg; data\processed\train\trash\trash6.jpg
EXACT_MD5,65dd7b14a5046a1a59cbeedcb1162365,2,TrashNet_Raw; TrashNet_Processed_Train,TrashNet_Raw::trash; TrashNet_Processed_Train::trash,data\raw\TrashNet\trash\trash60.jpg; data\processed\train\trash\trash60.jpg
EXACT_MD5,aa7499be5867f1ee65a354ea238e9886,2,TrashNet_Raw; TrashNet_Processed_Train,TrashNet_Raw::trash; TrashNet_Processed_Train::trash,data\raw\TrashNet\trash\trash61.jpg; data\processed\train\trash\trash61.jpg
EXACT_MD5,8f1cc6692a93bf45942cc5eddcf75955,2,TrashNet_Raw; TrashNet_Processed_Train,TrashNet_Raw::trash; TrashNet_Processed_Train::trash,data\raw\TrashNet\trash\trash62.jpg; data\processed\train\trash\trash62.jpg
EXACT_MD5,5fcf217ffc991104dcd6f28c0530b7c6,2,TrashNet_Raw; TrashNet_Processed_Train,TrashNet_Raw::trash; TrashNet_Processed_Train::trash,data\raw\TrashNet\trash\trash63.jpg; data\processed\train\trash\trash63.jpg
EXACT_MD5,b96e3cca019fad9d4e72bf7127d28dce,2,TrashNet_Raw; TrashNet_Processed_Train,TrashNet_Raw::trash; TrashNet_Processed_Train::trash,data\raw\TrashNet\trash\trash64.jpg; data\processed\train\trash\trash64.jpg
EXACT_MD5,43e3899f640e4d05dac5b695a88cf19d,2,TrashNet_Raw; TrashNet_Processed_Val,TrashNet_Raw::trash; TrashNet_Processed_Val::trash,data\raw\TrashNet\trash\trash65.jpg; data\processed\val\trash\trash65.jpg
EXACT_MD5,2e1b2d4edc7c969259035b38507e8a8c,2,TrashNet_Raw; TrashNet_Processed_Test,TrashNet_Raw::trash; TrashNet_Processed_Test::trash,data\raw\TrashNet\trash\trash66.jpg; data\processed\test\trash\trash66.jpg
EXACT_MD5,93e9716d7cc149d66ae5ec07ee09a915,2,TrashNet_Raw; TrashNet_Processed_Test,TrashNet_Raw::trash; TrashNet_Processed_Test::trash,data\raw\TrashNet\trash\trash67.jpg; data\processed\test\trash\trash67.jpg
EXACT_MD5,df0aa949feb0ed3ce1e1347d87c2e6e9,2,TrashNet_Raw; TrashNet_Processed_Train,TrashNet_Raw::trash; TrashNet_Processed_Train::trash,data\raw\TrashNet\trash\trash68.jpg; data\processed\train\trash\trash68.jpg
EXACT_MD5,ad4bace863523a7f89e3ad84ddd84d5a,2,TrashNet_Raw; TrashNet_Processed_Val,TrashNet_Raw::trash; TrashNet_Processed_Val::trash,data\raw\TrashNet\trash\trash69.jpg; data\processed\val\trash\trash69.jpg
EXACT_MD5,7d692df144ad7d710f2f500cea91a0a2,2,TrashNet_Raw; TrashNet_Processed_Train,TrashNet_Raw::trash; TrashNet_Processed_Train::trash,data\raw\TrashNet\trash\trash7.jpg; data\processed\train\trash\trash7.jpg
EXACT_MD5,cc653a7cef5a80282b503058f8d463fb,2,TrashNet_Raw; TrashNet_Processed_Train,TrashNet_Raw::trash; TrashNet_Processed_Train::trash,data\raw\TrashNet\trash\trash70.jpg; data\processed\train\trash\trash70.jpg
EXACT_MD5,c6104ca3f64770e06482fc4397be6b9c,2,TrashNet_Raw; TrashNet_Processed_Val,TrashNet_Raw::trash; TrashNet_Processed_Val::trash,data\raw\TrashNet\trash\trash71.jpg; data\processed\val\trash\trash71.jpg
EXACT_MD5,96747e886d0782a85b9a5078e5f88bf1,2,TrashNet_Raw; TrashNet_Processed_Train,TrashNet_Raw::trash; TrashNet_Processed_Train::trash,data\raw\TrashNet\trash\trash72.jpg; data\processed\train\trash\trash72.jpg
EXACT_MD5,1d9a55fd58260a89885dcb0ecd4225f3,2,TrashNet_Raw; TrashNet_Processed_Train,TrashNet_Raw::trash; TrashNet_Processed_Train::trash,data\raw\TrashNet\trash\trash73.jpg; data\processed\train\trash\trash73.jpg
EXACT_MD5,00ce0f8b3e756624d8687e56ad43294b,2,TrashNet_Raw; TrashNet_Processed_Train,TrashNet_Raw::trash; TrashNet_Processed_Train::trash,data\raw\TrashNet\trash\trash74.jpg; data\processed\train\trash\trash74.jpg
EXACT_MD5,dae20654c6574d4aa1976b11b99c632b,2,TrashNet_Raw; TrashNet_Processed_Train,TrashNet_Raw::trash; TrashNet_Processed_Train::trash,data\raw\TrashNet\trash\trash75.jpg; data\processed\train\trash\trash75.jpg
EXACT_MD5,5520d403447e4f24abc7a12b82bc9f65,2,TrashNet_Raw; TrashNet_Processed_Val,TrashNet_Raw::trash; TrashNet_Processed_Val::trash,data\raw\TrashNet\trash\trash76.jpg; data\processed\val\trash\trash76.jpg
EXACT_MD5,1d0a28b6f1778f619ff245d048702322,2,TrashNet_Raw; TrashNet_Processed_Train,TrashNet_Raw::trash; TrashNet_Processed_Train::trash,data\raw\TrashNet\trash\trash77.jpg; data\processed\train\trash\trash77.jpg
EXACT_MD5,c60dc508b426f7592a6a93c594123a0e,2,TrashNet_Raw; TrashNet_Processed_Train,TrashNet_Raw::trash; TrashNet_Processed_Train::trash,data\raw\TrashNet\trash\trash78.jpg; data\processed\train\trash\trash78.jpg
EXACT_MD5,b24c9fd722dbcaa6d8dac797ddeb6f63,2,TrashNet_Raw; TrashNet_Processed_Val,TrashNet_Raw::trash; TrashNet_Processed_Val::trash,data\raw\TrashNet\trash\trash79.jpg; data\processed\val\trash\trash79.jpg
EXACT_MD5,9d4a7c0df055a7daafca28341c3f88fa,2,TrashNet_Raw; TrashNet_Processed_Test,TrashNet_Raw::trash; TrashNet_Processed_Test::trash,data\raw\TrashNet\trash\trash8.jpg; data\processed\test\trash\trash8.jpg
EXACT_MD5,f52d65cee40f0215bf82d52f0489a401,2,TrashNet_Raw; TrashNet_Processed_Train,TrashNet_Raw::trash; TrashNet_Processed_Train::trash,data\raw\TrashNet\trash\trash80.jpg; data\processed\train\trash\trash80.jpg
EXACT_MD5,8c4d0e63f1a9b0c6d55429f709c87a9c,2,TrashNet_Raw; TrashNet_Processed_Val,TrashNet_Raw::trash; TrashNet_Processed_Val::trash,data\raw\TrashNet\trash\trash81.jpg; data\processed\val\trash\trash81.jpg
EXACT_MD5,dac471bf26e6ed042bbf5ab87e2bfc7a,2,TrashNet_Raw; TrashNet_Processed_Train,TrashNet_Raw::trash; TrashNet_Processed_Train::trash,data\raw\TrashNet\trash\trash82.jpg; data\processed\train\trash\trash82.jpg
EXACT_MD5,bcbaaf6906a91dfa9a0e0ad3a8f2bc50,2,TrashNet_Raw; TrashNet_Processed_Train,TrashNet_Raw::trash; TrashNet_Processed_Train::trash,data\raw\TrashNet\trash\trash83.jpg; data\processed\train\trash\trash83.jpg
EXACT_MD5,a0059ca0d78cb9413e5e663fa5b51ef5,2,TrashNet_Raw; TrashNet_Processed_Train,TrashNet_Raw::trash; TrashNet_Processed_Train::trash,data\raw\TrashNet\trash\trash84.jpg; data\processed\train\trash\trash84.jpg
EXACT_MD5,6415579494ea3bfec6b5cce5a55700ec,2,TrashNet_Raw; TrashNet_Processed_Test,TrashNet_Raw::trash; TrashNet_Processed_Test::trash,data\raw\TrashNet\trash\trash85.jpg; data\processed\test\trash\trash85.jpg
EXACT_MD5,e71496e55fc0eac4d7029c4d0a1963fc,2,TrashNet_Raw; TrashNet_Processed_Train,TrashNet_Raw::trash; TrashNet_Processed_Train::trash,data\raw\TrashNet\trash\trash86.jpg; data\processed\train\trash\trash86.jpg
EXACT_MD5,d7b01ed59a408460fa80b40c4665332b,2,TrashNet_Raw; TrashNet_Processed_Train,TrashNet_Raw::trash; TrashNet_Processed_Train::trash,data\raw\TrashNet\trash\trash87.jpg; data\processed\train\trash\trash87.jpg
EXACT_MD5,08cdba23add6dae1c9633c6c620d9b40,2,TrashNet_Raw; TrashNet_Processed_Train,TrashNet_Raw::trash; TrashNet_Processed_Train::trash,data\raw\TrashNet\trash\trash88.jpg; data\processed\train\trash\trash88.jpg
EXACT_MD5,cfae823d6802c34abac7ce9b86a99040,2,TrashNet_Raw; TrashNet_Processed_Test,TrashNet_Raw::trash; TrashNet_Processed_Test::trash,data\raw\TrashNet\trash\trash89.jpg; data\processed\test\trash\trash89.jpg
EXACT_MD5,82c5f483968047ac98aac171f193b102,2,TrashNet_Raw; TrashNet_Processed_Train,TrashNet_Raw::trash; TrashNet_Processed_Train::trash,data\raw\TrashNet\trash\trash9.jpg; data\processed\train\trash\trash9.jpg
EXACT_MD5,3051773888287716b56278cc8fd4548e,2,TrashNet_Raw; TrashNet_Processed_Train,TrashNet_Raw::trash; TrashNet_Processed_Train::trash,data\raw\TrashNet\trash\trash90.jpg; data\processed\train\trash\trash90.jpg
EXACT_MD5,253cdd829f4a1f666e2ed991ddc03ac8,2,TrashNet_Raw; TrashNet_Processed_Val,TrashNet_Raw::trash; TrashNet_Processed_Val::trash,data\raw\TrashNet\trash\trash91.jpg; data\processed\val\trash\trash91.jpg
EXACT_MD5,a6bcb31bb464f681a28afd01e93fcbba,2,TrashNet_Raw; TrashNet_Processed_Test,TrashNet_Raw::trash; TrashNet_Processed_Test::trash,data\raw\TrashNet\trash\trash92.jpg; data\processed\test\trash\trash92.jpg
EXACT_MD5,62b4f95663e1fb86153cf92d9fd8e1f9,2,TrashNet_Raw; TrashNet_Processed_Test,TrashNet_Raw::trash; TrashNet_Processed_Test::trash,data\raw\TrashNet\trash\trash93.jpg; data\processed\test\trash\trash93.jpg
EXACT_MD5,cb437eef16cceccf54e41df0fdde4ce3,2,TrashNet_Raw; TrashNet_Processed_Train,TrashNet_Raw::trash; TrashNet_Processed_Train::trash,data\raw\TrashNet\trash\trash94.jpg; data\processed\train\trash\trash94.jpg
EXACT_MD5,ed637455e841abc74c93cec535d4fe69,2,TrashNet_Raw; TrashNet_Processed_Val,TrashNet_Raw::trash; TrashNet_Processed_Val::trash,data\raw\TrashNet\trash\trash95.jpg; data\processed\val\trash\trash95.jpg
EXACT_MD5,0c57cc4e78705db169194cfc6c6e5c13,2,TrashNet_Raw; TrashNet_Processed_Test,TrashNet_Raw::trash; TrashNet_Processed_Test::trash,data\raw\TrashNet\trash\trash96.jpg; data\processed\test\trash\trash96.jpg
EXACT_MD5,40aece9cae745b5b637b35d2775e3e6d,2,TrashNet_Raw; TrashNet_Processed_Test,TrashNet_Raw::trash; TrashNet_Processed_Test::trash,data\raw\TrashNet\trash\trash97.jpg; data\processed\test\trash\trash97.jpg
EXACT_MD5,28ebbb9069d9828bf5051637d7a6fdce,2,TrashNet_Raw; TrashNet_Processed_Val,TrashNet_Raw::trash; TrashNet_Processed_Val::trash,data\raw\TrashNet\trash\trash98.jpg; data\processed\val\trash\trash98.jpg
EXACT_MD5,b824c533d98aa3cc6ead95e611fbb198,2,TrashNet_Raw; TrashNet_Processed_Train,TrashNet_Raw::trash; TrashNet_Processed_Train::trash,data\raw\TrashNet\trash\trash99.jpg; data\processed\train\trash\trash99.jpg
EXACT_MD5,2086b74534bb71e0a6bd160371c2fd35,2,EWaste_Image_Dataset_Train,EWaste_Image_Dataset_Train::Mobile,data\raw\external\ewaste\EWaste_Image_Dataset\train\Mobile\Mobile_56.jpg; data\raw\external\ewaste\EWaste_Image_Dataset\train\Mobile\Mobile_6.jpg
EXACT_MD5,77fadd3fa7c64f5c965c47386bf39df0,2,EWaste_Image_Dataset_Train,EWaste_Image_Dataset_Train::Mouse,data\raw\external\ewaste\EWaste_Image_Dataset\train\Mouse\Mouse_153.jpg; data\raw\external\ewaste\EWaste_Image_Dataset\train\Mouse\Mouse_180.jpg
EXACT_MD5,eb422e11f60b85a1694b9a9a818b0100,2,EWaste_Image_Dataset_Train,EWaste_Image_Dataset_Train::Mouse,data\raw\external\ewaste\EWaste_Image_Dataset\train\Mouse\Mouse_154.jpg; data\raw\external\ewaste\EWaste_Image_Dataset\train\Mouse\Mouse_209.jpg
EXACT_MD5,22d7ae92d721f9de4626c77196da967d,2,EWaste_Image_Dataset_Train,EWaste_Image_Dataset_Train::Mouse,data\raw\external\ewaste\EWaste_Image_Dataset\train\Mouse\Mouse_155.jpg; data\raw\external\ewaste\EWaste_Image_Dataset\train\Mouse\Mouse_185.jpg
EXACT_MD5,82e30b307d16579eb61997e5be841b2f,2,EWaste_Image_Dataset_Train,EWaste_Image_Dataset_Train::Mouse,data\raw\external\ewaste\EWaste_Image_Dataset\train\Mouse\Mouse_162.jpg; data\raw\external\ewaste\EWaste_Image_Dataset\train\Mouse\Mouse_210.jpg
EXACT_MD5,41b824af5fea2fe15ddafd55c94f50c3,2,EWaste_Image_Dataset_Train,EWaste_Image_Dataset_Train::Mouse,data\raw\external\ewaste\EWaste_Image_Dataset\train\Mouse\Mouse_171.jpg; data\raw\external\ewaste\EWaste_Image_Dataset\train\Mouse\Mouse_201.jpg
EXACT_MD5,3f354f036a337764cde8db4220ccf8be,2,EWaste_Image_Dataset_Train,EWaste_Image_Dataset_Train::Mouse,data\raw\external\ewaste\EWaste_Image_Dataset\train\Mouse\Mouse_176.jpg; data\raw\external\ewaste\EWaste_Image_Dataset\train\Mouse\Mouse_212.jpg
EXACT_MD5,c676edd3cce133ccd7390fe72bf37e0e,2,EWaste_Image_Dataset_Train,EWaste_Image_Dataset_Train::Mouse,data\raw\external\ewaste\EWaste_Image_Dataset\train\Mouse\Mouse_179.jpg; data\raw\external\ewaste\EWaste_Image_Dataset\train\Mouse\Mouse_186.jpg
EXACT_MD5,acf333cddec3bf30d511300f8b5e0871,2,EWaste_Image_Dataset_Train; EWaste_Image_Dataset_Val,EWaste_Image_Dataset_Train::Mouse; EWaste_Image_Dataset_Val::Mouse,data\raw\external\ewaste\EWaste_Image_Dataset\train\Mouse\Mouse_187.jpg; data\raw\external\ewaste\EWaste_Image_Dataset\val\Mouse\Mouse_147.jpg
EXACT_MD5,95a3fa1c097bc226100e34768e904fbd,2,EWaste_Image_Dataset_Train; EWaste_Image_Dataset_Val,EWaste_Image_Dataset_Train::Mouse; EWaste_Image_Dataset_Val::Mouse,data\raw\external\ewaste\EWaste_Image_Dataset\train\Mouse\Mouse_193.jpg; data\raw\external\ewaste\EWaste_Image_Dataset\val\Mouse\Mouse_150.jpg
EXACT_MD5,94091af07bc93e789f904227d2440563,2,EWaste_Image_Dataset_Train; EWaste_Image_Dataset_Val,EWaste_Image_Dataset_Train::Mouse; EWaste_Image_Dataset_Val::Mouse,data\raw\external\ewaste\EWaste_Image_Dataset\train\Mouse\Mouse_213.jpg; data\raw\external\ewaste\EWaste_Image_Dataset\val\Mouse\Mouse_189.jpg
EXACT_MD5,9bb4526acea25014d4a706c034811291,2,EWaste_Image_Dataset_Train,EWaste_Image_Dataset_Train::PCB,data\raw\external\ewaste\EWaste_Image_Dataset\train\PCB\pcb_110.jpg; data\raw\external\ewaste\EWaste_Image_Dataset\train\PCB\pcb_155.jpg
EXACT_MD5,6c010811c8f1d9875c6df3e07a78f235,3,EWaste_Image_Dataset_Train,EWaste_Image_Dataset_Train::PCB,data\raw\external\ewaste\EWaste_Image_Dataset\train\PCB\pcb_113.jpg; data\raw\external\ewaste\EWaste_Image_Dataset\train\PCB\pcb_209.jpg; data\raw\external\ewaste\EWaste_Image_Dataset\train\PCB\pcb_228.jpg
EXACT_MD5,beab25ac969515a9bb418536391387e2,2,EWaste_Image_Dataset_Train,EWaste_Image_Dataset_Train::PCB,data\raw\external\ewaste\EWaste_Image_Dataset\train\PCB\pcb_156.jpg; data\raw\external\ewaste\EWaste_Image_Dataset\train\PCB\pcb_161.jpg
EXACT_MD5,da29bbe16a0a97c75aaca34f6e7b3c7f,2,EWaste_Image_Dataset_Train,EWaste_Image_Dataset_Train::PCB,data\raw\external\ewaste\EWaste_Image_Dataset\train\PCB\pcb_166.jpg; data\raw\external\ewaste\EWaste_Image_Dataset\train\PCB\pcb_292.jpg
EXACT_MD5,9f0a7dcc07aba46a3d507111644dd252,2,EWaste_Image_Dataset_Train,EWaste_Image_Dataset_Train::PCB,data\raw\external\ewaste\EWaste_Image_Dataset\train\PCB\pcb_171.jpg; data\raw\external\ewaste\EWaste_Image_Dataset\train\PCB\pcb_86.jpg
EXACT_MD5,86d492c4e8edd651af5f98ae45e36d5c,2,EWaste_Image_Dataset_Train,EWaste_Image_Dataset_Train::PCB,data\raw\external\ewaste\EWaste_Image_Dataset\train\PCB\pcb_214.jpg; data\raw\external\ewaste\EWaste_Image_Dataset\train\PCB\pcb_248.jpg
EXACT_MD5,bc623cac0b3fefb9aa722e7d222a4d06,2,EWaste_Image_Dataset_Train,EWaste_Image_Dataset_Train::PCB,data\raw\external\ewaste\EWaste_Image_Dataset\train\PCB\pcb_67.jpg; data\raw\external\ewaste\EWaste_Image_Dataset\train\PCB\pcb_93.jpg
EXACT_MD5,2c6f1d2307d3fe0822c08ad4d5563263,2,EWaste_Image_Dataset_Train,EWaste_Image_Dataset_Train::Player,data\raw\external\ewaste\EWaste_Image_Dataset\train\Player\Player_125.jpg; data\raw\external\ewaste\EWaste_Image_Dataset\train\Player\Player_170.jpg
EXACT_MD5,a41a505e0bc41bbd59b021c9aa986210,2,EWaste_Image_Dataset_Train,EWaste_Image_Dataset_Train::Player,data\raw\external\ewaste\EWaste_Image_Dataset\train\Player\Player_145.jpg; data\raw\external\ewaste\EWaste_Image_Dataset\train\Player\Player_82.jpg
EXACT_MD5,f0810c09681ced4403729678145017b3,2,EWaste_Image_Dataset_Train,EWaste_Image_Dataset_Train::Player,data\raw\external\ewaste\EWaste_Image_Dataset\train\Player\Player_151.jpg; data\raw\external\ewaste\EWaste_Image_Dataset\train\Player\Player_202.jpg
EXACT_MD5,af79b9529d0352a87990c9038ac25e4c,2,EWaste_Image_Dataset_Train,EWaste_Image_Dataset_Train::Player,data\raw\external\ewaste\EWaste_Image_Dataset\train\Player\Player_21.jpg; data\raw\external\ewaste\EWaste_Image_Dataset\train\Player\Player_60.jpg
EXACT_MD5,2cdadbe24040e31fa3ba45868a38d6ea,2,EWaste_Image_Dataset_Train,EWaste_Image_Dataset_Train::Player,data\raw\external\ewaste\EWaste_Image_Dataset\train\Player\Player_243.jpg; data\raw\external\ewaste\EWaste_Image_Dataset\train\Player\Player_38.jpg
EXACT_MD5,706703d918dbda0bab7c1422a6b94db9,2,EWaste_Image_Dataset_Train,EWaste_Image_Dataset_Train::Player,data\raw\external\ewaste\EWaste_Image_Dataset\train\Player\Player_45.jpg; data\raw\external\ewaste\EWaste_Image_Dataset\train\Player\Player_70.jpg
EXACT_MD5,1730b85dd03214e24d44ce834cb6a95b,2,EWaste_Image_Dataset_Train; EWaste_Image_Dataset_Val,EWaste_Image_Dataset_Val::Player; EWaste_Image_Dataset_Train::Player,data\raw\external\ewaste\EWaste_Image_Dataset\train\Player\Player_72.jpg; data\raw\external\ewaste\EWaste_Image_Dataset\val\Player\Player_105.jpg
EXACT_MD5,746742ecc2118530ff46429aae73cda8,2,EWaste_Image_Dataset_Train,EWaste_Image_Dataset_Train::Printer,data\raw\external\ewaste\EWaste_Image_Dataset\train\Printer\Printer_53.jpg; data\raw\external\ewaste\EWaste_Image_Dataset\train\Printer\Printer_54.jpg
EXACT_MD5,c8831fc41a147a1f6d6a86563c462e2f,2,EWaste_Image_Dataset_Train,EWaste_Image_Dataset_Train::Printer,data\raw\external\ewaste\EWaste_Image_Dataset\train\Printer\Printer_56.jpg; data\raw\external\ewaste\EWaste_Image_Dataset\train\Printer\Printer_57.jpg
EXACT_MD5,b59567fe3c7f0443a1e823477bd5a140,2,EWaste_Image_Dataset_Train,EWaste_Image_Dataset_Train::Printer,data\raw\external\ewaste\EWaste_Image_Dataset\train\Printer\Printer_59.jpg; data\raw\external\ewaste\EWaste_Image_Dataset\train\Printer\Printer_60.jpg
EXACT_MD5,8bf4d090a3a498f79b7c94e64fa5e003,2,EWaste_Image_Dataset_Train; EWaste_Image_Dataset_Test,EWaste_Image_Dataset_Test::Printer; EWaste_Image_Dataset_Train::Printer,data\raw\external\ewaste\EWaste_Image_Dataset\train\Printer\Printer_62.jpg; data\raw\external\ewaste\EWaste_Image_Dataset\test\Printer\Printer_61.jpg
EXACT_MD5,0bdb9da68380941bb62cef41c49e468f,2,EWaste_Image_Dataset_Train,EWaste_Image_Dataset_Train::Printer,data\raw\external\ewaste\EWaste_Image_Dataset\train\Printer\Printer_63.jpg; data\raw\external\ewaste\EWaste_Image_Dataset\train\Printer\Printer_64.jpg
EXACT_MD5,457c8e5e0117a785df49378fa7f73a5d,2,EWaste_Image_Dataset_Train,EWaste_Image_Dataset_Train::Television,data\raw\external\ewaste\EWaste_Image_Dataset\train\Television\Television_207.jpg; data\raw\external\ewaste\EWaste_Image_Dataset\train\Television\Television_272.jpg
EXACT_MD5,d1e31ec5fc10c06a9934a8275b4c84ed,2,EWaste_Image_Dataset_Train,EWaste_Image_Dataset_Train::Television,data\raw\external\ewaste\EWaste_Image_Dataset\train\Television\Television_238.jpg; data\raw\external\ewaste\EWaste_Image_Dataset\train\Television\Television_245.jpg
EXACT_MD5,976a22f77458a4b5d6a5e3e66d652982,2,EWaste_Image_Dataset_Train; EWaste_Image_Dataset_Val,EWaste_Image_Dataset_Train::Television; EWaste_Image_Dataset_Val::Television,data\raw\external\ewaste\EWaste_Image_Dataset\train\Television\Television_270.jpg; data\raw\external\ewaste\EWaste_Image_Dataset\val\Television\Television_247.jpg
EXACT_MD5,f49bfd3cc006100d7fed422deccd0af1,2,EWaste_Image_Dataset_Train; EWaste_Image_Dataset_Test,EWaste_Image_Dataset_Train::Television; EWaste_Image_Dataset_Test::Television,data\raw\external\ewaste\EWaste_Image_Dataset\train\Television\Television_283.jpg; data\raw\external\ewaste\EWaste_Image_Dataset\test\Television\Television_294.jpg
EXACT_MD5,e9b639eab8750e613a3548011e1ef0a9,2,EWaste_Image_Dataset_Val,EWaste_Image_Dataset_Val::Player,data\raw\external\ewaste\EWaste_Image_Dataset\val\Player\Player_146.jpg; data\raw\external\ewaste\EWaste_Image_Dataset\val\Player\Player_99.jpg
EXACT_MD5,6df4113bf60eca094ddadb22bb233796,2,BDWaste_Organic,BDWaste_Organic::1. Sugarcane  husk,data\raw\organic\BDWaste\1. Sugarcane  husk\101.jpg; data\raw\organic\BDWaste\1. Sugarcane  husk\118.jpg
EXACT_MD5,287943af677aa395de52de87eabc0969,2,BDWaste_Organic,BDWaste_Organic::1. Sugarcane  husk,data\raw\organic\BDWaste\1. Sugarcane  husk\119.jpg; data\raw\organic\BDWaste\1. Sugarcane  husk\94.jpg
EXACT_MD5,bbb5587d1f223be0e03661a18435f2d7,2,BDWaste_Organic,BDWaste_Organic::1. Sugarcane  husk,data\raw\organic\BDWaste\1. Sugarcane  husk\120.jpg; data\raw\organic\BDWaste\1. Sugarcane  husk\93.jpg
EXACT_MD5,56ea3b773ef98f69178c4b6e89513726,2,BDWaste_Organic,BDWaste_Organic::1. Sugarcane  husk,data\raw\organic\BDWaste\1. Sugarcane  husk\121.jpg; data\raw\organic\BDWaste\1. Sugarcane  husk\86.jpg
EXACT_MD5,a7f3406c6f13d72fb617259713009ab4,2,BDWaste_Organic,BDWaste_Organic::1. Sugarcane  husk,data\raw\organic\BDWaste\1. Sugarcane  husk\122.jpg; data\raw\organic\BDWaste\1. Sugarcane  husk\88.jpg
EXACT_MD5,1507962bc7ce9510a131a986b7bb4c06,2,BDWaste_Organic,BDWaste_Organic::1. Sugarcane  husk,data\raw\organic\BDWaste\1. Sugarcane  husk\123.jpg; data\raw\organic\BDWaste\1. Sugarcane  husk\85.jpg
EXACT_MD5,39369e8b73fd60cade43ff1226ae5272,2,BDWaste_Organic,BDWaste_Organic::1. Sugarcane  husk,data\raw\organic\BDWaste\1. Sugarcane  husk\124.jpg; data\raw\organic\BDWaste\1. Sugarcane  husk\51.jpg
EXACT_MD5,e9491dd4ee49e6d55642e32cfa973c3a,2,BDWaste_Organic,BDWaste_Organic::1. Sugarcane  husk,data\raw\organic\BDWaste\1. Sugarcane  husk\125.jpg; data\raw\organic\BDWaste\1. Sugarcane  husk\92.jpg
EXACT_MD5,debb85148a356fb04857b411c039654f,2,BDWaste_Organic,BDWaste_Organic::10. Coffee  cup,data\raw\organic\BDWaste\10. Coffee  cup\10.jpg; data\raw\organic\BDWaste\10. Coffee  cup\9.jpg
EXACT_MD5,9ce39b223d321e5c33cd5df8784e6784,2,BDWaste_Organic,BDWaste_Organic::10. Coffee  cup,data\raw\organic\BDWaste\10. Coffee  cup\12.jpg; data\raw\organic\BDWaste\10. Coffee  cup\13.jpg
EXACT_MD5,c9ae51888871030468846e8a7b21bb76,2,BDWaste_Organic,BDWaste_Organic::10. Coffee  cup,data\raw\organic\BDWaste\10. Coffee  cup\14.jpg; data\raw\organic\BDWaste\10. Coffee  cup\15.jpg
EXACT_MD5,5a217d0f48fee334f96e11c924c029f2,3,BDWaste_Organic,BDWaste_Organic::10. Coffee  cup,data\raw\organic\BDWaste\10. Coffee  cup\20.jpg; data\raw\organic\BDWaste\10. Coffee  cup\7.jpg; data\raw\organic\BDWaste\10. Coffee  cup\8.jpg
EXACT_MD5,d2058e018246ae3f38ead784f6b20c9c,2,BDWaste_Organic,BDWaste_Organic::2. Fish ash,data\raw\organic\BDWaste\2. Fish ash\104.jpg; data\raw\organic\BDWaste\2. Fish ash\122.jpg
EXACT_MD5,ef426ab4c41be8c3fdf4f4129c8a884b,3,BDWaste_Organic,BDWaste_Organic::2. Fish ash,data\raw\organic\BDWaste\2. Fish ash\117.jpg; data\raw\organic\BDWaste\2. Fish ash\123.jpg; data\raw\organic\BDWaste\2. Fish ash\124.jpg
EXACT_MD5,719a9c0c5e7e720377c2bff3e34affb4,2,BDWaste_Organic,BDWaste_Organic::2. Fish ash,data\raw\organic\BDWaste\2. Fish ash\119.jpg; data\raw\organic\BDWaste\2. Fish ash\125.jpg
EXACT_MD5,97ef5efb6a3c052987c50dc3cd3cd8ab,2,BDWaste_Organic,BDWaste_Organic::2. Fish ash,data\raw\organic\BDWaste\2. Fish ash\121.jpg; data\raw\organic\BDWaste\2. Fish ash\99.jpg
EXACT_MD5,f450fac095e4407a5b33d895bcd9646e,2,BDWaste_Organic,BDWaste_Organic::3. Potato Peel,data\raw\organic\BDWaste\3. Potato Peel\104.jpg; data\raw\organic\BDWaste\3. Potato Peel\27.jpg
EXACT_MD5,38e50ceaab3d7df8e5157aab93bc1d66,2,BDWaste_Organic,BDWaste_Organic::3. Potato Peel,data\raw\organic\BDWaste\3. Potato Peel\105.jpg; data\raw\organic\BDWaste\3. Potato Peel\28.jpg
EXACT_MD5,07fb1aa0d2c5dc43b4694d995545cb97,2,BDWaste_Organic,BDWaste_Organic::3. Potato Peel,data\raw\organic\BDWaste\3. Potato Peel\106.jpg; data\raw\organic\BDWaste\3. Potato Peel\29.jpg
EXACT_MD5,c35ef2ce9200fd538121a390c49628f3,2,BDWaste_Organic,BDWaste_Organic::3. Potato Peel,data\raw\organic\BDWaste\3. Potato Peel\107.jpg; data\raw\organic\BDWaste\3. Potato Peel\30.jpg
EXACT_MD5,63364ef4742c7d68c409ac382f698919,2,BDWaste_Organic,BDWaste_Organic::4. Paper,data\raw\organic\BDWaste\4. Paper\121.jpg; data\raw\organic\BDWaste\4. Paper\7.jpg
EXACT_MD5,a0dcb1796748bda3207a160f210d86e6,2,BDWaste_Organic,BDWaste_Organic::4. Paper,data\raw\organic\BDWaste\4. Paper\125.jpg; data\raw\organic\BDWaste\4. Paper\6.jpg
EXACT_MD5,08bbc733731bb0145e300880e2d5fd1b,2,BDWaste_Organic,BDWaste_Organic::6. Rice,data\raw\organic\BDWaste\6. Rice\114.jpg; data\raw\organic\BDWaste\6. Rice\115.jpg
EXACT_MD5,6650ae77bd2bf4c9e215f5bb30acb627,8,BDWaste_Organic,BDWaste_Organic::7. Shell of Malta,data\raw\organic\BDWaste\7. Shell of Malta\(1).jpg; data\raw\organic\BDWaste\7. Shell of Malta\(112).jpg; data\raw\organic\BDWaste\7. Shell of Malta\(113).jpg; data\raw\organic\BDWaste\7. Shell of Malta\(114).jpg; data\raw\organic\BDWaste\7. Shell of Malta\(115).jpg; data\raw\organic\BDWaste\7. Shell of Malta\(116).jpg; data\raw\organic\BDWaste\7. Shell of Malta\(117).jpg; data\raw\organic\BDWaste\7. Shell of Malta\119.jpg
EXACT_MD5,91eeadb8893871a15522b2310523cf72,104,BDWaste_Organic,BDWaste_Organic::7. Shell of Malta,data\raw\organic\BDWaste\7. Shell of Malta\(10).jpg; data\raw\organic\BDWaste\7. Shell of Malta\(109).jpg; data\raw\organic\BDWaste\7. Shell of Malta\(11).jpg; data\raw\organic\BDWaste\7. Shell of Malta\(111).jpg; data\raw\organic\BDWaste\7. Shell of Malta\(12).jpg; data\raw\organic\BDWaste\7. Shell of Malta\(13).jpg; data\raw\organic\BDWaste\7. Shell of Malta\(14).jpg; data\raw\organic\BDWaste\7. Shell of Malta\(15).jpg; data\raw\organic\BDWaste\7. Shell of Malta\(16).jpg; data\raw\organic\BDWaste\7. Shell of Malta\(17).jpg; data\raw\organic\BDWaste\7. Shell of Malta\(18).jpg; data\raw\organic\BDWaste\7. Shell of Malta\(19).jpg; data\raw\organic\BDWaste\7. Shell of Malta\(2).jpg; data\raw\organic\BDWaste\7. Shell of Malta\(20).jpg; data\raw\organic\BDWaste\7. Shell of Malta\(21).jpg; data\raw\organic\BDWaste\7. Shell of Malta\(22).jpg; data\raw\organic\BDWaste\7. Shell of Malta\(23).jpg; data\raw\organic\BDWaste\7. Shell of Malta\(24).jpg; data\raw\organic\BDWaste\7. Shell of Malta\(25).jpg; data\raw\organic\BDWaste\7. Shell of Malta\(26).jpg; data\raw\organic\BDWaste\7. Shell of Malta\(27).jpg; data\raw\organic\BDWaste\7. Shell of Malta\(28).jpg; data\raw\organic\BDWaste\7. Shell of Malta\(29).jpg; data\raw\organic\BDWaste\7. Shell of Malta\(3).jpg; data\raw\organic\BDWaste\7. Shell of Malta\(30).jpg; data\raw\organic\BDWaste\7. Shell of Malta\(31).jpg; data\raw\organic\BDWaste\7. Shell of Malta\(32).jpg; data\raw\organic\BDWaste\7. Shell of Malta\(33).jpg; data\raw\organic\BDWaste\7. Shell of Malta\(34).jpg; data\raw\organic\BDWaste\7. Shell of Malta\(35).jpg; data\raw\organic\BDWaste\7. Shell of Malta\(36).jpg; data\raw\organic\BDWaste\7. Shell of Malta\(37).jpg; data\raw\organic\BDWaste\7. Shell of Malta\(38).jpg; data\raw\organic\BDWaste\7. Shell of Malta\(39).jpg; data\raw\organic\BDWaste\7. Shell of Malta\(4).jpg; data\raw\organic\BDWaste\7. Shell of Malta\(40).jpg; data\raw\organic\BDWaste\7. Shell of Malta\(41).jpg; data\raw\organic\BDWaste\7. Shell of Malta\(42).jpg; data\raw\organic\BDWaste\7. Shell of Malta\(43).jpg; data\raw\organic\BDWaste\7. Shell of Malta\(44).jpg; data\raw\organic\BDWaste\7. Shell of Malta\(45).jpg; data\raw\organic\BDWaste\7. Shell of Malta\(46).jpg; data\raw\organic\BDWaste\7. Shell of Malta\(47).jpg; data\raw\organic\BDWaste\7. Shell of Malta\(48).jpg; data\raw\organic\BDWaste\7. Shell of Malta\(49).jpg; data\raw\organic\BDWaste\7. Shell of Malta\(5).jpg; data\raw\organic\BDWaste\7. Shell of Malta\(50).jpg; data\raw\organic\BDWaste\7. Shell of Malta\(51).jpg; data\raw\organic\BDWaste\7. Shell of Malta\(52).jpg; data\raw\organic\BDWaste\7. Shell of Malta\(53).jpg; data\raw\organic\BDWaste\7. Shell of Malta\(54).jpg; data\raw\organic\BDWaste\7. Shell of Malta\(55).jpg; data\raw\organic\BDWaste\7. Shell of Malta\(56).jpg; data\raw\organic\BDWaste\7. Shell of Malta\(57).jpg; data\raw\organic\BDWaste\7. Shell of Malta\(58).jpg; data\raw\organic\BDWaste\7. Shell of Malta\(59).jpg; data\raw\organic\BDWaste\7. Shell of Malta\(6).jpg; data\raw\organic\BDWaste\7. Shell of Malta\(60).jpg; data\raw\organic\BDWaste\7. Shell of Malta\(61).jpg; data\raw\organic\BDWaste\7. Shell of Malta\(62).jpg; data\raw\organic\BDWaste\7. Shell of Malta\(63).jpg; data\raw\organic\BDWaste\7. Shell of Malta\(64).jpg; data\raw\organic\BDWaste\7. Shell of Malta\(65).jpg; data\raw\organic\BDWaste\7. Shell of Malta\(66).jpg; data\raw\organic\BDWaste\7. Shell of Malta\(67).jpg; data\raw\organic\BDWaste\7. Shell of Malta\(68).jpg; data\raw\organic\BDWaste\7. Shell of Malta\(69).jpg; data\raw\organic\BDWaste\7. Shell of Malta\(7).jpg; data\raw\organic\BDWaste\7. Shell of Malta\(70).jpg; data\raw\organic\BDWaste\7. Shell of Malta\(71).jpg; data\raw\organic\BDWaste\7. Shell of Malta\(72).jpg; data\raw\organic\BDWaste\7. Shell of Malta\(73).jpg; data\raw\organic\BDWaste\7. Shell of Malta\(74).jpg; data\raw\organic\BDWaste\7. Shell of Malta\(75).jpg; data\raw\organic\BDWaste\7. Shell of Malta\(76).jpg; data\raw\organic\BDWaste\7. Shell of Malta\(77).jpg; data\raw\organic\BDWaste\7. Shell of Malta\(78).jpg; data\raw\organic\BDWaste\7. Shell of Malta\(79).jpg; data\raw\organic\BDWaste\7. Shell of Malta\(8).jpg; data\raw\organic\BDWaste\7. Shell of Malta\(80).jpg; data\raw\organic\BDWaste\7. Shell of Malta\(81).jpg; data\raw\organic\BDWaste\7. Shell of Malta\(82).jpg; data\raw\organic\BDWaste\7. Shell of Malta\(83).jpg; data\raw\organic\BDWaste\7. Shell of Malta\(84).jpg; data\raw\organic\BDWaste\7. Shell of Malta\(85).jpg; data\raw\organic\BDWaste\7. Shell of Malta\(86).jpg; data\raw\organic\BDWaste\7. Shell of Malta\(87).jpg; data\raw\organic\BDWaste\7. Shell of Malta\(88).jpg; data\raw\organic\BDWaste\7. Shell of Malta\(89).jpg; data\raw\organic\BDWaste\7. Shell of Malta\(9).jpg; data\raw\organic\BDWaste\7. Shell of Malta\(90).jpg; data\raw\organic\BDWaste\7. Shell of Malta\(91).jpg; data\raw\organic\BDWaste\7. Shell of Malta\(92).jpg; data\raw\organic\BDWaste\7. Shell of Malta\(93).jpg; data\raw\organic\BDWaste\7. Shell of Malta\(94).jpg; data\raw\organic\BDWaste\7. Shell of Malta\(95).jpg; data\raw\organic\BDWaste\7. Shell of Malta\(96).jpg; data\raw\organic\BDWaste\7. Shell of Malta\(97).jpg; data\raw\organic\BDWaste\7. Shell of Malta\118.jpg; data\raw\organic\BDWaste\7. Shell of Malta\120.jpg; data\raw\organic\BDWaste\7. Shell of Malta\123.jpg; data\raw\organic\BDWaste\7. Shell of Malta\124.jpg; data\raw\organic\BDWaste\7. Shell of Malta\125.jpg; data\raw\organic\BDWaste\7. Shell of Malta\126.jpg
EXACT_MD5,3b8adf338613c7bc4d772dd55ee33c6c,2,BDWaste_Organic,BDWaste_Organic::7. Shell of Malta,data\raw\organic\BDWaste\7. Shell of Malta\(100).jpg; data\raw\organic\BDWaste\7. Shell of Malta\122.jpg
EXACT_MD5,f110018b1d5f9b79dd090577d705bad3,2,BDWaste_Organic,BDWaste_Organic::7. Shell of Malta,data\raw\organic\BDWaste\7. Shell of Malta\(104).jpg; data\raw\organic\BDWaste\7. Shell of Malta\121.jpg
EXACT_MD5,0bde5c753ec1b806e84b2ddc142ad420,2,BDWaste_Organic,BDWaste_Organic::9. Banana peel,data\raw\organic\BDWaste\9. Banana peel\5.jpg; data\raw\organic\BDWaste\9. Banana peel\67.jpg
NEAR_DHASH,ffffffffffffffff,6,TrashNet_Raw; TrashNet_Processed_Train,TrashNet_Raw::paper; TrashNet_Processed_Train::cardboard; TrashNet_Raw::cardboard; TrashNet_Processed_Train::paper,data\raw\TrashNet\cardboard\cardboard83.jpg; data\raw\TrashNet\paper\paper110.jpg; data\raw\TrashNet\paper\paper385.jpg; data\processed\train\cardboard\cardboard83.jpg; data\processed\train\paper\paper110.jpg; data\processed\train\paper\paper385.jpg
NEAR_DHASH,b9c1663e3e3e3e3e,4,TrashNet_Raw; TrashNet_Processed_Train,TrashNet_Raw::metal; TrashNet_Processed_Train::metal,data\raw\TrashNet\metal\metal394.jpg; data\raw\TrashNet\metal\metal76.jpg; data\processed\train\metal\metal394.jpg; data\processed\train\metal\metal76.jpg
NEAR_DHASH,bd2963629495f397,4,TrashNet_Raw; TrashNet_Processed_Train,TrashNet_Raw::paper; TrashNet_Processed_Train::paper,data\raw\TrashNet\paper\paper147.jpg; data\raw\TrashNet\paper\paper99.jpg; data\processed\train\paper\paper147.jpg; data\processed\train\paper\paper99.jpg
NEAR_DHASH,6eb833b7bc7ce9b3,4,TrashNet_Raw; TrashNet_Processed_Train,TrashNet_Raw::paper; TrashNet_Processed_Train::paper,data\raw\TrashNet\paper\paper185.jpg; data\raw\TrashNet\paper\paper390.jpg; data\processed\train\paper\paper185.jpg; data\processed\train\paper\paper390.jpg
NEAR_DHASH,701c393939391014,2,EWaste_Image_Dataset_Train,EWaste_Image_Dataset_Train::Microwave,data\raw\external\ewaste\EWaste_Image_Dataset\train\Microwave\Microwave_166.jpg; data\raw\external\ewaste\EWaste_Image_Dataset\train\Microwave\Microwave_188.jpg
NEAR_DHASH,0034535357d70010,2,EWaste_Image_Dataset_Train,EWaste_Image_Dataset_Train::Microwave,data\raw\external\ewaste\EWaste_Image_Dataset\train\Microwave\Microwave_179.jpg; data\raw\external\ewaste\EWaste_Image_Dataset\train\Microwave\Microwave_218.jpg
NEAR_DHASH,003d94d4d8d8f504,2,EWaste_Image_Dataset_Train,EWaste_Image_Dataset_Train::Microwave,data\raw\external\ewaste\EWaste_Image_Dataset\train\Microwave\Microwave_202.jpg; data\raw\external\ewaste\EWaste_Image_Dataset\train\Microwave\Microwave_70.jpg
NEAR_DHASH,970e0f2f0e0e8e26,2,EWaste_Image_Dataset_Train,EWaste_Image_Dataset_Train::PCB,data\raw\external\ewaste\EWaste_Image_Dataset\train\PCB\pcb_144.jpg; data\raw\external\ewaste\EWaste_Image_Dataset\train\PCB\pcb_32.jpg
NEAR_DHASH,8ff89393b93579f9,3,EWaste_Image_Dataset_Train; EWaste_Image_Dataset_Val,EWaste_Image_Dataset_Val::PCB; EWaste_Image_Dataset_Train::PCB,data\raw\external\ewaste\EWaste_Image_Dataset\train\PCB\pcb_145.jpg; data\raw\external\ewaste\EWaste_Image_Dataset\train\PCB\pcb_82.jpg; data\raw\external\ewaste\EWaste_Image_Dataset\val\PCB\pcb_34.jpg
NEAR_DHASH,dcf0b3b5b7697c74,3,EWaste_Image_Dataset_Train,EWaste_Image_Dataset_Train::PCB,data\raw\external\ewaste\EWaste_Image_Dataset\train\PCB\pcb_153.jpg; data\raw\external\ewaste\EWaste_Image_Dataset\train\PCB\pcb_67.jpg; data\raw\external\ewaste\EWaste_Image_Dataset\train\PCB\pcb_93.jpg
NEAR_DHASH,1515151515351113,2,EWaste_Image_Dataset_Train,EWaste_Image_Dataset_Train::PCB,data\raw\external\ewaste\EWaste_Image_Dataset\train\PCB\pcb_173.jpg; data\raw\external\ewaste\EWaste_Image_Dataset\train\PCB\pcb_194.jpg
NEAR_DHASH,0f8e0e0b8f4b8c0e,2,EWaste_Image_Dataset_Train,EWaste_Image_Dataset_Train::PCB,data\raw\external\ewaste\EWaste_Image_Dataset\train\PCB\pcb_2.jpg; data\raw\external\ewaste\EWaste_Image_Dataset\train\PCB\pcb_230.jpg
NEAR_DHASH,c3c3d4c1f0783970,3,EWaste_Image_Dataset_Train,EWaste_Image_Dataset_Train::Player,data\raw\external\ewaste\EWaste_Image_Dataset\train\Player\Player_102.jpg; data\raw\external\ewaste\EWaste_Image_Dataset\train\Player\Player_243.jpg; data\raw\external\ewaste\EWaste_Image_Dataset\train\Player\Player_38.jpg
NEAR_DHASH,9166307695b1f189,2,EWaste_Image_Dataset_Train,EWaste_Image_Dataset_Train::Player,data\raw\external\ewaste\EWaste_Image_Dataset\train\Player\Player_107.jpg; data\raw\external\ewaste\EWaste_Image_Dataset\train\Player\Player_230.jpg
NEAR_DHASH,330a71b2d4d496f0,2,EWaste_Image_Dataset_Train,EWaste_Image_Dataset_Train::Player,data\raw\external\ewaste\EWaste_Image_Dataset\train\Player\Player_119.jpg; data\raw\external\ewaste\EWaste_Image_Dataset\train\Player\Player_26.jpg
NEAR_DHASH,e6464b327776fd8d,2,EWaste_Image_Dataset_Train,EWaste_Image_Dataset_Train::Player,data\raw\external\ewaste\EWaste_Image_Dataset\train\Player\Player_132.jpg; data\raw\external\ewaste\EWaste_Image_Dataset\train\Player\Player_179.jpg
NEAR_DHASH,e1723634316048c1,2,EWaste_Image_Dataset_Train,EWaste_Image_Dataset_Train::Player,data\raw\external\ewaste\EWaste_Image_Dataset\train\Player\Player_157.jpg; data\raw\external\ewaste\EWaste_Image_Dataset\train\Player\Player_199.jpg
NEAR_DHASH,a999e1b1d1b3b178,2,EWaste_Image_Dataset_Train,EWaste_Image_Dataset_Train::Player,data\raw\external\ewaste\EWaste_Image_Dataset\train\Player\Player_162.jpg; data\raw\external\ewaste\EWaste_Image_Dataset\train\Player\Player_203.jpg
NEAR_DHASH,70f375c4f032f38b,2,EWaste_Image_Dataset_Train; EWaste_Image_Dataset_Test,EWaste_Image_Dataset_Test::Player; EWaste_Image_Dataset_Train::Player,data\raw\external\ewaste\EWaste_Image_Dataset\train\Player\Player_171.jpg; data\raw\external\ewaste\EWaste_Image_Dataset\test\Player\Player_177.jpg
NEAR_DHASH,c1f394173313f834,2,EWaste_Image_Dataset_Train; EWaste_Image_Dataset_Val,EWaste_Image_Dataset_Val::Player; EWaste_Image_Dataset_Train::Player,data\raw\external\ewaste\EWaste_Image_Dataset\train\Player\Player_218.jpg; data\raw\external\ewaste\EWaste_Image_Dataset\val\Player\Player_229.jpg
NEAR_DHASH,e97272f65757b4f3,2,EWaste_Image_Dataset_Train; EWaste_Image_Dataset_Test,EWaste_Image_Dataset_Test::Player; EWaste_Image_Dataset_Train::Player,data\raw\external\ewaste\EWaste_Image_Dataset\train\Player\Player_254.jpg; data\raw\external\ewaste\EWaste_Image_Dataset\test\Player\Player_83.jpg
NEAR_DHASH,89c8cd090b49e9e8,2,EWaste_Image_Dataset_Train; EWaste_Image_Dataset_Val,EWaste_Image_Dataset_Val::Player; EWaste_Image_Dataset_Train::Player,data\raw\external\ewaste\EWaste_Image_Dataset\train\Player\Player_287.jpg; data\raw\external\ewaste\EWaste_Image_Dataset\val\Player\Player_66.jpg
NEAR_DHASH,e3f0b0b175b07064,3,EWaste_Image_Dataset_Train; EWaste_Image_Dataset_Val,EWaste_Image_Dataset_Val::Player; EWaste_Image_Dataset_Train::Player,data\raw\external\ewaste\EWaste_Image_Dataset\train\Player\Player_289.jpg; data\raw\external\ewaste\EWaste_Image_Dataset\val\Player\Player_146.jpg; data\raw\external\ewaste\EWaste_Image_Dataset\val\Player\Player_99.jpg
NEAR_DHASH,2bccd4cc9a9f778f,2,EWaste_Image_Dataset_Train,EWaste_Image_Dataset_Train::Player,data\raw\external\ewaste\EWaste_Image_Dataset\train\Player\Player_89.jpg; data\raw\external\ewaste\EWaste_Image_Dataset\train\Player\Player_97.jpg
NEAR_DHASH,0022060606060644,2,EWaste_Image_Dataset_Train; EWaste_Image_Dataset_Test,EWaste_Image_Dataset_Train::Television; EWaste_Image_Dataset_Test::Television,data\raw\external\ewaste\EWaste_Image_Dataset\train\Television\Television_42.jpg; data\raw\external\ewaste\EWaste_Image_Dataset\test\Television\Television_251.jpg
NEAR_DHASH,d7f7f7f7f7f7f771,2,EWaste_Image_Dataset_Train; EWaste_Image_Dataset_Test,EWaste_Image_Dataset_Train::Television; EWaste_Image_Dataset_Test::Television,data\raw\external\ewaste\EWaste_Image_Dataset\train\Television\Television_72.jpg; data\raw\external\ewaste\EWaste_Image_Dataset\test\Television\Television_266.jpg
NEAR_DHASH,b1b1f071f0f033b2,2,EWaste_Image_Dataset_Train,EWaste_Image_Dataset_Train::Washing Machine,data\raw\external\ewaste\EWaste_Image_Dataset\train\Washing Machine\Washing_Machine_171.jpg; data\raw\external\ewaste\EWaste_Image_Dataset\train\Washing Machine\Washing_Machine_25.jpg
NEAR_DHASH,12e3f3f3f3b0f361,2,EWaste_Image_Dataset_Val,EWaste_Image_Dataset_Val::Television,data\raw\external\ewaste\EWaste_Image_Dataset\val\Television\Television_277.jpg; data\raw\external\ewaste\EWaste_Image_Dataset\val\Television\Television_286.jpg
NEAR_DHASH,e8f337b6f2b3d0d2,2,EWaste_Image_Dataset_Test,EWaste_Image_Dataset_Test::Player,data\raw\external\ewaste\EWaste_Image_Dataset\test\Player\Player_22.jpg; data\raw\external\ewaste\EWaste_Image_Dataset\test\Player\Player_279.jpg
NEAR_DHASH,6aecaa6969690e28,2,CTSoc_EWaste_Results,CTSoc_EWaste_Results::obj-detection-momemtum,data\raw\external\ewaste\CTSoc_EWaste\ctsoc-ewaste-main\results\obj-detection-momemtum\m-5.png; data\raw\external\ewaste\CTSoc_EWaste\ctsoc-ewaste-main\results\obj-detection-momemtum\m-6.jpg
NEAR_DHASH,6a4909eaeae83ba8,3,BDWaste_Organic,BDWaste_Organic::1. Sugarcane  husk,data\raw\organic\BDWaste\1. Sugarcane  husk\122.jpg; data\raw\organic\BDWaste\1. Sugarcane  husk\88.jpg; data\raw\organic\BDWaste\1. Sugarcane  husk\91.jpg
NEAR_DHASH,020202616142e000,2,BDWaste_Organic,BDWaste_Organic::1. Sugarcane  husk,data\raw\organic\BDWaste\1. Sugarcane  husk\19.jpg; data\raw\organic\BDWaste\1. Sugarcane  husk\21.jpg
NEAR_DHASH,02030325a1216248,2,BDWaste_Organic,BDWaste_Organic::1. Sugarcane  husk,data\raw\organic\BDWaste\1. Sugarcane  husk\2.jpg; data\raw\organic\BDWaste\1. Sugarcane  husk\3.jpg
NEAR_DHASH,6a0b0a6161424000,4,BDWaste_Organic,BDWaste_Organic::1. Sugarcane  husk,data\raw\organic\BDWaste\1. Sugarcane  husk\27.jpg; data\raw\organic\BDWaste\1. Sugarcane  husk\30.jpg; data\raw\organic\BDWaste\1. Sugarcane  husk\36.jpg; data\raw\organic\BDWaste\1. Sugarcane  husk\37.jpg
NEAR_DHASH,6a0b0a6161426000,2,BDWaste_Organic,BDWaste_Organic::1. Sugarcane  husk,data\raw\organic\BDWaste\1. Sugarcane  husk\31.jpg; data\raw\organic\BDWaste\1. Sugarcane  husk\33.jpg
NEAR_DHASH,6a0b0b6161424008,2,BDWaste_Organic,BDWaste_Organic::1. Sugarcane  husk,data\raw\organic\BDWaste\1. Sugarcane  husk\32.jpg; data\raw\organic\BDWaste\1. Sugarcane  husk\35.jpg
NEAR_DHASH,6a0b0a616142c000,3,BDWaste_Organic,BDWaste_Organic::1. Sugarcane  husk,data\raw\organic\BDWaste\1. Sugarcane  husk\39.jpg; data\raw\organic\BDWaste\1. Sugarcane  husk\40.jpg; data\raw\organic\BDWaste\1. Sugarcane  husk\41.jpg
NEAR_DHASH,4a0a02614142c000,2,BDWaste_Organic,BDWaste_Organic::1. Sugarcane  husk,data\raw\organic\BDWaste\1. Sugarcane  husk\43.jpg; data\raw\organic\BDWaste\1. Sugarcane  husk\44.jpg
NEAR_DHASH,6323a0b8f83b3dd9,2,BDWaste_Organic,BDWaste_Organic::1. Sugarcane  husk,data\raw\organic\BDWaste\1. Sugarcane  husk\50.jpg; data\raw\organic\BDWaste\1. Sugarcane  husk\57.jpg
NEAR_DHASH,6323a8b8f83b3dd9,2,BDWaste_Organic,BDWaste_Organic::1. Sugarcane  husk,data\raw\organic\BDWaste\1. Sugarcane  husk\53.jpg; data\raw\organic\BDWaste\1. Sugarcane  husk\54.jpg
NEAR_DHASH,6323b8b8d83a3dd8,3,BDWaste_Organic,BDWaste_Organic::1. Sugarcane  husk,data\raw\organic\BDWaste\1. Sugarcane  husk\63.jpg; data\raw\organic\BDWaste\1. Sugarcane  husk\67.jpg; data\raw\organic\BDWaste\1. Sugarcane  husk\70.jpg
NEAR_DHASH,6323f8b8d83a3dd8,2,BDWaste_Organic,BDWaste_Organic::1. Sugarcane  husk,data\raw\organic\BDWaste\1. Sugarcane  husk\64.jpg; data\raw\organic\BDWaste\1. Sugarcane  husk\65.jpg
NEAR_DHASH,420202414142c080,2,BDWaste_Organic,BDWaste_Organic::1. Sugarcane  husk,data\raw\organic\BDWaste\1. Sugarcane  husk\80.jpg; data\raw\organic\BDWaste\1. Sugarcane  husk\82.jpg
NEAR_DHASH,020202414142c080,2,BDWaste_Organic,BDWaste_Organic::1. Sugarcane  husk,data\raw\organic\BDWaste\1. Sugarcane  husk\81.jpg; data\raw\organic\BDWaste\1. Sugarcane  husk\83.jpg
NEAR_DHASH,8f8f8fcedecece0f,2,BDWaste_Organic,BDWaste_Organic::10. Coffee  cup,data\raw\organic\BDWaste\10. Coffee  cup\122(1).jpg; data\raw\organic\BDWaste\10. Coffee  cup\2.jpg
NEAR_DHASH,969599979e6e6f3f,2,BDWaste_Organic,BDWaste_Organic::10. Coffee  cup,data\raw\organic\BDWaste\10. Coffee  cup\42.jpg; data\raw\organic\BDWaste\10. Coffee  cup\47.jpg
NEAR_DHASH,c55e5e3f7bfdbdbc,2,BDWaste_Organic,BDWaste_Organic::10. Coffee  cup,data\raw\organic\BDWaste\10. Coffee  cup\43.jpg; data\raw\organic\BDWaste\10. Coffee  cup\98.jpg
NEAR_DHASH,6aa2123131115161,5,BDWaste_Organic,BDWaste_Organic::2. Fish ash,data\raw\organic\BDWaste\2. Fish ash\1.jpg; data\raw\organic\BDWaste\2. Fish ash\24.jpg; data\raw\organic\BDWaste\2. Fish ash\26.jpg; data\raw\organic\BDWaste\2. Fish ash\27.jpg; data\raw\organic\BDWaste\2. Fish ash\6.jpg
NEAR_DHASH,6ab3923131115161,4,BDWaste_Organic,BDWaste_Organic::2. Fish ash,data\raw\organic\BDWaste\2. Fish ash\10.jpg; data\raw\organic\BDWaste\2. Fish ash\11.jpg; data\raw\organic\BDWaste\2. Fish ash\5.jpg; data\raw\organic\BDWaste\2. Fish ash\91.jpg
NEAR_DHASH,6abb127139114161,2,BDWaste_Organic,BDWaste_Organic::2. Fish ash,data\raw\organic\BDWaste\2. Fish ash\100.jpg; data\raw\organic\BDWaste\2. Fish ash\54.jpg
NEAR_DHASH,6abb123139114161,4,BDWaste_Organic,BDWaste_Organic::2. Fish ash,data\raw\organic\BDWaste\2. Fish ash\101.jpg; data\raw\organic\BDWaste\2. Fish ash\33.jpg; data\raw\organic\BDWaste\2. Fish ash\64.jpg; data\raw\organic\BDWaste\2. Fish ash\65.jpg
NEAR_DHASH,62b3327131114161,3,BDWaste_Organic,BDWaste_Organic::2. Fish ash,data\raw\organic\BDWaste\2. Fish ash\103.jpg; data\raw\organic\BDWaste\2. Fish ash\106.jpg; data\raw\organic\BDWaste\2. Fish ash\109.jpg
NEAR_DHASH,6ab3323131114161,5,BDWaste_Organic,BDWaste_Organic::2. Fish ash,data\raw\organic\BDWaste\2. Fish ash\105.jpg; data\raw\organic\BDWaste\2. Fish ash\107.jpg; data\raw\organic\BDWaste\2. Fish ash\108.jpg; data\raw\organic\BDWaste\2. Fish ash\110.jpg; data\raw\organic\BDWaste\2. Fish ash\32.jpg
NEAR_DHASH,6ab3327131114161,8,BDWaste_Organic,BDWaste_Organic::2. Fish ash,data\raw\organic\BDWaste\2. Fish ash\111.jpg; data\raw\organic\BDWaste\2. Fish ash\46.jpg; data\raw\organic\BDWaste\2. Fish ash\48.jpg; data\raw\organic\BDWaste\2. Fish ash\53.jpg; data\raw\organic\BDWaste\2. Fish ash\56.jpg; data\raw\organic\BDWaste\2. Fish ash\59.jpg; data\raw\organic\BDWaste\2. Fish ash\60.jpg; data\raw\organic\BDWaste\2. Fish ash\71.jpg
NEAR_DHASH,7aaa123131114161,3,BDWaste_Organic,BDWaste_Organic::2. Fish ash,data\raw\organic\BDWaste\2. Fish ash\12.jpg; data\raw\organic\BDWaste\2. Fish ash\15.jpg; data\raw\organic\BDWaste\2. Fish ash\25.jpg
NEAR_DHASH,7aaa123131115161,5,BDWaste_Organic,BDWaste_Organic::2. Fish ash,data\raw\organic\BDWaste\2. Fish ash\13.jpg; data\raw\organic\BDWaste\2. Fish ash\14.jpg; data\raw\organic\BDWaste\2. Fish ash\16.jpg; data\raw\organic\BDWaste\2. Fish ash\29.jpg; data\raw\organic\BDWaste\2. Fish ash\31.jpg
NEAR_DHASH,7aa2123131115161,3,BDWaste_Organic,BDWaste_Organic::2. Fish ash,data\raw\organic\BDWaste\2. Fish ash\18.jpg; data\raw\organic\BDWaste\2. Fish ash\28.jpg; data\raw\organic\BDWaste\2. Fish ash\30.jpg
NEAR_DHASH,62b3123131115161,2,BDWaste_Organic,BDWaste_Organic::2. Fish ash,data\raw\organic\BDWaste\2. Fish ash\19.jpg; data\raw\organic\BDWaste\2. Fish ash\35.jpg
NEAR_DHASH,6ab3123131115161,8,BDWaste_Organic,BDWaste_Organic::2. Fish ash,data\raw\organic\BDWaste\2. Fish ash\2.jpg; data\raw\organic\BDWaste\2. Fish ash\20.jpg; data\raw\organic\BDWaste\2. Fish ash\21.jpg; data\raw\organic\BDWaste\2. Fish ash\22.jpg; data\raw\organic\BDWaste\2. Fish ash\34.jpg; data\raw\organic\BDWaste\2. Fish ash\36.jpg; data\raw\organic\BDWaste\2. Fish ash\41.jpg; data\raw\organic\BDWaste\2. Fish ash\8.jpg
NEAR_DHASH,6aa3123131115161,2,BDWaste_Organic,BDWaste_Organic::2. Fish ash,data\raw\organic\BDWaste\2. Fish ash\23.jpg; data\raw\organic\BDWaste\2. Fish ash\3.jpg
NEAR_DHASH,62b3927131115161,2,BDWaste_Organic,BDWaste_Organic::2. Fish ash,data\raw\organic\BDWaste\2. Fish ash\37.jpg; data\raw\organic\BDWaste\2. Fish ash\38.jpg
NEAR_DHASH,6ab3927131115161,5,BDWaste_Organic,BDWaste_Organic::2. Fish ash,data\raw\organic\BDWaste\2. Fish ash\39.jpg; data\raw\organic\BDWaste\2. Fish ash\92.jpg; data\raw\organic\BDWaste\2. Fish ash\93.jpg; data\raw\organic\BDWaste\2. Fish ash\94.jpg; data\raw\organic\BDWaste\2. Fish ash\96.jpg
NEAR_DHASH,6aab123131115161,3,BDWaste_Organic,BDWaste_Organic::2. Fish ash,data\raw\organic\BDWaste\2. Fish ash\4.jpg; data\raw\organic\BDWaste\2. Fish ash\7.jpg; data\raw\organic\BDWaste\2. Fish ash\9.jpg
NEAR_DHASH,6abb323139114161,4,BDWaste_Organic,BDWaste_Organic::2. Fish ash,data\raw\organic\BDWaste\2. Fish ash\43.jpg; data\raw\organic\BDWaste\2. Fish ash\50.jpg; data\raw\organic\BDWaste\2. Fish ash\55.jpg; data\raw\organic\BDWaste\2. Fish ash\57.jpg
NEAR_DHASH,6ab3b27131114161,2,BDWaste_Organic,BDWaste_Organic::2. Fish ash,data\raw\organic\BDWaste\2. Fish ash\45.jpg; data\raw\organic\BDWaste\2. Fish ash\52.jpg
NEAR_DHASH,6abb327139114161,3,BDWaste_Organic,BDWaste_Organic::2. Fish ash,data\raw\organic\BDWaste\2. Fish ash\47.jpg; data\raw\organic\BDWaste\2. Fish ash\49.jpg; data\raw\organic\BDWaste\2. Fish ash\68.jpg
NEAR_DHASH,62b3326121114161,2,BDWaste_Organic,BDWaste_Organic::2. Fish ash,data\raw\organic\BDWaste\2. Fish ash\62.jpg; data\raw\organic\BDWaste\2. Fish ash\63.jpg
NEAR_DHASH,6abb927139115161,2,BDWaste_Organic,BDWaste_Organic::2. Fish ash,data\raw\organic\BDWaste\2. Fish ash\67.jpg; data\raw\organic\BDWaste\2. Fish ash\95.jpg
NEAR_DHASH,6aaa9a3939194879,2,BDWaste_Organic,BDWaste_Organic::2. Fish ash,data\raw\organic\BDWaste\2. Fish ash\77.jpg; data\raw\organic\BDWaste\2. Fish ash\78.jpg
NEAR_DHASH,6aa81a39391968b8,2,BDWaste_Organic,BDWaste_Organic::2. Fish ash,data\raw\organic\BDWaste\2. Fish ash\81.jpg; data\raw\organic\BDWaste\2. Fish ash\82.jpg
NEAR_DHASH,6ab2927031115161,4,BDWaste_Organic,BDWaste_Organic::2. Fish ash,data\raw\organic\BDWaste\2. Fish ash\87.jpg; data\raw\organic\BDWaste\2. Fish ash\88.jpg; data\raw\organic\BDWaste\2. Fish ash\89.jpg; data\raw\organic\BDWaste\2. Fish ash\90.jpg
NEAR_DHASH,6ab3927131114161,2,BDWaste_Organic,BDWaste_Organic::2. Fish ash,data\raw\organic\BDWaste\2. Fish ash\97.jpg; data\raw\organic\BDWaste\2. Fish ash\98.jpg
NEAR_DHASH,4ecca93359aaeaec,2,BDWaste_Organic,BDWaste_Organic::3. Potato Peel,data\raw\organic\BDWaste\3. Potato Peel\130.jpg; data\raw\organic\BDWaste\3. Potato Peel\62.jpg
NEAR_DHASH,0f9c79a3d438634e,2,BDWaste_Organic,BDWaste_Organic::3. Potato Peel,data\raw\organic\BDWaste\3. Potato Peel\64.jpg; data\raw\organic\BDWaste\3. Potato Peel\a3a.jpg
NEAR_DHASH,cc687ccc6ebcf86c,2,BDWaste_Organic,BDWaste_Organic::3. Potato Peel,data\raw\organic\BDWaste\3. Potato Peel\72.jpg; data\raw\organic\BDWaste\3. Potato Peel\73.jpg
NEAR_DHASH,ff63355313b7ebef,2,BDWaste_Organic,BDWaste_Organic::5. Mango Peel,data\raw\organic\BDWaste\5. Mango Peel\11.jpg; data\raw\organic\BDWaste\5. Mango Peel\12.jpg
NEAR_DHASH,ea8ba16b2b61a9a9,2,BDWaste_Organic,BDWaste_Organic::5. Mango Peel,data\raw\organic\BDWaste\5. Mango Peel\116.jpg; data\raw\organic\BDWaste\5. Mango Peel\117.jpg
NEAR_DHASH,ef633b3332afcbdf,3,BDWaste_Organic,BDWaste_Organic::5. Mango Peel,data\raw\organic\BDWaste\5. Mango Peel\19.jpg; data\raw\organic\BDWaste\5. Mango Peel\22.jpg; data\raw\organic\BDWaste\5. Mango Peel\45.jpg
NEAR_DHASH,ef63331332afcbcf,2,BDWaste_Organic,BDWaste_Organic::5. Mango Peel,data\raw\organic\BDWaste\5. Mango Peel\21.jpg; data\raw\organic\BDWaste\5. Mango Peel\23.jpg
NEAR_DHASH,ff63331332bfcbcf,2,BDWaste_Organic,BDWaste_Organic::5. Mango Peel,data\raw\organic\BDWaste\5. Mango Peel\24.jpg; data\raw\organic\BDWaste\5. Mango Peel\25.jpg
NEAR_DHASH,ff633b1332bfcbcf,3,BDWaste_Organic,BDWaste_Organic::5. Mango Peel,data\raw\organic\BDWaste\5. Mango Peel\26.jpg; data\raw\organic\BDWaste\5. Mango Peel\27.jpg; data\raw\organic\BDWaste\5. Mango Peel\29.jpg
NEAR_DHASH,ef633b1336afcbdf,6,BDWaste_Organic,BDWaste_Organic::5. Mango Peel,data\raw\organic\BDWaste\5. Mango Peel\30.jpg; data\raw\organic\BDWaste\5. Mango Peel\31.jpg; data\raw\organic\BDWaste\5. Mango Peel\41.jpg; data\raw\organic\BDWaste\5. Mango Peel\44.jpg; data\raw\organic\BDWaste\5. Mango Peel\46.jpg; data\raw\organic\BDWaste\5. Mango Peel\50.jpg
NEAR_DHASH,ef633b3336afcbdf,5,BDWaste_Organic,BDWaste_Organic::5. Mango Peel,data\raw\organic\BDWaste\5. Mango Peel\32.jpg; data\raw\organic\BDWaste\5. Mango Peel\33.jpg; data\raw\organic\BDWaste\5. Mango Peel\37.jpg; data\raw\organic\BDWaste\5. Mango Peel\38.jpg; data\raw\organic\BDWaste\5. Mango Peel\39.jpg
NEAR_DHASH,ef636b3336afcbcf,3,BDWaste_Organic,BDWaste_Organic::5. Mango Peel,data\raw\organic\BDWaste\5. Mango Peel\34.jpg; data\raw\organic\BDWaste\5. Mango Peel\35.jpg; data\raw\organic\BDWaste\5. Mango Peel\36.jpg
NEAR_DHASH,ef633b3336abcbdf,9,BDWaste_Organic,BDWaste_Organic::5. Mango Peel,data\raw\organic\BDWaste\5. Mango Peel\40.jpg; data\raw\organic\BDWaste\5. Mango Peel\42.jpg; data\raw\organic\BDWaste\5. Mango Peel\43.jpg; data\raw\organic\BDWaste\5. Mango Peel\51.jpg; data\raw\organic\BDWaste\5. Mango Peel\52.jpg; data\raw\organic\BDWaste\5. Mango Peel\53.jpg; data\raw\organic\BDWaste\5. Mango Peel\54.jpg; data\raw\organic\BDWaste\5. Mango Peel\55.jpg; data\raw\organic\BDWaste\5. Mango Peel\56.jpg
NEAR_DHASH,ef63331332bfcbcf,2,BDWaste_Organic,BDWaste_Organic::5. Mango Peel,data\raw\organic\BDWaste\5. Mango Peel\47.jpg; data\raw\organic\BDWaste\5. Mango Peel\48.jpg
NEAR_DHASH,fb61755313b7e7ef,2,BDWaste_Organic,BDWaste_Organic::5. Mango Peel,data\raw\organic\BDWaste\5. Mango Peel\5.jpg; data\raw\organic\BDWaste\5. Mango Peel\6.jpg
NEAR_DHASH,ef632b3336abcbdf,2,BDWaste_Organic,BDWaste_Organic::5. Mango Peel,data\raw\organic\BDWaste\5. Mango Peel\57.jpg; data\raw\organic\BDWaste\5. Mango Peel\59.jpg
NEAR_DHASH,fb63735317b3e9ed,3,BDWaste_Organic,BDWaste_Organic::5. Mango Peel,data\raw\organic\BDWaste\5. Mango Peel\62.jpg; data\raw\organic\BDWaste\5. Mango Peel\63.jpg; data\raw\organic\BDWaste\5. Mango Peel\75.jpg
NEAR_DHASH,eb33535317b3e9ed,4,BDWaste_Organic,BDWaste_Organic::5. Mango Peel,data\raw\organic\BDWaste\5. Mango Peel\65.jpg; data\raw\organic\BDWaste\5. Mango Peel\67.jpg; data\raw\organic\BDWaste\5. Mango Peel\68.jpg; data\raw\organic\BDWaste\5. Mango Peel\69.jpg
NEAR_DHASH,fb33735317b3e9ed,2,BDWaste_Organic,BDWaste_Organic::5. Mango Peel,data\raw\organic\BDWaste\5. Mango Peel\70.jpg; data\raw\organic\BDWaste\5. Mango Peel\74.jpg
NEAR_DHASH,fb73735317b3e9ed,2,BDWaste_Organic,BDWaste_Organic::5. Mango Peel,data\raw\organic\BDWaste\5. Mango Peel\72.jpg; data\raw\organic\BDWaste\5. Mango Peel\73.jpg
NEAR_DHASH,ebc3e3727663c9cf,2,BDWaste_Organic,BDWaste_Organic::5. Mango Peel,data\raw\organic\BDWaste\5. Mango Peel\85.jpg; data\raw\organic\BDWaste\5. Mango Peel\88.jpg
NEAR_DHASH,ebc3e37276e3c9cf,2,BDWaste_Organic,BDWaste_Organic::5. Mango Peel,data\raw\organic\BDWaste\5. Mango Peel\89.jpg; data\raw\organic\BDWaste\5. Mango Peel\95.jpg
NEAR_DHASH,2fbaeeef2f7aeecf,2,BDWaste_Organic,BDWaste_Organic::7. Shell of Malta,data\raw\organic\BDWaste\7. Shell of Malta\(98).jpg; data\raw\organic\BDWaste\7. Shell of Malta\(99).jpg
NEAR_DHASH,4e8d060b0d0f692f,2,BDWaste_Organic,BDWaste_Organic::9. Banana peel,data\raw\organic\BDWaste\9. Banana peel\102.jpg; data\raw\organic\BDWaste\9. Banana peel\103.jpg
